subject_code,subject,tik_number,tik_name,tik_classifier_id,uik_count,uik_voting_address_count,missing_uik_voting_address_count,tik_address_present,tik_phone_present,fallback_present,priority_missing_uiks
0,Территория за пределами РФ,99,Территория за пределами РФ,d0cc2fa5-1fbc-4c3d-aa43-1e0051c7f130,312,0,312,0,0,0,312
51,Мурманская область,10,Мурманская,7f472a15-07d6-49d0-a2c2-7e96d3d76e6d,251,0,251,0,0,0,251
50,Московская область,1,Люберцы (122 округ ГД),e8c7809e-54c3-4a4c-a7c7-36b6d7ef92ae,198,0,198,0,0,0,198
50,Московская область,1,Балашиха (118 округ ГД),02ae7869-ec8f-4a68-9e44-c322df71da96,187,0,187,0,0,0,187
50,Московская область,1,Одинцовский (124 округ ГД),5aa3fe19-85ef-4816-95e0-e3659987c6c4,176,0,176,0,0,0,176
50,Московская область,1,Сергиево-Посадский (127 округ ГД),8ae684b2-4c08-4a64-bbd4-7dfaee19c25b,153,0,153,0,0,0,153
25,Приморский край,42,ТИК Морская города Владивостока,528ef28b-a8b5-46ea-9739-b3d64eaf049c,152,0,152,0,0,0,152
50,Московская область,1,Подольск (126 округ ГД),a4ad0962-fb6c-409c-a36b-b3d2a0bb41b3,141,0,141,0,0,0,141
64,Саратовская область,46,Энгельсская,44ff73b4-e8fd-4871-9b53-07f96e4b9fac,138,0,138,0,0,0,138
50,Московская область,6,Красногорск (121 округ ГД),3efdbfed-46d6-45d3-9a9e-480222359b01,133,0,133,0,0,0,133
86,Ханты-Мансийский автономный округ - Югра,18,Сургутская городская,3fe35f80-a4d0-4691-b186-ddf25394ac17,130,0,130,0,0,0,130
25,Приморский край,19,ТИК города Находки,e7ce1729-60da-4ec1-a500-053b7740773e,129,0,129,0,0,0,129
50,Московская область,1,Богородский (129 округ ГД),8401dd74-fd25-4f0e-b7e1-b6d3b7e2192e,129,0,129,0,0,0,129
36,Воронежская область,10,"Воронеж, Коминтерновская",610c583f-fa76-4648-8550-e715318bf23c,128,0,128,0,0,0,128
14,Республика Саха (Якутия),35,Якутская городская,0d46e000-b905-4858-bb75-dccd1c2a89f2,127,0,127,0,0,0,127
50,Московская область,1,Коломна (120 округ ГД),7b804d3f-0f42-4d9c-ab43-5bc9cfd1c7e0,127,0,127,0,0,0,127
63,Самарская область,40,"Тольятти, Автозаводская",2c6df9a1-872a-4421-a6c8-1d0ff4017c3f,127,0,127,0,0,0,127
50,Московская область,1,Орехово-Зуевский (125 округ ГД),6d0aa3b0-3a1f-45be-a2be-2128488b5306,126,0,126,0,0,0,126
50,Московская область,6,Щёлково (129 округ ГД),51079fb4-7a75-412a-8a1b-3465b1ccaa70,125,0,125,0,0,0,125
35,Вологодская область,26,Череповецкая городская,df1cc9fb-7dc0-4db3-ac40-95357442f8c4,121,0,121,0,0,0,121
3,Республика Башкортостан,49,Стерлитамакская городская,001c7598-1571-4d6f-98fa-37dd1e532d11,119,0,119,0,0,0,119
50,Московская область,2,Химки (119 округ ГД),7c58d872-d575-406d-a4fe-548712040d12,119,0,119,0,0,0,119
78,город Санкт-Петербург,216,ТИК № 41(216),9c89b3ef-1559-487b-be1a-16723a38a6f3,152,35,117,0,0,0,117
50,Московская область,3,Пушкинский (127 округ ГД),31cda307-34fd-4945-b6de-53a63518a319,116,0,116,0,0,0,116
28,Амурская область,5,города Благовещенск,8846c698-f804-485a-aefe-feb3dde1741e,115,0,115,0,0,0,115
16,Республика Татарстан (Татарстан),35,"Казань, Советская",6125f9fc-dbcd-4877-91cf-467c9fcffa6d,113,0,113,0,0,0,113
50,Московская область,2,Серпухов (128 округ ГД),f2abbaad-528c-4159-9ca7-2f8e4c0adbf5,110,0,110,0,0,0,110
55,Омская область,33,"Омск, ТИК по Кировскому АО",87bb42fe-4c8d-4bdb-99a4-c414807afd91,107,0,107,0,0,0,107
61,Ростовская область,61,Шахтинская городская,9de7c472-a035-4bd9-a71b-d2ce5c884047,106,0,106,0,0,0,106
25,Приморский край,28,ТИК города Уссурийска,91d096b7-f358-48ce-8848-695ad3e9e3db,105,0,105,0,0,0,105
50,Московская область,1,Дмитровский (119 округ ГД),bb6657e0-4fff-4d57-a4b5-c2e78f2bda71,105,0,105,0,0,0,105
50,Московская область,5,Наро-Фоминский (124 округ ГД),d8f40ee8-1ca2-4b50-82dd-daf0e90942f2,105,0,105,0,0,0,105
63,Самарская область,33,"Самара, Промышленная",cddf8110-c629-4e87-8c25-18fefa140161,104,0,104,0,0,0,104
31,Белгородская область,3,Белгородская районная,9259a087-5e3b-4d90-8628-f22326d5695a,103,0,103,0,0,0,103
38,Иркутская область,2,Ангарская,26a30929-ce35-427e-9a94-e5ced10e9086,103,0,103,0,0,0,103
7,Кабардино-Балкарская Республика,6,Нальчикская городская,0a73f684-fe2e-4a80-91f9-0b5f3f2fb16b,102,0,102,0,0,0,102
50,Московская область,1,Мытищи (123 округ ГД),b1a4cbbd-fab8-4df0-a986-d91e1d565151,102,0,102,0,0,0,102
50,Московская область,2,Домодедово (126 округ ГД),49d14fb1-cbd4-4644-9b7a-9fa865587c2f,102,0,102,0,0,0,102
50,Московская область,4,Раменский (128 округ ГД),4c59aea0-9e97-4073-92b1-a3c349f0c676,102,0,102,0,0,0,102
54,Новосибирская область,28,Ленинский район города Новосибирска,bfa157af-de3e-4e80-aa28-68f1f5d0d68c,101,0,101,0,0,0,101
55,Омская область,36,"Омск, ТИК по Советскому АО",2a559abd-fb04-4801-a40c-443a67c54b91,99,0,99,0,0,0,99
64,Саратовская область,5,Балаковская,b5aff37a-0c7b-49ae-a0ba-db6d7da540fb,99,0,99,0,0,0,99
38,Иркутская область,7,Братская городская,7c0d33ca-0cef-4811-b859-cf046e13f312,96,0,96,0,0,0,96
53,Новгородская область,11,Новгородcкая городская,dad89a89-7dcd-4b56-b3e6-4734f61e004f,95,0,95,0,0,0,95
16,Республика Татарстан (Татарстан),34,"Казань, Приволжская",7068110e-d310-4147-99a2-2f1a0402eb26,93,0,93,0,0,0,93
72,Тюменская область,20,Калининская ТИК,b73847f9-18d2-49e2-9f4a-dee4ee355a8c,93,0,93,0,0,0,93
34,Волгоградская область,11,Волжская городская,cd26644a-96ae-4312-9b47-70135ecf2bea,92,0,92,0,0,0,92
63,Самарская область,28,"Самара, Кировская",a2d2f3eb-8902-4339-ab1e-e7767d7d6906,92,0,92,0,0,0,92
3,Республика Башкортостан,57,"г. Уфа, Октябрьская",b78769f6-f402-42ae-9e33-de78e136083d,91,0,91,0,0,0,91
23,Краснодарский край,2,Анапская,7d225d46-d7f4-4d9d-b74b-52c1e39add67,91,0,91,0,0,0,91
36,Воронежская область,13,"Воронеж, Советская",67c424f0-66b5-4f8d-9d90-81858ef56ccc,91,0,91,0,0,0,91
50,Московская область,2,Королев (123 округ ГД),e04eb083-ba3f-4367-bcde-1e798401dd61,91,0,91,0,0,0,91
39,Калининградская область,9,"Калининград, Московская",91a33566-b819-4e35-8bff-331c6a489bea,90,0,90,0,0,0,90
11,Республика Коми,12,Сыктывкарская городская,3599b674-54e1-4dfc-a211-a26fb894e44d,87,0,87,0,0,0,87
50,Московская область,4,Солнечногорск (119 округ ГД),6d32240d-06d1-4bc3-8970-038315e9d851,86,0,86,0,0,0,86
50,Московская область,5,Клин (121 округ ГД),b17f6c0d-0259-4d41-aff3-44c1a543eeff,86,0,86,0,0,0,86
61,Ростовская область,33,Неклиновская,3dad1e96-f6a4-4633-848d-327b6e3f8fd1,86,0,86,0,0,0,86
72,Тюменская область,22,Центральная ТИК,5a713682-e4ed-4bf2-9418-16a3ac3732c3,86,0,86,0,0,0,86
36,Воронежская область,20,Лискинская,f8a965ce-42ff-472e-a283-f7166623ace7,85,0,85,0,0,0,85
50,Московская область,5,Чехов (128 округ ГД),7820f1ba-a29e-4c5c-a97b-4d70197df30f,85,0,85,0,0,0,85
3,Республика Башкортостан,55,"г. Уфа, Кировская",d15c23bf-580d-49f9-8b12-d0966f2ecc69,84,0,84,0,0,0,84
3,Республика Башкортостан,75,Туймазинская,c2bbd190-825f-4982-9851-a0fd5f8c9d82,84,0,84,0,0,0,84
16,Республика Татарстан (Татарстан),50,Нижнекамская городская,936b8c0a-d231-4553-95d1-82473acaf662,84,0,84,0,0,0,84
33,Владимирская область,6,Муром округ,c8fc7cdb-4776-4a39-8855-fe85c1877831,84,0,84,0,0,0,84
65,Сахалинская область,18,Южно-Сахалинская городская,3b07fb88-69c4-4c66-9f69-7eb2ba892a2e,84,0,84,0,0,0,84
72,Тюменская область,19,Тюменская ТИК,6e2281b9-11d1-4977-bd25-908db3800e70,84,0,84,0,0,0,84
95,Донецкая Народная Республика,20,ТИК №20,a9dd1e39-f896-46c3-a24f-202e86afad0b,84,0,84,0,0,0,84
38,Иркутская область,25,Нижнеудинская,789a3d1d-97a1-4c35-8b90-38bacbe25044,83,0,83,0,0,0,83
50,Московская область,2,Воскресенск (120 округ ГД),61706eb4-3955-4799-8bd8-c8a3dfe46c21,83,0,83,0,0,0,83
55,Омская область,34,"Омск, ТИК по Ленинскому АО",29af5e1c-bf25-4cab-8068-a09273382323,83,0,83,0,0,0,83
63,Самарская область,39,Сызранская городская,a7dd0a52-3f90-443d-91df-78435a3dbbd9,83,0,83,0,0,0,83
70,Томская область,21,Территориальная избирательная комиссия Томского района,cbf70a62-8af8-4be6-9c9e-67ba6b843a59,82,0,82,0,0,0,82
90,Пермский край,46,Кунгурская,2d35c690-5b4a-492c-be4a-e3d9adac2020,83,1,82,0,0,0,82
55,Омская область,37,"Омск, ТИК № 1 по Центральный АО",2a0acb9c-1d08-416c-b238-64dd97a7f04f,81,0,81,0,0,0,81
61,Ростовская область,2,Азовская,04d41a65-3943-47d1-9228-b3aa9e2aa1d5,81,0,81,0,0,0,81
72,Тюменская область,29,Восточная ТИК,38a847d8-80d7-4686-82bd-d58026485e85,81,0,81,0,0,0,81
60,Псковская область,20,Псковская городская,96c77aaf-a49a-4921-9507-0271546db01b,80,0,80,0,0,0,80
19,Республика Хакасия,1,Абаканская городская,39841e22-1baf-44d5-8106-bbf57d900687,79,0,79,0,0,0,79
39,Калининградская область,8,"Калининград, Ленинградская",f7f37665-08ee-4789-8b16-a27a236ca4e5,79,0,79,0,0,0,79
65,Сахалинская область,19,Невельская судовая,71db345d-8b4f-4c25-aed2-52ec8d2350dc,79,0,79,0,0,0,79
21,Чувашская Республика - Чувашия,22,"Чебоксары, Московская",51fe5595-4eb0-4f8e-a88d-958a8651bd1d,78,0,78,0,0,0,78
26,Ставропольский край,27,Пятигорская городская,89f73d46-a238-40d8-9e20-877bd4643bf0,78,0,78,0,0,0,78
36,Воронежская область,11,"Воронеж, Левобережная",6c992263-67d8-4faa-98cf-2e3bdcf3c318,78,0,78,0,0,0,78
38,Иркутская область,16,Иркутская городская N 4,75517ede-98e8-4456-8102-ff8a206edfd6,78,0,78,0,0,0,78
16,Республика Татарстан (Татарстан),33,"Казань, Ново-Савиновская",e3172f43-835f-416f-b3d8-74784df58408,77,0,77,0,0,0,77
24,Красноярский край,66,Территориальная избирательная комиссия Назаровского округа Красноярского края,c8ca648c-381d-44c3-9bba-ee77a475338e,77,0,77,0,0,0,77
64,Саратовская область,6,Балашовская,9bfc7674-1e9b-4c14-ab2b-5d1476050c35,77,0,77,0,0,0,77
4,Республика Бурятия,23,"Улан-Удэ, Октябрьская",bb0fa907-184d-4f1c-bf51-6a0acd39946d,76,0,76,0,0,0,76
50,Московская область,2,Ленинский (122 округ ГД),7824fc32-02ed-4330-9cd9-8acbf19a26c5,76,0,76,0,0,0,76
50,Московская область,3,Павлово-Посадский (125 округ ГД),f493cd92-fec7-4d5e-99ba-d2d645a616ad,76,0,76,0,0,0,76
3,Республика Башкортостан,7,Баймакская,dd291e8a-bd10-42ec-b0c9-593d39548d48,75,0,75,0,0,0,75
23,Краснодарский край,4,Армавирская,ab9ac9c4-9f9a-41a9-9018-8bddd8421c86,75,0,75,0,0,0,75
38,Иркутская область,32,Тайшетская,6beb84c2-0f8d-4af5-9317-b47705aaa60b,75,0,75,0,0,0,75
50,Московская область,4,Электросталь (125 округ ГД),893c0f73-9678-4ae1-88e3-7ff4073b2b33,75,0,75,0,0,0,75
71,Тульская область,16,Новомосковская,d6c1bca1-d906-49c0-9df0-0158986eaba3,76,1,75,0,0,0,75
4,Республика Бурятия,9,Кабанская,8ccb7172-f28f-4cde-916b-ddbb0c4b51b9,74,0,74,0,0,0,74
23,Краснодарский край,6,Белореченская,d8e354b5-c832-4131-803e-03a7162550a1,74,0,74,0,0,0,74
25,Приморский край,26,ТИК района Спасск-Дальний,db8f21a5-e68a-4678-8ac1-cf1f58b07c90,74,0,74,0,0,0,74
3,Республика Башкортостан,29,Ишимбайская,a4c958dc-c40c-4456-b646-231187194af7,73,0,73,0,0,0,73
54,Новосибирская область,29,Октябрьский район города Новосибирска,1a6ce925-dd15-4dbd-95c9-01ffb74b921b,73,0,73,0,0,0,73
55,Омская область,35,"Омск, ТИК по Октябрьскому АО",65b6de94-1c96-4845-959d-e25baaf831ac,73,0,73,0,0,0,73
90,Пермский край,32,"Пермь, Мотовилихинская",306babfd-5dfc-47b7-9938-141d03615dbd,74,1,73,0,0,0,73
5,Республика Дагестан,46,Хасавюртовская,b66fdb1e-9ded-47b7-927b-d02acd7dfa1a,72,0,72,0,0,0,72
24,Красноярский край,25,Территориальная избирательная комиссия Канского округа Красноярского края,09b19cb1-b8c0-4d05-8457-14c5837dac42,72,0,72,0,0,0,72
54,Новосибирская область,27,Кировский район города Новосибирска,c920511a-cbac-453d-abe6-b2a3926248c5,72,0,72,0,0,0,72
64,Саратовская область,9,Вольская,6b60e4e9-f981-48f8-90ec-1e17fd9c5c25,72,0,72,0,0,0,72
90,Пермский край,3,Березниковская,e04e9de9-ff30-4b14-9c23-969f72009207,73,1,72,0,0,0,72
23,Краснодарский край,26,Крымская,8bd4784a-878a-4484-b9bd-c63947d76acb,71,0,71,0,0,0,71
61,Ростовская область,3,Аксайская,29ea2651-986e-49c6-ba6c-7bc8dd5c08de,71,0,71,0,0,0,71
3,Республика Башкортостан,12,Белорецкая,94e94d8e-6b71-494a-b833-f2e1858126a2,70,0,70,0,0,0,70
23,Краснодарский край,41,Северская,652cc601-8e90-4455-b54c-af267911219c,70,0,70,0,0,0,70
33,Владимирская область,8,Александровская,99fed2af-1cf7-477e-9a86-f1b50bf6ace0,70,0,70,0,0,0,70
61,Ростовская область,6,Белокалитвинская,b03dcaba-c82a-4767-a68b-5dc8ee170990,70,0,70,0,0,0,70
76,Ярославская область,17,"Ярославль, Дзержинская",d7b1a156-75a7-4cd4-a503-04dda6268d05,70,0,70,0,0,0,70
1,Республика Адыгея (Адыгея),5,Майкопская городская,5839b67e-e834-4609-8ee5-047e72e9f24b,69,0,69,0,0,0,69
3,Республика Башкортостан,54,"г. Уфа, Калининская",974a39ee-f798-44df-9555-2f8d1dd96080,69,0,69,0,0,0,69
24,Красноярский край,33,Территориальная избирательная комиссия Октябрьского района города Красноярска,8b452755-a05d-4268-be51-21582529bf88,69,0,69,0,0,0,69
25,Приморский край,6,ТИК Первомайского района города Владивостока,1045d617-3165-41e8-aea7-7a8cbafd64f5,69,0,69,0,0,0,69
33,Владимирская область,9,Вязниковская,ea2963bc-e077-44b4-8638-5d1d1f03958d,69,0,69,0,0,0,69
38,Иркутская область,22,Куйтунская,418079d7-2c93-42b4-bafc-d7164282a6b6,69,0,69,0,0,0,69
54,Новосибирская область,26,Калининский район города Новосибирска,8f762c0a-3b79-4af7-b8de-cba5d93a1672,69,0,69,0,0,0,69
61,Ростовская область,34,Новочеркасская городская,dbdbb501-2715-4028-ae35-db765847b8f5,69,0,69,0,0,0,69
93,Республика Крым,8,ТИК города Керчи,41473c19-3a12-46ec-873e-33abf5780249,69,0,69,0,0,0,69
10,Республика Карелия,12,Петрозаводская городская №2,61b9098e-a383-4285-b408-d49a63edf473,68,0,68,0,0,0,68
15,Республика Северная Осетия - Алания,3,ТИК Левобережной части г.Владикавказа,59362723-3160-4139-9121-acfc23ac45c6,68,0,68,0,0,0,68
16,Республика Татарстан (Татарстан),38,Кукморская,8d361d84-2ccc-4b03-adb0-c76a4706eb22,68,0,68,0,0,0,68
23,Краснодарский край,42,Славянская,43f9c80e-7c5e-481a-aa03-72b2661e4f71,68,0,68,0,0,0,68
24,Красноярский край,35,Территориальная избирательная комиссия № 1 Советского района города Красноярска,5856456d-d690-46b2-9911-6268a0c34279,68,0,68,0,0,0,68
36,Воронежская область,34,Россошанская,c5330f52-f20a-4a12-85db-ddbfb431aa28,68,0,68,0,0,0,68
45,Курганская область,10,"Курган, Западная",99dc58e9-d1ce-4af6-bf5c-7136fdc31a6c,68,0,68,0,0,0,68
61,Ростовская область,54,Таганрогская городская (восточная),cbb791c1-527e-492c-981e-388573341b3a,68,0,68,0,0,0,68
93,Республика Крым,27,ТИК города Ялты,00c01b74-ad06-4efb-83c3-6a638ad45923,68,0,68,0,0,0,68
16,Республика Татарстан (Татарстан),48,"Набережные Челны, Центральная",749b5f81-8545-4519-a35e-f7b8a6ed517c,67,0,67,0,0,0,67
21,Чувашская Республика - Чувашия,8,Канашская,7c146212-648a-46b6-8d38-5b13d0cdbddc,67,0,67,0,0,0,67
23,Краснодарский край,19,Красноармейская,f3d73ae1-67d8-46e2-8c33-0f0402c21cef,67,0,67,0,0,0,67
36,Воронежская область,9,"Воронеж, Железнодорожная",31a7ca14-33b6-4840-b437-052fb60c5ebe,67,0,67,0,0,0,67
37,Ивановская область,6,"Иваново, Ленинская",c1b29a1e-bc93-4efa-9bfd-fa7def37d4e9,67,0,67,0,0,0,67
54,Новосибирская область,23,Дзержинский район города Новосибирска,01f9c68f-d8ef-4ba5-b0fc-0f5be7545c7f,67,0,67,0,0,0,67
56,Оренбургская область,31,Оренбургская,a8bd829c-2626-40cb-a691-51c4a2e0cbd2,67,0,67,0,0,0,67
70,Томская область,19,Территориальная избирательная комиссия Октябрьского района  города Томска,c56d7eed-378b-408a-b049-35865c30d566,67,0,67,0,0,0,67
72,Тюменская область,21,Ленинская ТИК,dacf1b28-1d3b-44b5-bf06-559923ee85f8,67,0,67,0,0,0,67
91,Камчатский край,7,Петропавловск-Камчатская городская,5d7945b6-0c11-46da-a3e6-30d61490ba49,67,0,67,0,0,0,67
3,Республика Башкортостан,58,"г. Уфа, Орджоникидзевская",cb93cff5-3053-4496-82d9-919a16c4ce02,66,0,66,0,0,0,66
3,Республика Башкортостан,59,"г. Уфа, Советская",309f3af2-1e8e-4708-b4b5-b9d218e16859,66,0,66,0,0,0,66
5,Республика Дагестан,42,Табасаранская,07eca167-88d9-4f8e-b1ec-1cafae2ba6de,66,0,66,0,0,0,66
21,Чувашская Республика - Чувашия,20,"Чебоксары, Калининская",b0b1b478-28ed-4164-94fd-ee2e1804a1a5,66,0,66,0,0,0,66
24,Красноярский край,2,Территориальная избирательная комиссия № 1 Ачинского округа Красноярского края,30291390-68a3-42b0-aa18-68f657ad1160,66,0,66,0,0,0,66
48,Липецкая область,17,"Липецк, Советская",627dc66d-34c7-473f-a165-a0cc64154cfd,66,0,66,0,0,0,66
23,Краснодарский край,20,Западная г. Краснодара,0c842399-3ccd-4a7b-9a4d-a1d70057a67c,65,0,65,0,0,0,65
23,Краснодарский край,23,Центральная г. Краснодара,70bc6adb-f945-40d2-9dc4-e31bfc52972d,65,0,65,0,0,0,65
24,Красноярский край,40,Территориальная избирательная комиссия  Минусинского округа Красноярского края,90b052f5-cac0-42c1-b089-3341e7aa1fcd,65,0,65,0,0,0,65
26,Ставропольский край,20,Минераловодская,d640c381-7580-4174-963f-44eadaa30e3c,65,0,65,0,0,0,65
33,Владимирская область,5,Ковровская городская,20d7a74a-7f6f-4278-afa6-e27b639f19ef,65,0,65,0,0,0,65
45,Курганская область,9,"Курган, Восточная",8033f88a-6f65-4cf3-93fc-7dab6a0c5e8d,65,0,65,0,0,0,65
50,Московская область,3,Истра (121 округ ГД),a44ae4a9-133e-44d9-b081-32cfd445d9c9,65,0,65,0,0,0,65
50,Московская область,5,Егорьевск (125 округ ГД),5d17b357-5109-4b5e-b2f4-44f15827008c,65,0,65,0,0,0,65
50,Московская область,9,Можайский (121 округ ГД),00df600f-81c9-4f22-8378-3b339cdec250,65,0,65,0,0,0,65
61,Ростовская область,25,Красносулинская,d1e487fb-4d4e-409b-8e96-b79d5c78b954,65,0,65,0,0,0,65
63,Самарская область,35,"Самара, Советская",94f98692-9761-4489-82ba-745ed6f62841,65,0,65,0,0,0,65
71,Тульская область,23,"Тула, Пролетарская",8982d68d-5240-4e24-9079-63bf3d89aaf5,65,0,65,0,0,0,65
93,Республика Крым,6,ТИК Джанкойского района,dd02c882-517a-4b45-92ba-7dd774e13a0d,65,0,65,0,0,0,65
93,Республика Крым,20,ТИК Киевского района города Симферополя,313f9888-6a20-4cc6-b6c5-068b3f997d8f,65,0,65,0,0,0,65
10,Республика Карелия,11,Петрозаводская городская №1,d189655d-d1f6-42e7-a856-a85d34e04bf3,64,0,64,0,0,0,64
23,Краснодарский край,11,Гулькевичская,5691d992-e0a8-4969-a32c-265158e13b29,64,0,64,0,0,0,64
23,Краснодарский край,43,Адлерская г. Сочи,9b8a53f3-2fb6-4f98-87c4-71ffe3b69be9,64,0,64,0,0,0,64
32,Брянская область,2,"Брянск, Бежицкая",8a25e709-bdcd-43e9-a257-528911bb6fcf,64,0,64,0,0,0,64
61,Ростовская область,50,"Ростов-на-Дону, Советская",83171895-f983-461d-a2e0-a2c7d9c7e9e4,64,0,64,0,0,0,64
90,Пермский край,29,"Пермь, Индустриальная",1704058b-290e-4317-9f01-dba0ef97b4df,65,1,64,0,0,0,64
4,Республика Бурятия,22,"Улан-Удэ, Железнодорожная",6d0cd65a-8667-4142-8fd5-3246c41bb348,63,0,63,0,0,0,63
5,Республика Дагестан,36,"Махачкала, Советская",36cfbd25-b9e4-431c-8207-b7bb18e231b2,63,0,63,0,0,0,63
24,Красноярский край,45,Территориальная избирательная комиссия города Норильска Красноярского края,b627f762-4c7d-4c0a-a058-fcd6573eddd2,63,0,63,0,0,0,63
38,Иркутская область,13,Иркутская городская N 1,2ef8c8c3-c632-4c67-a90b-86999d860660,63,0,63,0,0,0,63
90,Пермский край,28,"Пермь, Дзержинская",464202b6-9601-4e2e-ad81-4b13051ca2ea,64,1,63,0,0,0,63
3,Республика Башкортостан,1,Абзелиловская,216c0352-3db4-469c-9fee-743a109fdc7a,62,0,62,0,0,0,62
3,Республика Башкортостан,23,Дюртюлинская,b6276c92-ecf3-4ade-9992-68ee7a2072f0,62,0,62,0,0,0,62
3,Республика Башкортостан,45,Салаватская городская,3c3e2522-0775-4cb2-b94f-1294ba8fcac3,62,0,62,0,0,0,62
16,Республика Татарстан (Татарстан),9,Альметьевская городская,f7a6598f-6bb4-4226-8afd-db74c8dfe479,62,0,62,0,0,0,62
16,Республика Татарстан (Татарстан),11,Арская,3745484e-14cf-4f3c-a87f-53266057bb57,62,0,62,0,0,0,62
38,Иркутская область,47,Иркутская районная 96,f873fb7a-247f-448d-92ef-2b9298893754,62,0,62,0,0,0,62
40,Калужская область,9,"Калуга, Ленинская",9c1bfd3d-fa7d-4b5b-b129-bfa6c0a11c16,62,0,62,0,0,0,62
69,Тверская область,6,Вышневолоцкая,818958d5-99ce-411b-97a1-1e26398491ff,62,0,62,0,0,0,62
93,Республика Крым,3,ТИК Бахчисарайского района,82d69381-d774-47cf-803a-7a4bec5321cc,62,0,62,0,0,0,62
3,Республика Башкортостан,61,Учалинская,6cef6afd-c8b7-44dc-a422-72965826725f,61,0,61,0,0,0,61
21,Чувашская Республика - Чувашия,21,"Чебоксары, Ленинская",ade1dc95-663c-4421-833e-36e2206b13eb,61,0,61,0,0,0,61
23,Краснодарский край,56,Усть-Лабинская,ad5e8a25-9bce-4d67-a96b-ad9395cfdb9f,61,0,61,0,0,0,61
38,Иркутская область,14,Иркутская городская N 2,b2e5f03f-690d-4f2c-9ea0-01b6429f5334,61,0,61,0,0,0,61
56,Оренбургская область,28,"Оренбург, Ленинская",5781c578-2d15-45fe-979e-76b2c5e7ce26,61,0,61,0,0,0,61
62,Рязанская область,18,"Рязань, Московская",bfb30464-8095-48ea-92db-98728075a2e4,61,0,61,0,0,0,61
71,Тульская область,9,Ефремовская,c0cdff59-ad84-4d03-bf2b-328c7f03fefd,61,0,61,0,0,0,61
93,Республика Крым,18,ТИК Сакского района,79ae4951-41a5-4a75-a359-75634af3030a,61,0,61,0,0,0,61
97,Запорожская область,13,Токмакская,f53d502a-e860-4cea-9e96-a55cee3a2f9e,61,0,61,0,0,0,61
23,Краснодарский край,27,Курганинская,069e9939-4e2d-41ae-a538-60d4c649575f,60,0,60,0,0,0,60
23,Краснодарский край,32,Новокубанская,fa1ffa87-a859-4f08-b57b-7c55546ac1c0,60,0,60,0,0,0,60
54,Новосибирская область,25,Заельцовский район города Новосибирска,b364b5dd-d053-4d3c-838c-755e6b321e04,60,0,60,0,0,0,60
55,Омская область,2,ТИК по Большереченскому району,5746eb4c-730a-4d9b-8883-7d482a1ca87b,60,0,60,0,0,0,60
61,Ростовская область,43,"Ростов-на-Дону, Ворошиловская",7804a2fc-5fb2-41a8-981d-7bd176fc452a,60,0,60,0,0,0,60
61,Ростовская область,47,"Ростов-на-Дону, Октябрьская",bd95c695-6afb-497a-b0b6-676335e9a434,60,0,60,0,0,0,60
61,Ростовская область,63,Таганрогская городская (западная),76795004-acb4-431d-a3fa-f1c5a040400d,60,0,60,0,0,0,60
93,Республика Крым,10,ТИК Красногвардейского района,647a30f2-a693-42dc-8a2d-227aa874a604,60,0,60,0,0,0,60
36,Воронежская область,23,Новоусманская,65ed4756-12b4-4ba7-aad2-760270af21f8,59,0,59,0,0,0,59
55,Омская область,27,ТИК по Тарскому району,61995b75-61e6-42eb-ac58-ce9242f53766,59,0,59,0,0,0,59
69,Тверская область,36,"Тверь, Московская",2585fa1f-d611-41b1-9c33-3a49137467bd,59,0,59,0,0,0,59
11,Республика Коми,20,Ухтинская городская,6ce42663-4467-4802-8627-6f0aa0c88fae,58,0,58,0,0,0,58
23,Краснодарский край,44,Лазаревская г. Сочи,b4d94488-879f-4e86-a062-b10823f715f6,58,0,58,0,0,0,58
25,Приморский край,3,ТИК города Артёма,1064d8b2-cb9b-4a34-ab92-2b1117553669,58,0,58,0,0,0,58
30,Астраханская область,1,"Астрахань, Кировская",05fd2a03-8f7e-4bc5-a939-3646d525f603,58,0,58,0,0,0,58
43,Кировская область,49,"Киров, Ленинская 2",663f5563-000c-488b-8cdc-08a3d93d153c,58,0,58,0,0,0,58
61,Ростовская область,48,"Ростов-на-Дону, Первомайская",66006150-3bd3-4a7d-9404-986a87dcb96a,58,0,58,0,0,0,58
78,город Санкт-Петербург,215,ТИК №12 (215),735a1022-33cb-4a42-aba7-d461270892e8,58,0,58,0,0,0,58
5,Республика Дагестан,35,"Махачкала, Ленинская",4a36c7e3-0c13-4e6b-8a91-d62346fa0443,57,0,57,0,0,0,57
16,Республика Татарстан (Татарстан),27,Зеленодольская,4d1eccf8-3e1b-4a2e-a384-edf825507d8a,57,0,57,0,0,0,57
16,Республика Татарстан (Татарстан),46,"Набережные Челны, Автозаводская",9963398b-82e8-4457-b448-28739a3f2412,57,0,57,0,0,0,57
18,Удмуртская Республика,14,"Ижевск, Октябрьский район",f12091a9-ba30-4d06-ac6a-7664e24142cf,57,0,57,0,0,0,57
21,Чувашская Республика - Чувашия,31,Чебоксарская-43,8719e41e-a0b2-4b51-9c86-139b4da4ec03,57,0,57,0,0,0,57
23,Краснодарский край,53,Туапсинская районная,98dd6443-6728-4d92-b8d2-05fa4541d33f,57,0,57,0,0,0,57
26,Ставропольский край,29,"Ставрополь, Ленинская",43241fb5-6dde-4d2c-933e-35e524c0dd65,57,0,57,0,0,0,57
34,Волгоградская область,4,"Волгоград, Дзержинская",c6db14ec-e45c-44af-a608-00371a88101a,57,0,57,0,0,0,57
54,Новосибирская область,9,Искитимский район,c7709060-3d29-4f24-baa1-42ad376c66c1,57,0,57,0,0,0,57
56,Оренбургская область,27,"Оренбург, Дзержинская",53e7b679-c172-487c-a719-e6e289ef97be,57,0,57,0,0,0,57
69,Тверская область,35,"Тверь, Заволжская",f0c34353-091c-4a12-9116-583653293bcc,57,0,57,0,0,0,57
71,Тульская область,1,Алексинская,ae539c7f-5c08-459c-a219-3a045573b433,57,0,57,0,0,0,57
71,Тульская область,28,Щекинская,f6fbebb0-01f0-4310-88bb-5a379c03652d,57,0,57,0,0,0,57
76,Ярославская область,22,"Ярославль, Фрунзенская",a208b18d-3e29-40ad-a170-e0637cf6cc41,57,0,57,0,0,0,57
90,Пермский край,36,Соликамская,514233e9-7f3d-4f36-9cf1-7f0a9134ad57,58,1,57,0,0,0,57
5,Республика Дагестан,34,"Махачкала, Кировская",48d1227e-601b-4cb6-ab33-a3974dabc7e5,56,0,56,0,0,0,56
13,Республика Мордовия,19,Октябрьская,082b9780-77c8-49ce-a3af-dc887bee5dcf,56,0,56,0,0,0,56
23,Краснодарский край,29,Лабинская,cd4d7aee-156c-4a56-b10a-6de813a72348,56,0,56,0,0,0,56
23,Краснодарский край,50,Тимашевская,7b825318-8176-43a4-a413-38827e2ee49b,56,0,56,0,0,0,56
39,Калининградская область,11,"Калининград, Центральная",81004216-e7c2-40ed-bcd5-6a3247264d4c,56,0,56,0,0,0,56
46,Курская область,13,"Курск, Центральная №1",3e5389f2-1a4a-4200-96e0-96bb8e6c52d9,56,0,56,0,0,0,56
56,Оренбургская область,25,Новотроицкая городская,7c95727b-17b4-4b6e-a0c1-92243b9371cd,56,0,56,0,0,0,56
57,Орловская область,22,Орловская,827efc74-1200-4745-aa47-6197471591c7,56,0,56,0,0,0,56
61,Ростовская область,18,Зерноградская,a5e23ed0-dfb1-4b91-bfc0-a5612047021a,56,0,56,0,0,0,56
61,Ростовская область,29,Миллеровская,19effda5-45c5-4941-9b9c-051777cb943a,56,0,56,0,0,0,56
71,Тульская область,13,Киреевская,113c25c4-8444-4ff4-bc7d-287cded1fa21,56,0,56,0,0,0,56
3,Республика Башкортостан,50,Стерлитамакская,56673be5-c931-49e4-81ab-3b57633af153,55,0,55,0,0,0,55
3,Республика Башкортостан,63,Хайбуллинская,1851943d-561b-4317-aac7-320c649049d8,55,0,55,0,0,0,55
5,Республика Дагестан,26,Кизлярская,940a6255-6506-4077-be2c-f92fddaf125e,55,0,55,0,0,0,55
24,Красноярский край,34,Территориальная избирательная комиссия Свердловского района города Красноярска,bf5a9c70-b406-489f-ae7d-a5cbb998ea88,55,0,55,0,0,0,55
24,Красноярский край,59,Территориальная избирательная комиссия Шарыповского округа Красноярского края,ad8e316f-5235-4ae2-b172-bb666a031f3e,55,0,55,0,0,0,55
38,Иркутская область,8,Братская районная,d62957eb-ddc5-44ca-8926-77e7a1caf597,55,0,55,0,0,0,55
46,Курская область,36,"Курск, Центральная №2",e84f5e0a-4737-4570-bbec-9a52d6a20997,55,0,55,0,0,0,55
49,Магаданская область,1,Магаданская,c9af64a5-643a-44e4-8697-f8a927023570,55,0,55,0,0,0,55
53,Новгородская область,2,Боровичcкая,aae1f97e-4a2d-4611-8332-e2d91bda2e53,55,0,55,0,0,0,55
55,Омская область,11,ТИК по Любинскому району,4c5582a0-ae1b-4362-94b6-c89166955427,55,0,55,0,0,0,55
63,Самарская область,29,"Самара, Красноглинская",5e8071c8-88a6-4cd4-a390-4e601493fb91,55,0,55,0,0,0,55
3,Республика Башкортостан,65,Чишминская,8d791691-a369-453a-92a0-77556e6e27b8,54,0,54,0,0,0,54
22,Алтайский край,8,"Барнаул, Ленинская",b193a8ad-b677-4a4a-915b-2b38444553ed,54,0,54,0,0,0,54
23,Краснодарский край,17,Каневская,5e292d7a-dd96-4bed-b4b0-599aeaea18f6,54,0,54,0,0,0,54
23,Краснодарский край,49,Темрюкская,bd17a48c-9fe9-44ba-ad70-654efd9c2756,54,0,54,0,0,0,54
24,Красноярский край,32,Территориальная избирательная комиссия Ленинского района города Красноярска,8742d54b-8126-4579-9def-79cc40661968,54,0,54,0,0,0,54
30,Астраханская область,2,"Астрахань, Ленинская",0f186c68-dc36-4105-a943-d8a5e1cf0104,54,0,54,0,0,0,54
33,Владимирская область,1,"Владимир, Ленинская",73885ebf-9bfa-4532-88e7-66159538eba3,54,0,54,0,0,0,54
34,Волгоградская область,37,Среднеахтубинская,b7515f6f-70cc-448d-9866-baf41884dd44,54,0,54,0,0,0,54
36,Воронежская область,14,"Воронеж, Центральная",be5a3a60-0f25-421b-bef6-59f7cfc790b1,54,0,54,0,0,0,54
46,Курская область,12,"Курск, Сеймская",13d0cfdb-6769-4f7f-bf7b-125c13614277,54,0,54,0,0,0,54
50,Московская область,3,Ступино (128 округ ГД),d3267ec5-77e3-4a19-b92d-e0c1de09227b,54,0,54,0,0,0,54
62,Рязанская область,19,"Рязань, Октябрьская",ab33843d-4799-4633-ab31-6c79a626d852,54,0,54,0,0,0,54
63,Самарская область,32,"Самара, Октябрьская",b68b10e9-afff-4b4d-a5b8-a5b29dd95109,54,0,54,0,0,0,54
63,Самарская область,42,"Тольятти, Центральная",9c1accec-3165-4573-92f6-a970f803f738,54,0,54,0,0,0,54
70,Томская область,14,Территориальная избирательная комиссия ЗАТО Северск,43e616c7-eb15-4682-a697-84248abe4a81,54,0,54,0,0,0,54
76,Ярославская область,25,"Рыбинск, Волжская",87b2fadc-b5ce-46fb-9414-c4b697dd64af,54,0,54,0,0,0,54
90,Пермский край,30,"Пермь, Кировская",3c0b9354-4986-42bc-9c4c-ec3fefacf722,55,1,54,0,0,0,54
92,Забайкальский край,35,Читинская,29d59956-c78e-4635-bc29-16ab06d40335,54,0,54,0,0,0,54
94,город Севастополь,2,Гагаринская,f9b558c0-9e9b-41b2-9f1c-941e60c7f40b,54,0,54,0,0,0,54
3,Республика Башкортостан,42,Нефтекамская городская,4c9fbb8d-8a15-4e5a-ab1b-07788baaea36,53,0,53,0,0,0,53
9,Карачаево-Черкесская Республика,10,по городу Черкесску,d59fb068-a6c4-4bb1-ae11-e9ce473b1595,53,0,53,0,0,0,53
16,Республика Татарстан (Татарстан),8,Альметьевская,fc114450-42c9-454f-9197-0633155d3fdc,53,0,53,0,0,0,53
16,Республика Татарстан (Татарстан),42,Мамадышская,54c1c986-d83f-488c-a6e3-ec4e9dac5ffa,53,0,53,0,0,0,53
18,Удмуртская Республика,27,город Сарапул,fd1a1f30-0d93-4e81-9edc-feb40075b989,53,0,53,0,0,0,53
25,Приморский край,8,ТИК Советского района города Владивостока,19247367-8ec6-48ee-8b72-421bbe1153a6,53,0,53,0,0,0,53
34,Волгоградская область,6,"Волгоград, Красноармейская",9444aa6a-9179-4c79-8460-052a32ba0161,53,0,53,0,0,0,53
43,Кировская область,13,"Киров, Ленинская 1",a057a8ae-ede3-4309-9fe0-f22f4b232b13,53,0,53,0,0,0,53
48,Липецкая область,8,Елецкая городская,6a713c93-cd16-4817-b8ec-d959dc6492f9,53,0,53,0,0,0,53
54,Новосибирская область,40,Тогучинский район,3ed799ef-6b53-44bb-9a98-74a241cf61dd,53,0,53,0,0,0,53
61,Ростовская область,10,Волгодонская городская,175f09c2-96e9-42ee-96b7-dfc5f4f303a8,53,0,53,0,0,0,53
64,Саратовская область,21,Марксовская,ee6e91d0-a2b8-4645-b954-dd74c3bf741e,53,0,53,0,0,0,53
69,Тверская область,15,Конаковская,e5d3f2a2-f5c0-42bb-a3df-0d9e051e3734,53,0,53,0,0,0,53
72,Тюменская область,8,Заводоуковская ТИК,e494b4bc-c144-42f5-a413-5a85a4cae7bb,53,0,53,0,0,0,53
90,Пермский край,33,"Пермь, Орджоникидзевская",f7c06841-bd32-45f5-93c6-a28dc797e1cc,54,1,53,0,0,0,53
94,город Севастополь,3,Ленинская,9e8315ad-7500-4ab5-a2bd-9c999c5410bf,53,0,53,0,0,0,53
3,Республика Башкортостан,10,Белебеевская,80f46f8e-1eb1-45f2-b7b6-b27e24b34f80,52,0,52,0,0,0,52
3,Республика Башкортостан,74,Мелеузовская,afec5348-d838-44d8-a52f-b82830d8b90a,52,0,52,0,0,0,52
16,Республика Татарстан (Татарстан),39,Лаишевская,7c5eee49-a3df-4d90-9121-f156b379d183,52,0,52,0,0,0,52
18,Удмуртская Республика,16,"Ижевск, Устиновский район",99a0fbad-df1c-4567-9da0-77296acdee3a,52,0,52,0,0,0,52
21,Чувашская Республика - Чувашия,15,Новочебоксарская,f7f8614f-a96a-41ba-bb39-fdbb96b90086,52,0,52,0,0,0,52
26,Ставропольский край,11,Изобильненская,e6d2a441-ea87-40d0-bd3a-54434c48e9a9,52,0,52,0,0,0,52
30,Астраханская область,3,"Астрахань, Cоветская",6bb3d0f3-6bc8-4c81-b9d9-6419d5b3a8ad,52,0,52,0,0,0,52
36,Воронежская область,35,Cемилукская,3fe28867-b3b1-4a60-a6ec-9a08af7fedb0,52,0,52,0,0,0,52
37,Ивановская область,9,"Иваново, Фрунзенская",88915b3a-1c82-47d2-b6cc-a27bab070196,52,0,52,0,0,0,52
40,Калужская область,10,"Калуга, Московская",7729d053-9659-4d26-89ea-ce3cac2a8f71,52,0,52,0,0,0,52
54,Новосибирская область,4,город Бердск,80e54cdd-d501-4cfd-bb5d-5c971f60d9ca,52,0,52,0,0,0,52
61,Ростовская область,5,Батайская городская,e98035ae-6a88-426a-be7a-25e46864c877,52,0,52,0,0,0,52
61,Ростовская область,35,Новошахтинская городская,fd094c93-f09a-4376-b673-41b61de8eeb6,52,0,52,0,0,0,52
63,Самарская область,20,Новокуйбышевская городская,ebf62e3c-e1a9-42e2-a4c4-e1704c33c289,52,0,52,0,0,0,52
69,Тверская область,28,Ржевская,ff317eb7-842e-47a7-b919-db39dcf93352,52,0,52,0,0,0,52
72,Тюменская область,10,Ишимская ТИК,102c0547-c37b-4dde-9931-1ae037e73898,52,0,52,0,0,0,52
76,Ярославская область,26,"Рыбинск, Пролетарская",8bcec8f8-b935-4093-915e-9b141c77caf2,52,0,52,0,0,0,52
78,город Санкт-Петербург,211,ТИК №25 (211),f0595d7b-5e47-48e3-b1b0-1b0951a9c017,52,0,52,0,0,0,52
90,Пермский край,20,Лысьвенская,bf9a9ddd-aaa3-4461-a180-b59983233340,53,1,52,0,0,0,52
3,Республика Башкортостан,35,Кугарчинская,a89b16d2-521f-4949-bcd0-a3e9c86c9e62,51,0,51,0,0,0,51
15,Республика Северная Осетия - Алания,4,ТИК Правобережной части г.Владикавказа,ce2f6034-1c01-4bef-8ae1-f59ae07d9d00,51,0,51,0,0,0,51
18,Удмуртская Республика,12,"Ижевск, Индустриальный район",88c3dfdd-3927-428b-b324-fed11cac3ad9,51,0,51,0,0,0,51
18,Удмуртская Республика,13,"Ижевск, Ленинский район",b7be5420-f91d-4318-b7c5-56592c42a57a,51,0,51,0,0,0,51
20,Чеченская Республика,9,Гудермесская,37c80a3d-a5e1-49a8-840f-5e88a3b5ba41,51,0,51,0,0,0,51
22,Алтайский край,10,"Барнаул, Центральная",97dd38c0-9d35-41a1-b7b6-581b16633f87,51,0,51,0,0,0,51
22,Алтайский край,12,"Бийск, Восточная",589e5395-4021-4b43-aa1e-2ca2db870961,51,0,51,0,0,0,51
23,Краснодарский край,60,Калининская г. Краснодара,2922861c-bcac-460a-b2d6-1112ac127feb,51,0,51,0,0,0,51
23,Краснодарский край,61,Пашковская г. Краснодара,01ef1fbe-9893-4af0-90a4-660ae7fd1440,51,0,51,0,0,0,51
26,Ставропольский край,15,Кочубеевская,d0ab390a-033c-4d9c-9462-a1eddea8f229,51,0,51,0,0,0,51
26,Ставропольский край,26,Предгорная,645c1e5a-9bb7-4114-9010-e955d33516dd,51,0,51,0,0,0,51
30,Астраханская область,5,Ахтубинская,86bfd911-eb04-49da-acbc-e942e752a075,51,0,51,0,0,0,51
32,Брянская область,4,"Брянск, Советская",e0fb1e8f-00f3-459a-b7e3-25883cc2fd7f,51,0,51,0,0,0,51
33,Владимирская область,18,Петушинская,38c57e26-df80-4059-8bc4-ae94bde3a03f,51,0,51,0,0,0,51
38,Иркутская область,42,Черемховская районная,ef5d83d8-8bac-4759-bee9-fee1f1401b09,51,0,51,0,0,0,51
44,Костромская область,31,Костромская городская 2,17e81009-d564-44f9-9ce5-b3e7fa9fb7e0,51,0,51,0,0,0,51
50,Московская область,3,Жуковский (126 округ ГД),e5168524-69f9-44e0-ade4-171c34044c7f,51,0,51,0,0,0,51
54,Новосибирская область,2,Барабинский район,cb263469-f68a-4bea-937f-b0e4fc7c1b66,51,0,51,0,0,0,51
54,Новосибирская область,17,Куйбышевский район,e7ff251b-d2a7-42f8-9a4a-73cbf3d50273,51,0,51,0,0,0,51
55,Омская область,6,ТИК по Исилькульскому район,f7d02624-577e-4a0c-8f3e-c6c59511ccf6,51,0,51,0,0,0,51
69,Тверская область,39,Торжокская,7f11791d-3a86-41a3-bd26-94d591903a7c,51,0,51,0,0,0,51
72,Тюменская область,18,ТИК города Тобольска,f8365bd7-4ecb-496d-8cfe-c589d246bfd9,51,0,51,0,0,0,51
73,Ульяновская область,4,Димитровградская городская,3a20c887-59de-47d9-a204-5cf4f81a0f0d,51,0,51,0,0,0,51
73,Ульяновская область,24,"Ульяновск, Засвияжская N2",aca0e295-855e-44dd-ab0f-568440b9db35,51,0,51,0,0,0,51
73,Ульяновская область,25,"Ульяновск, Ленинская",0acddcc5-0f31-4cb5-90dc-1d6d68cdc01b,51,0,51,0,0,0,51
78,город Санкт-Петербург,218,ТИК №27 (218),190d4206-fb60-49bd-9ca6-5245459155cb,51,0,51,0,0,0,51
78,город Санкт-Петербург,218,ТИК №19 (218),40b745f9-6b70-4e3d-9ccc-2c576d16467f,51,0,51,0,0,0,51
90,Пермский край,40,Чайковская городская,db29e716-b95e-400f-9d53-7e9411cd6284,52,1,51,0,0,0,51
90,Пермский край,52,Кудымкарская,370acef0-db81-47d3-a992-b503730a5ca7,52,1,51,0,0,0,51
93,Республика Крым,22,ТИК № 1 Симферопольского района,2b5fd3af-8121-4f2e-b0ef-9b70f7eb8394,51,0,51,0,0,0,51
3,Республика Башкортостан,25,Зианчуринская,8ebdbd5f-d56c-4aba-8c9b-90c531d51adb,50,0,50,0,0,0,50
16,Республика Татарстан (Татарстан),10,Апастовская,c6f30d19-a965-4f38-84b8-1d50d6ea1baa,50,0,50,0,0,0,50
16,Республика Татарстан (Татарстан),31,"Казань, Кировская",133d01a2-a6d2-4d62-8645-253e92e4645d,50,0,50,0,0,0,50
24,Красноярский край,37,Территориальная избирательная комиссия Курагинского округа Красноярского края,31a63b62-1cc0-4db7-a68a-61663774a433,50,0,50,0,0,0,50
26,Ставропольский край,23,Новоалександровская,88c951e2-e32e-4aea-ba5e-85e63b4e9456,50,0,50,0,0,0,50
32,Брянская область,25,Почепская,8785ebcc-e43b-4c61-bd41-8b5935f60f20,50,0,50,0,0,0,50
33,Владимирская область,16,Меленковская,d3d6da8d-f4af-4a81-a6b5-d6ce1b87cc63,50,0,50,0,0,0,50
36,Воронежская область,12,"Воронеж, Ленинская",677fe2ca-ebde-4fdc-9135-a72c0f89e3ec,50,0,50,0,0,0,50
46,Курская область,23,Рыльская,a322bf2e-d415-46b4-b3c8-cf993d928667,50,0,50,0,0,0,50
57,Орловская область,20,"Орел, Заводская",09205ca0-f915-46d7-8888-dea3d15f6bf0,50,0,50,0,0,0,50
62,Рязанская область,17,"Рязань, Железнодорожная",bbe71d54-9e70-40c0-b01f-75bce94c141f,50,0,50,0,0,0,50
3,Республика Башкортостан,6,Аургазинская,d3333f24-9652-4d49-98b8-aab4a091ae3e,49,0,49,0,0,0,49
3,Республика Башкортостан,8,Бакалинская,c12ff00a-6026-405a-905c-060f44836c88,49,0,49,0,0,0,49
3,Республика Башкортостан,18,Бураевская,60a3deec-cb39-480a-98e8-99a5af6d0f35,49,0,49,0,0,0,49
3,Республика Башкортостан,32,Кармаскалинская,57cbd5c2-f2e9-4648-aa28-36ad76ab70e8,49,0,49,0,0,0,49
8,Республика Калмыкия,11,Элистинская,5e87ca75-78b6-4c2b-9f5f-bcc19bdbb818,49,0,49,0,0,0,49
16,Республика Татарстан (Татарстан),7,Алькеевская,ecabbc93-6fd0-4055-8831-39bb80ff4051,49,0,49,0,0,0,49
16,Республика Татарстан (Татарстан),32,"Казань, Московская",565634a1-f758-4059-8356-d91bea44b803,49,0,49,0,0,0,49
16,Республика Татарстан (Татарстан),47,"Набережные Челны, Комсомольская",c7689d3b-6ba0-4923-9b0f-2567c711fbac,49,0,49,0,0,0,49
18,Удмуртская Республика,5,город Воткинск,b59a1093-4209-42b4-b4bd-f3a804c53eae,49,0,49,0,0,0,49
18,Удмуртская Республика,15,"Ижевск, Первомайский район",57cc68cd-445a-458b-8fb7-99f5e8443cd3,49,0,49,0,0,0,49
23,Краснодарский край,9,Геленджикская,c6e0d5d3-5da3-42ee-9edb-cbf9793743ef,49,0,49,0,0,0,49
23,Краснодарский край,22,Прикубанская г. Краснодара,a93a504b-f729-4015-ab24-0984ea6bf32e,49,0,49,0,0,0,49
36,Воронежская область,1,Аннинская,d403a491-49b9-4855-aa1e-ff0aeffd170e,49,0,49,0,0,0,49
36,Воронежская область,4,Борисоглебская,1f766e0e-b8fe-4cdd-a06e-1d1c7d8ce1eb,49,0,49,0,0,0,49
36,Воронежская область,26,Острогожская,6f13a0c8-cbf6-471f-b961-300967e44e0d,49,0,49,0,0,0,49
38,Иркутская область,1,Аларская,764f977a-ce17-4bc4-af71-bfa5d59d1cb6,49,0,49,0,0,0,49
46,Курская область,6,Железногорская городская,05a40737-5fea-4598-b778-7ad618e93d74,49,0,49,0,0,0,49
54,Новосибирская область,31,Советский район города Новосибирска,29afeeba-a5f3-4441-ada4-2a3e836494e5,49,0,49,0,0,0,49
61,Ростовская область,51,Сальская,1ffb0e95-366d-48c8-b5c2-055e273783f5,49,0,49,0,0,0,49
62,Рязанская область,9,Михайловская,643c0f94-7c2c-407c-8966-258343cafd7d,49,0,49,0,0,0,49
63,Самарская область,12,Кинель-Черкасская,8b62fe1b-c5a2-4864-82ed-a5d9a03abc01,49,0,49,0,0,0,49
70,Томская область,9,Территориальная избирательная комиссия Колпашевского района,a91440fa-c75b-406c-b846-2e74f5335ff1,49,0,49,0,0,0,49
78,город Санкт-Петербург,212,ТИК №47 (212),eb622a5d-b343-4997-ae2e-69110bd9619f,49,0,49,0,0,0,49
3,Республика Башкортостан,17,Буздякская,0efc276e-359f-4ccc-b781-6af0f96855fb,48,0,48,0,0,0,48
3,Республика Башкортостан,67,Янаульская,2562ab68-e0a3-405b-b14c-14fe22fb9ac8,48,0,48,0,0,0,48
5,Республика Дагестан,32,Левашинская,a8f5dcde-bd38-4603-9747-d81f18264ef8,48,0,48,0,0,0,48
15,Республика Северная Осетия - Алания,8,ТИК Моздокского района,5cfa4078-8e18-4cda-9a74-3f0ebe5a28e9,48,0,48,0,0,0,48
16,Республика Татарстан (Татарстан),17,Бугульминская городская,db69e71b-19d3-4142-83db-1e9ba5e16966,48,0,48,0,0,0,48
16,Республика Татарстан (Татарстан),21,Высокогорская,19e759ec-4b32-4ec1-8e4e-9fe43dc089d5,48,0,48,0,0,0,48
23,Краснодарский край,18,Кореновская,fd07be88-9732-40ba-92f9-d4fc37ecd859,48,0,48,0,0,0,48
23,Краснодарский край,45,Хостинская г. Сочи,8d998a82-5f58-46ad-b376-bf79aba75d42,48,0,48,0,0,0,48
24,Красноярский край,31,Территориальная избирательная комиссия Кировского района города Красноярска,1f2e5566-aa2c-4a62-be32-c7919ee1df72,48,0,48,0,0,0,48
24,Красноярский край,67,Территориальная избирательная комиссия Рыбинского округа Красноярского края,7d6a3b7c-4649-4088-92ce-42e0a13d6e51,48,0,48,0,0,0,48
24,Красноярский край,68,Территориальная избирательная комиссия № 2 Советского района города Красноярска,50cb4dc1-18e9-46d3-98ac-a347993c980b,48,0,48,0,0,0,48
29,Архангельская область,3,"Архангельск, Октябрьская",07c59ea9-a39d-49fb-8216-123fbdea1c68,48,0,48,0,0,0,48
33,Владимирская область,2,"Владимир, Октябрьская",9afdc47d-b906-4306-852c-3a0f336e1f9e,48,0,48,0,0,0,48
36,Воронежская область,27,Павловская,b952aa44-2fce-45bb-948a-57515da4ed5f,48,0,48,0,0,0,48
37,Ивановская область,10,Ивановская,611c0412-811a-4af5-9ba7-09def028ab66,48,0,48,0,0,0,48
38,Иркутская область,10,Заларинская,4ca6bf82-8c06-4c71-9104-3e67f628e74c,48,0,48,0,0,0,48
38,Иркутская область,15,Иркутская городская N 3,ca5d8e96-97ce-4d48-8e3e-3fb10fa560ea,48,0,48,0,0,0,48
38,Иркутская область,41,Черемховская городская,a292c8bd-99ec-40e2-9ef6-01988922f4ba,48,0,48,0,0,0,48
48,Липецкая область,15,"Липецк, Октябрьская №1",1f0dbc94-54ec-4841-937d-a7b0a27798ec,48,0,48,0,0,0,48
51,Мурманская область,16,Североморская,4fcdcb9d-0194-4427-b4f4-c7cab159ae02,48,0,48,0,0,0,48
55,Омская область,7,ТИК по Калачинскому району,91b44083-d931-4f68-b8c9-c41c8999d743,48,0,48,0,0,0,48
55,Омская область,38,"Омск, ТИК № 2 по Центральный АО",15a40554-c6f3-4658-bf3e-56d546ec9307,48,0,48,0,0,0,48
64,Саратовская область,31,Ртищевская,f2306799-944a-4519-b405-99d661872f9b,48,0,48,0,0,0,48
71,Тульская область,26,Узловская,25748232-85c6-48ba-ab30-335e4f8cc2bc,48,0,48,0,0,0,48
76,Ярославская область,16,Угличская,a3085ee8-266e-4ac0-91d4-6ee1212dd14a,48,0,48,0,0,0,48
90,Пермский край,44,Чусовская,98e417af-1ff0-4510-ab87-c544578e6e24,49,1,48,0,0,0,48
93,Республика Крым,21,ТИК Центрального района города Симферополя,2f910c27-097d-4295-b187-dc90eadcf2bd,48,0,48,0,0,0,48
94,город Севастополь,4,Нахимовская,44585a19-ebe7-4bc7-b239-533408b5b961,48,0,48,0,0,0,48
96,Луганская Народная Республика,11,ТИК города Краснодона и Краснодонского района,ecb774aa-657c-4045-8695-3a92b207e11c,48,0,48,0,0,0,48
3,Республика Башкортостан,5,Аскинская,498de582-091d-472b-a71e-010111f0893c,47,0,47,0,0,0,47
3,Республика Башкортостан,20,Гафурийская,e36e904a-047a-43df-9cfc-e6eefb3f9cd3,47,0,47,0,0,0,47
3,Республика Башкортостан,28,Илишевская,016f2417-f609-476f-8a30-b89b09a31361,47,0,47,0,0,0,47
5,Республика Дагестан,14,Дахадаевская,e614cbe5-46a7-4c3e-be37-b7c2ed900241,47,0,47,0,0,0,47
16,Республика Татарстан (Татарстан),18,Буинская,1d84271d-786e-4510-a0b2-69084c076be0,47,0,47,0,0,0,47
16,Республика Татарстан (Татарстан),55,Рыбно-Слободская,261ca169-47d0-4cc6-afc7-320b913d3be8,47,0,47,0,0,0,47
22,Алтайский край,6,"Барнаул, Первая Индустриальная",3c9c54a5-4b8e-4f92-8757-e5c9b99bbe54,47,0,47,0,0,0,47
22,Алтайский край,7,"Барнаул, Вторая Индустриальная",7c3e89d1-bf28-4ebc-ba7c-2da7677d6379,47,0,47,0,0,0,47
23,Краснодарский край,38,Отрадненская,158c37d1-cba9-403f-bbbb-627cbcbf0176,47,0,47,0,0,0,47
29,Архангельская область,13,Вельская,729316bd-52d6-4869-a638-beff25df9ee7,47,0,47,0,0,0,47
50,Московская область,4,Кашира (120 округ ГД),84f2ba91-0742-477a-9df3-a4adfcc57b66,47,0,47,0,0,0,47
51,Мурманская область,17,ТИК ЗАТО Александровск,bcf299be-074b-494f-904d-70fb7efe8e07,47,0,47,0,0,0,47
55,Омская область,26,ТИК по Таврическому району,efdaba02-a836-4ea0-acc2-7c52e33f975e,47,0,47,0,0,0,47
61,Ростовская область,49,"Ростов-на-Дону, Пролетарская",500c2530-123b-42c1-a216-1563728ee232,47,0,47,0,0,0,47
65,Сахалинская область,4,Корсаковская,ebb535f0-fb79-44f7-adcf-c1a4888fc186,47,0,47,0,0,0,47
68,Тамбовская область,10,Мичуринская городская ТИК,55dc1c89-277a-4e1f-b0d4-145d06edadc6,47,0,47,0,0,0,47
76,Ярославская область,18,"Ярославль, Заволжская",431c7fe1-25b6-4325-9dbc-f199e0b767c3,47,0,47,0,0,0,47
93,Республика Крым,19,ТИК Железнодорожного района города Симферополя,eb67e3ec-52b7-49a9-ba7b-067f968ecbc1,47,0,47,0,0,0,47
96,Луганская Народная Республика,2,ТИК Жовтневого района города Луганска,1fd97798-0ffc-4648-80bb-846d6c402bc5,47,0,47,0,0,0,47
4,Республика Бурятия,6,Заиграевская,4bd03fb6-4058-4e40-a36d-83b47f7ae365,46,0,46,0,0,0,46
5,Республика Дагестан,15,Дербентская,f5477d1b-53b9-45ad-ba27-965e2aac30a4,46,0,46,0,0,0,46
16,Республика Татарстан (Татарстан),44,Мензелинская,db170867-8024-477a-96ef-5dff005b031e,46,0,46,0,0,0,46
23,Краснодарский край,21,Карасунская г. Краснодара,7aa5805a-826c-497b-80d5-4b56947af007,46,0,46,0,0,0,46
26,Ставропольский край,6,Буденновская,fe10ec46-dba3-4292-8ea7-2786d89beeab,46,0,46,0,0,0,46
31,Белгородская область,1,Алексеевская,5eeae230-f1e9-4496-8c01-423a32de8050,46,0,46,0,0,0,46
32,Брянская область,10,Дятьковская,15ad0462-26b2-44d8-a4fe-4b331018bc82,46,0,46,0,0,0,46
34,Волгоградская область,7,"Волгоград, Краснооктябрьская",f194dd08-7716-4422-a37a-8eb693d7d720,46,0,46,0,0,0,46
40,Калужская область,11,"Калуга, Октябрьская",b2eb17bb-db6d-4ee8-9980-26220ea07dab,46,0,46,0,0,0,46
44,Костромская область,11,Костромская городская 1,8ecedc69-db68-4266-a13b-197a9af07857,46,0,46,0,0,0,46
48,Липецкая область,2,Грязинская,bdc7140c-c224-40bf-a429-e00c79336297,46,0,46,0,0,0,46
50,Московская область,2,Реутов (118 округ ГД),bfa99f9a-29f2-4cca-a9b3-5b9b53c6bcc6,46,0,46,0,0,0,46
50,Московская область,3,Долгопрудный (123 округ ГД),25ebcd74-75c4-4b33-ae69-ae45ebf3a814,46,0,46,0,0,0,46
65,Сахалинская область,20,Холмская судовая,7e919d19-3c7c-48d0-8490-68eaa3eaade8,46,0,46,0,0,0,46
67,Смоленская область,2,Вяземская,db53cca8-c465-44a4-97fd-e9ea97f75e47,46,0,46,0,0,0,46
68,Тамбовская область,27,Западная ТИК г. Тамбова,2851f7fb-1bc8-44ec-933c-647fac6faf4e,46,0,46,0,0,0,46
73,Ульяновская область,23,"Ульяновск, Засвияжская N1",30b39f63-a339-4a3d-b7c0-864e67e2e203,46,0,46,0,0,0,46
90,Пермский край,55,"Пермь, Свердловская № 1",85c106fa-adac-462d-aeb0-9e25b415b6a4,47,1,46,0,0,0,46
93,Республика Крым,25,ТИК города Феодосии,dca4159d-54ab-4e7d-9f85-9ab790d1ee2d,46,0,46,0,0,0,46
5,Республика Дагестан,44,Тляратинская,9207fe73-d4d6-46ff-8ce2-0419f7f7e75d,45,0,45,0,0,0,45
13,Республика Мордовия,17,Рузаевская,30fa212e-827c-4086-a326-a707833b3447,45,0,45,0,0,0,45
16,Республика Татарстан (Татарстан),1,Агрызская,250988ea-bde9-4a03-a468-37392d70a841,45,0,45,0,0,0,45
22,Алтайский край,13,"Бийск, Приобская",aa726738-3309-4f70-b5e0-7141a701bf12,45,0,45,0,0,0,45
24,Красноярский край,14,Территориальная избирательная комиссия Емельяновского округа Красноярского края,9c9fdd02-a648-47c7-bbf6-f341ba8eab7f,45,0,45,0,0,0,45
26,Ставропольский край,21,Невинномысская городская,e2f2ecd8-8ac9-432c-91e4-0dfc304b85bc,45,0,45,0,0,0,45
30,Астраханская область,4,"Астрахань, Трусовская",e87b3ffc-57d0-4731-bae3-ae5cb7658f94,45,0,45,0,0,0,45
32,Брянская область,24,Погарская,9c519bc0-d4ff-41b1-9a03-4fbc5a14bc11,45,0,45,0,0,0,45
38,Иркутская область,36,Усольская районная,d53169d0-a515-4180-a853-5a10c2929ad7,45,0,45,0,0,0,45
45,Курганская область,22,Шадринская,3d465902-b0b3-44c3-adaf-caa265ecf1c0,45,0,45,0,0,0,45
54,Новосибирская область,11,Карасукский муниципальный округ,f36091fe-428d-4e74-be95-8c84b730f078,45,0,45,0,0,0,45
54,Новосибирская область,43,Чановский муниципальный округ,2cb3be7f-7b65-4de2-9c29-c777d7a11a81,45,0,45,0,0,0,45
61,Ростовская область,1,Азовская городская,8619e624-f8d3-47c3-bc29-8e4856593638,45,0,45,0,0,0,45
61,Ростовская область,21,Каменск-Шахтинская городская,08f9745d-d893-48d8-9beb-9426a22fcefa,45,0,45,0,0,0,45
61,Ростовская область,22,Каменская,ed17b86f-cb1f-461e-b568-1fca09ee6608,45,0,45,0,0,0,45
63,Самарская область,18,Красноярская,a829c98c-9199-4e09-af5c-acfbf6fc5ec1,45,0,45,0,0,0,45
67,Смоленская область,16,Рославльская,c8bebad9-93cc-46cd-89a4-d69075af767b,45,0,45,0,0,0,45
68,Тамбовская область,26,Северная ТИК г. Тамбова,f3324054-e559-4c8e-85e6-34b010b412ce,45,0,45,0,0,0,45
71,Тульская область,4,Богородицкая,6caa41ea-6e50-4dac-8015-61a671ee8047,45,0,45,0,0,0,45
78,город Санкт-Петербург,211,ТИК №24 (211),d4cfeb76-963d-4e52-991c-8b1276a25221,45,0,45,0,0,0,45
78,город Санкт-Петербург,212,ТИК №6 (212),f293c599-9c3e-4154-b211-7f2d28220956,45,0,45,0,0,0,45
1,Республика Адыгея (Адыгея),7,Тахтамукайская,b7b61193-32c8-4217-9a2f-50fdb20422ad,44,0,44,0,0,0,44
3,Республика Башкортостан,39,Мечетлинская,c96b0188-a00e-45da-8e0b-9da570d32e57,44,0,44,0,0,0,44
3,Республика Башкортостан,46,Салаватская,320fb057-34ff-44f2-883f-28dde2d20bc1,44,0,44,0,0,0,44
3,Республика Башкортостан,51,Татышлинская,ccb56af3-b0f3-45c8-97e6-fb7f3ae05ed8,44,0,44,0,0,0,44
5,Республика Дагестан,2,Акушинская,bf6f70be-8c6c-4c2e-89bd-6275a64dda34,44,0,44,0,0,0,44
13,Республика Мордовия,8,Зубово-Полянская,5e17ac16-0689-48d4-b967-d7217f1ef1f9,44,0,44,0,0,0,44
16,Республика Татарстан (Татарстан),60,Тукаевская,b0156469-8dd0-4bf3-8206-5053d3f368d6,44,0,44,0,0,0,44
18,Удмуртская Республика,23,Малопургинский район,1a6d8291-51ee-4b8c-b763-4c3d655dab0e,44,0,44,0,0,0,44
24,Красноярский край,7,Территориальная избирательная комиссия № 1 Боготольского округа Красноярского края,ae3939e9-ac05-43b6-a187-6a39a6659e75,44,0,44,0,0,0,44
24,Красноярский край,16,Территориальная избирательная комиссия  № 2  Енисейского округа Красноярского края,9a685724-d825-4034-9c5f-753daf231d26,44,0,44,0,0,0,44
33,Владимирская область,22,Суздальская,1580eb1a-1a20-4d83-ada6-125a99fc7999,44,0,44,0,0,0,44
36,Воронежская область,18,Кантемировская,5361fa70-0cf8-44aa-8895-bc9a151d1687,44,0,44,0,0,0,44
36,Воронежская область,36,Таловская,a7f8bea1-7340-432a-8009-6f015db5e262,44,0,44,0,0,0,44
50,Московская область,5,Луховицы (120 округ ГД),671b03e6-7b00-4463-9782-f31eb6a09005,44,0,44,0,0,0,44
56,Оренбургская область,39,Саракташская,7e93160f-3916-4a93-9db6-66b8641e7ad8,44,0,44,0,0,0,44
56,Оренбургская область,42,Соль-Илецкая городская,42dc87b7-ad9d-43d6-a290-57cb795c4714,44,0,44,0,0,0,44
61,Ростовская область,37,Октябрьская,489f7643-d80c-4e71-a1a9-5d3425b13386,44,0,44,0,0,0,44
68,Тамбовская область,12,Моршанская ТИК,a3eb6b0b-e549-4fc6-b117-77341dd6f070,44,0,44,0,0,0,44
69,Тверская область,37,"Тверь, Пролетарская",6140dabd-ad48-42fa-9a9d-d25d4ff6754b,44,0,44,0,0,0,44
70,Томская область,18,Территориальная избирательная комиссия Ленинского района города Томска,a25ae761-8ffd-469f-a78a-f5ce7a4dc039,44,0,44,0,0,0,44
76,Ярославская область,13,Ростовская,2df32961-b544-4c7b-9646-d29200b050a6,44,0,44,0,0,0,44
93,Республика Крым,4,ТИК Белогорского района,0e5ef34f-9ff3-4a4b-97e3-5149bb7e86f8,44,0,44,0,0,0,44
3,Республика Башкортостан,3,Альшеевская,1459aa73-aa9d-47be-80b2-c3a3e43a7295,43,0,43,0,0,0,43
3,Республика Башкортостан,27,Иглинская,78d75bdd-8398-4931-a141-784b962985f8,43,0,43,0,0,0,43
3,Республика Башкортостан,64,Чекмагушевская,ae82e100-5e0c-4902-b811-67173d84a9e5,43,0,43,0,0,0,43
5,Республика Дагестан,49,Хунзахская,b0aa4526-07c5-4403-96aa-14473eaee928,43,0,43,0,0,0,43
15,Республика Северная Осетия - Алания,10,ТИК Пригородного района,66d213ba-361e-49f1-a24a-34774b5b49ef,43,0,43,0,0,0,43
16,Республика Татарстан (Татарстан),29,"Казань, Авиастроительная",bce3ce6e-2a3b-4be3-b188-b5cb044d77f2,43,0,43,0,0,0,43
16,Республика Татарстан (Татарстан),57,Сармановская,9d659968-a684-4e65-94d1-6b967d249dfc,43,0,43,0,0,0,43
20,Чеченская Республика,16,Урус-Мартановская,2aba66fe-448c-4327-a56a-0102a36b623d,43,0,43,0,0,0,43
22,Алтайский край,52,Рубцовская городская,0f603dc2-9b46-4fe3-bd12-de0c03dc4c64,43,0,43,0,0,0,43
22,Алтайский край,61,Тальменская,9a502102-d8d5-4630-a8a6-bcb58697ba23,43,0,43,0,0,0,43
23,Краснодарский край,1,Абинская,141a4b02-d130-4981-b5b3-8313a8d19ddf,43,0,43,0,0,0,43
23,Краснодарский край,48,Тбилисская,952ea627-28d2-452e-a97b-a1d6f87a5e79,43,0,43,0,0,0,43
26,Ставропольский край,35,Шпаковская,c6b82fec-77f2-4e59-abb9-39b34d3b948c,43,0,43,0,0,0,43
29,Архангельская область,12,Северодвинская городская № 2,bbb71c0c-7273-46eb-bf8d-08b394c9d74c,43,0,43,0,0,0,43
31,Белгородская область,20,Чернянская,1dd03456-f695-4bdc-98bb-11d6aa28265a,43,0,43,0,0,0,43
32,Брянская область,29,Стародубская,6d2638a7-65b3-4d36-82af-37d948a48e30,43,0,43,0,0,0,43
34,Волгоградская область,18,Калачевская,35eab2dd-8c11-4cad-8344-9950bf014ac1,43,0,43,0,0,0,43
34,Волгоградская область,43,Камышинская городская,c161b779-29b7-44a2-b5ed-e4ff243b02cb,43,0,43,0,0,0,43
38,Иркутская область,39,Усть-Кутская,216cceff-503f-49ac-83ff-8fdfa8876a62,43,0,43,0,0,0,43
46,Курская область,19,Обоянская,9f019e67-acd2-4637-b84b-e6835b06e7b7,43,0,43,0,0,0,43
53,Новгородская область,18,Старорусская,2740602a-c4d5-406c-a41d-0e048c2eaef4,43,0,43,0,0,0,43
54,Новосибирская область,14,Коченевский район,6dd4bb6d-4cd8-4a11-b130-5bcf39108223,43,0,43,0,0,0,43
54,Новосибирская область,44,Черепановский район,eda02cde-463f-4b43-953f-39456e6b6905,43,0,43,0,0,0,43
60,Псковская область,3,Великолукская городская,5e51fbc3-0b8c-4fbc-9d3a-439f8eeadfe5,43,0,43,0,0,0,43
62,Рязанская область,32,Шиловская,2186e333-d500-4885-bfc6-e60d7ddec9c5,43,0,43,0,0,0,43
71,Тульская область,25,"Тула, Центральная",65f60ee6-459c-48a3-b529-93210388b408,43,0,43,0,0,0,43
73,Ульяновская область,2,Барышская,0c2184e9-296b-4e68-9088-f45a88578c91,43,0,43,0,0,0,43
73,Ульяновская область,9,Мелекесская,641df018-78f6-40b2-8b3d-50911a5132b4,43,0,43,0,0,0,43
90,Пермский край,2,Бардымская,69c9df1d-c6a6-4680-940f-58cb0f68de1c,44,1,43,0,0,0,43
90,Пермский край,10,Добрянская,f21e0d31-b997-40c3-82ea-3d4137bc3541,44,1,43,0,0,0,43
93,Республика Крым,13,ТИК Ленинского района,32b999e0-5e56-4459-8282-5fa5ba1349ef,43,0,43,0,0,0,43
3,Республика Башкортостан,21,Давлекановская,f59829e3-563d-44a4-a87f-097bd2fe5097,42,0,42,0,0,0,42
3,Республика Башкортостан,31,Караидельская,60226fef-591e-469d-aea1-706561a6367f,42,0,42,0,0,0,42
3,Республика Башкортостан,40,Мишкинская,89dad4e1-057c-4c16-85f5-683c8dea6942,42,0,42,0,0,0,42
3,Республика Башкортостан,70,Бирская,0ba707a2-4764-4d02-b6e6-b758f7206ca1,42,0,42,0,0,0,42
5,Республика Дагестан,16,Дербентская городская,69dba152-9fdb-411f-8f04-654941065b68,42,0,42,0,0,0,42
5,Республика Дагестан,53,Шамильская,7aa71dc0-7ec2-4e83-bcb0-2fae9df89ba7,42,0,42,0,0,0,42
13,Республика Мордовия,12,Ковылкинская,3ae625ca-e478-44b5-9bfc-585b4f39ba77,42,0,42,0,0,0,42
16,Республика Татарстан (Татарстан),2,Азнакаевская,d572f2ea-a259-4656-9ed0-a885fc20b419,42,0,42,0,0,0,42
19,Республика Хакасия,10,Черногорская городская,f918974f-8989-4582-8d13-e593d0f98b96,42,0,42,0,0,0,42
20,Чеченская Республика,14,Ножай-Юртовская,2b6d998a-ac71-493c-826d-c2f39b7486e2,42,0,42,0,0,0,42
22,Алтайский край,45,Первомайская,e81edc33-9e62-4356-8dc3-4b6639c50b36,42,0,42,0,0,0,42
23,Краснодарский край,31,Мостовская,76f3cd5b-a4c3-4bcc-96a7-0d1b3e78c4c9,42,0,42,0,0,0,42
23,Краснодарский край,39,Павловская,099e86be-db75-48c8-9ce6-1f2accb1a929,42,0,42,0,0,0,42
23,Краснодарский край,63,Первомайская г. Краснодара,3c7a832e-bed7-42d2-94bf-cb50f4056b5b,42,0,42,0,0,0,42
26,Ставропольский край,25,Петровская,e9f16c2e-0ca8-452d-aada-0b5f81017706,42,0,42,0,0,0,42
26,Ставропольский край,31,"Ставрополь, Промышленная",c08306ef-8e7a-460b-b09e-386ad325654c,42,0,42,0,0,0,42
26,Ставропольский край,38,Промышленная № 2,39258992-c8c9-4f0f-8389-a32bebede0ad,42,0,42,0,0,0,42
29,Архангельская область,11,Северодвинская городская № 1,cf95c2d6-810f-4655-9f0e-e63b00c7cc29,42,0,42,0,0,0,42
32,Брянская область,32,Трубчевская,4105ab30-61fe-4465-b5c9-80958ef896fa,42,0,42,0,0,0,42
35,Вологодская область,27,Череповецкая,b70be687-59ac-451d-af11-5458d04b6445,42,0,42,0,0,0,42
36,Воронежская область,16,Калачеевская,ce206363-fe36-4446-80ad-d5536bdc4cf3,42,0,42,0,0,0,42
37,Ивановская область,13,Кинешемская городская,37baa8e9-f502-4456-9f0a-723b64717a2d,42,0,42,0,0,0,42
38,Иркутская область,20,Качугская,0294584d-00b7-4e03-9d00-5ad2d80d8ecb,42,0,42,0,0,0,42
38,Иркутская область,45,Эхирит-Булагатская,af95c313-3893-4bb3-97bc-c9474ece8a85,42,0,42,0,0,0,42
40,Калужская область,20,Обнинская городская,cf439b36-a2d9-428a-a1e2-ef03cc088b0b,42,0,42,0,0,0,42
48,Липецкая область,4,Добринская,d180a065-c9c2-4d16-a929-eb51efbca606,42,0,42,0,0,0,42
48,Липецкая область,9,Задонская,64316352-55e4-4eb2-ba12-642163d0b179,42,0,42,0,0,0,42
57,Орловская область,12,Ливенская,d81b62bd-0cf6-472e-a889-ccb4f7a2c9c9,42,0,42,0,0,0,42
61,Ростовская область,60,Чертковская,57992c46-2205-4717-870d-88d587167904,42,0,42,0,0,0,42
63,Самарская область,27,"Самара, Железнодорожная",13bbeaad-79e7-4acf-85db-8fdb24a15211,42,0,42,0,0,0,42
64,Саратовская область,16,Калининская,c0d77627-a437-4f7f-aefa-54cdc6899102,42,0,42,0,0,0,42
64,Саратовская область,26,Петровская,30561bda-e1f7-42af-8b90-0700f2fe389e,42,0,42,0,0,0,42
64,Саратовская область,28,Пугачевская,f0c72b5d-424b-43ad-9417-eee659e0473e,42,0,42,0,0,0,42
73,Ульяновская область,5,Инзенская,da2176f0-1c93-4aaa-b158-58fe68b83d81,42,0,42,0,0,0,42
90,Пермский край,34,"Пермь, Свердловская № 2",86a4ea7e-b9fc-41fa-9ab8-af07a1b1ca60,43,1,42,0,0,0,42
1,Республика Адыгея (Адыгея),6,Майкопская районная,47709add-71f0-428d-8fc2-d276f6d7308b,41,0,41,0,0,0,41
3,Республика Башкортостан,44,Октябрьская городская,4f9dec4d-26cc-4dbf-b86a-f67d7f69fe35,41,0,41,0,0,0,41
5,Республика Дагестан,39,Рутульская,7719ad32-64dd-435b-ab94-8e9e09480e67,41,0,41,0,0,0,41
13,Республика Мордовия,18,Ленинская,07c41854-fb0a-4002-824a-f8411657769c,41,0,41,0,0,0,41
16,Республика Татарстан (Татарстан),4,Аксубаевская,105c00eb-fee8-4252-a38b-fb93be3463e7,41,0,41,0,0,0,41
16,Республика Татарстан (Татарстан),5,Актанышская,ca97899d-48b1-461f-bc28-69ddf98dd952,41,0,41,0,0,0,41
16,Республика Татарстан (Татарстан),25,Заинская,ddc9883b-3b92-4ec8-948d-9fa424ce2052,41,0,41,0,0,0,41
22,Алтайский край,28,Каменская,45279648-fc24-496c-91e3-96003d40cb5a,41,0,41,0,0,0,41
23,Краснодарский край,14,Ейская городская,f3cdd73f-dd98-4811-9843-8172c85587b6,41,0,41,0,0,0,41
24,Красноярский край,5,Территориальная избирательная комиссия ЗАТО город  Железногорск Красноярского края,01b2104f-811c-4d36-9008-dfeff9fbd61d,41,0,41,0,0,0,41
24,Красноярский край,55,Территориальная избирательная комиссия Ужурского округа Красноярского края,a96188d7-5f56-4043-a7d2-5ab2c6cf4f8e,41,0,41,0,0,0,41
26,Ставропольский край,14,Кисловодская городская,cffc1ef3-c5f9-4ee4-8e37-0639f3f41087,41,0,41,0,0,0,41
36,Воронежская область,3,Богучарская,7fe3bf72-82e7-4e68-a135-62b0900c3519,41,0,41,0,0,0,41
38,Иркутская область,24,Нижнеилимская,f63fba1a-bbe0-4e64-90e6-0f863666a272,41,0,41,0,0,0,41
38,Иркутская область,33,Тулунская городская,4f138da1-1d00-4c81-b89d-35b7a43a37de,41,0,41,0,0,0,41
40,Калужская область,4,Дзержинская,a5dcb9e9-b94c-4b79-9b14-06bda9963054,41,0,41,0,0,0,41
43,Кировская область,18,Кирово-Чепецкая городская,2d0c2993-4c18-4efc-8e92-f8f60af6b092,41,0,41,0,0,0,41
48,Липецкая область,12,Лебедянская,2d3dc6e0-c45d-4502-a214-b0738a077f96,41,0,41,0,0,0,41
50,Московская область,2,Шатура (125 округ ГД),83063cb4-944b-4b25-ab38-06c3a134f1cb,41,0,41,0,0,0,41
53,Новгородская область,12,Новгородская,b6e01397-b541-4792-8a2e-fc8c4384f11f,41,0,41,0,0,0,41
54,Новосибирская область,38,Татарский муниципальный округ,b142e4a1-0b3a-413a-abe5-c2ff12171708,41,0,41,0,0,0,41
55,Омская область,4,ТИК по Горьковскому району,1dc47a00-fac0-435d-b062-bd277fb79849,41,0,41,0,0,0,41
55,Омская область,13,ТИК по Москаленскому району,f29c1701-d931-4b6d-9e49-2a612cb00e39,41,0,41,0,0,0,41
56,Оренбургская область,19,Кувандыкская городская,a017b59c-d2e8-4a78-8bcb-0c243e521421,41,0,41,0,0,0,41
61,Ростовская область,31,Морозовская,e6ad2f96-a4a9-4dd9-bc24-53643560744c,41,0,41,0,0,0,41
64,Саратовская область,14,Ершовская,66cb3aa2-7e08-45c3-a491-57b828d22c33,41,0,41,0,0,0,41
67,Смоленская область,19,"Смоленск, Заднепровская",e68f517d-bd22-44b3-8e55-090f5729fbf9,41,0,41,0,0,0,41
67,Смоленская область,22,Смоленская,8ad4460b-801b-4567-9255-d2f81ad5efea,41,0,41,0,0,0,41
70,Томская область,17,Территориальная избирательная комиссия Кировского района города Томска,00167de7-bda5-46f0-bd68-d7e80f26efed,41,0,41,0,0,0,41
78,город Санкт-Петербург,212,ТИК №46 (212),c46c7906-44a2-4985-b366-a1f126279990,41,0,41,0,0,0,41
90,Пермский край,43,Чернушинская,8ae64bbd-41e2-48e6-9b2c-f78e8edb111a,42,1,41,0,0,0,41
92,Забайкальский край,1,Центральная г. Читы,b6d4e13e-dae1-4115-bcc7-44e09bfb1a36,41,0,41,0,0,0,41
97,Запорожская область,5,Приазовская,fb379f90-3888-417b-995d-4626979c7269,41,0,41,0,0,0,41
3,Республика Башкортостан,16,Благовещенская,17d5d780-99e9-42f6-b34a-6e391996983a,40,0,40,0,0,0,40
3,Республика Башкортостан,22,Дуванская,dae5a995-c44b-4837-ab89-778a6798c1bc,40,0,40,0,0,0,40
3,Республика Башкортостан,37,Кушнаренковская,e588ac63-fced-4bfb-92e9-5dd72a91ee79,40,0,40,0,0,0,40
3,Республика Башкортостан,41,Миякинская,1753187c-9475-4e25-bd16-8ce37d5d3dca,40,0,40,0,0,0,40
3,Республика Башкортостан,56,"г. Уфа, Ленинская",1840d896-6350-4d53-b43a-a023e4acbe71,40,0,40,0,0,0,40
3,Республика Башкортостан,66,Шаранская,f2f9c74c-ee43-434e-85ad-cae10d2ba1b8,40,0,40,0,0,0,40
4,Республика Бурятия,12,Кяхтинская,a37ef9ed-45cc-4e58-81de-e3a0b3b163a4,40,0,40,0,0,0,40
5,Республика Дагестан,7,Ботлихская,f2cd0b84-5da4-4b4d-9854-94294433b5aa,40,0,40,0,0,0,40
5,Республика Дагестан,47,Хасавюртовская городская,28bec89b-cc41-4c37-b671-581dd31e5f2d,40,0,40,0,0,0,40
14,Республика Саха (Якутия),23,Олекминская,2e839eaf-2164-4a8a-8207-240ddac40916,40,0,40,0,0,0,40
16,Республика Татарстан (Татарстан),52,Нурлатская,be1ff36e-6876-472b-8d4f-6582bb072bb1,40,0,40,0,0,0,40
16,Республика Татарстан (Татарстан),56,Сабинская,9c3995df-f2e4-401a-8df1-445b7be832a4,40,0,40,0,0,0,40
23,Краснодарский край,8,Выселковская,36356481-cf81-47fc-8954-35b55a4439ee,40,0,40,0,0,0,40
23,Краснодарский край,10,Горячеключевская,0b102dbd-7f04-4bfd-850a-58d674c7d274,40,0,40,0,0,0,40
23,Краснодарский край,28,Кущевская,1892544c-2f83-43d5-8ef2-b1716d83132d,40,0,40,0,0,0,40
26,Ставропольский край,22,Нефтекумская,e2c798ad-517d-4021-957f-0f0aa2227f77,40,0,40,0,0,0,40
30,Астраханская область,6,Володарская,6e521fc5-8aa6-4706-a868-fada013d0c3b,40,0,40,0,0,0,40
32,Брянская область,23,Новозыбковская городская,6bbccc1f-66c4-4d85-b6d9-f980bb4f7c2f,40,0,40,0,0,0,40
33,Владимирская область,11,Гусь-Хрустальная,6d93350e-a47d-4d1f-bd15-9e8fd35b2b76,40,0,40,0,0,0,40
34,Волгоградская область,8,"Волгоград, Советская",68ac71ac-bf01-43a6-8c3a-3483fa739fe4,40,0,40,0,0,0,40
34,Волгоградская область,9,"Волгоград, Тракторозаводская",ff2a7375-1224-4918-bb0a-5e0a73a52112,40,0,40,0,0,0,40
35,Вологодская область,9,Вологодская,3b9217c8-ae8e-45c4-a73e-9143baa6eeed,40,0,40,0,0,0,40
36,Воронежская область,2,Бобровская,1b11d5d1-96e3-4484-86b0-2aac97686c64,40,0,40,0,0,0,40
36,Воронежская область,5,Бутурлиновская,dfee3065-dbfc-4c5b-ae73-c1065eba5b66,40,0,40,0,0,0,40
36,Воронежская область,24,Новохоперская,6b586433-11fe-463e-89a0-b0af1efc2b6a,40,0,40,0,0,0,40
37,Ивановская область,7,"Иваново, Октябрьская",b2412620-64d7-43dc-84a4-6affadfda11d,40,0,40,0,0,0,40
38,Иркутская область,6,Боханская,a3ab0994-186a-4c35-9d19-5a45e5a83c3b,40,0,40,0,0,0,40
38,Иркутская область,34,Тулунская районная,462108c4-5b5e-405a-b379-cfcf98f7ce62,40,0,40,0,0,0,40
38,Иркутская область,35,Усолье-Сибирская городская,a818f38a-f38d-4652-a5b6-dad3cd8537c4,40,0,40,0,0,0,40
39,Калининградская область,4099,Гурьевская ГД 99,e6a83539-f7d8-4e70-bd8e-ce6be20258cd,40,0,40,0,0,0,40
43,Кировская область,44,Уржумская,5d3006e5-6d55-4e7f-aebf-39958eb3de5b,40,0,40,0,0,0,40
48,Липецкая область,18,Липецкая,57c490c8-0e49-4fbb-b3e9-dfa4129eaf84,40,0,40,0,0,0,40
56,Оренбургская область,29,"Оренбург, Промышленная",f2ff74e0-1f3c-4b45-9b9d-7e42d51f57aa,40,0,40,0,0,0,40
57,Орловская область,21,"Орел, Советская",1c4c6d8c-63f7-4ab9-bf69-67f83b05df7d,40,0,40,0,0,0,40
61,Ростовская область,27,Мартыновская,fe9e032f-8e8c-41e4-9bda-f27e1b2782ea,40,0,40,0,0,0,40
61,Ростовская область,55,Тарасовская,a52ebc54-7aee-41b6-beb6-899ed01c31a1,40,0,40,0,0,0,40
62,Рязанская область,4,Касимовская,f010757d-17a8-4304-aa05-52ddc193046e,40,0,40,0,0,0,40
64,Саратовская область,17,Красноармейская,5677de9e-e379-43f4-8211-75510207f780,40,0,40,0,0,0,40
68,Тамбовская область,9,Мичуринская ТИК,132ae300-d31e-4c3c-a529-d3481a94785f,40,0,40,0,0,0,40
68,Тамбовская область,28,Тамбовская ТИК,01d83dfe-e440-445a-8dc6-0d9bedd82690,40,0,40,0,0,0,40
70,Томская область,2,Территориальная избирательная комиссия Асиновского района,1ce234d5-7143-499e-9d5d-c42e81c16003,40,0,40,0,0,0,40
71,Тульская область,22,"Тула, Привокзальная",c45b91d9-56d2-4210-b98a-8131836eb6d5,40,0,40,0,0,0,40
76,Ярославская область,15,Тутаевская,1f4bfac6-3dcb-4718-8478-bbce282cc537,40,0,40,0,0,0,40
78,город Санкт-Петербург,215,ТИК №57 (215),c1bcbf28-7dd9-47c1-8955-bcf402755e71,40,0,40,0,0,0,40
90,Пермский край,9,Губахинская,56b46a4c-2d94-45be-8f2a-57eba6639789,41,1,40,0,0,0,40
90,Пермский край,17,Краснокамская,f8b9708b-0e49-4fd6-845c-1f820ba5d0c2,41,1,40,0,0,0,40
97,Запорожская область,16,Каменско-Днепровская,214146c5-0e6f-4a37-8cf8-df8043262909,40,0,40,0,0,0,40
3,Республика Башкортостан,9,Балтачевская,5fc4aa6d-cd57-40e8-8ee4-8ab9d11c4e13,39,0,39,0,0,0,39
3,Республика Башкортостан,13,Бижбулякская,5bdc1136-a163-4794-ac6a-64b2a9a21b38,39,0,39,0,0,0,39
4,Республика Бурятия,19,Селенгинская,8049532c-d4e2-429e-bb6b-5e26386b377f,39,0,39,0,0,0,39
9,Карачаево-Черкесская Республика,2,по Зеленчукскому району,7c7d39e7-82ed-46f0-a1be-86a1bc8fe8c1,39,0,39,0,0,0,39
11,Республика Коми,8,Печорская городская,3d8b4d00-2ba1-4f43-b191-3bb822b6ef96,39,0,39,0,0,0,39
14,Республика Саха (Якутия),19,Нерюнгринская,8a1e6eb7-7d9b-4834-8704-ae820f000d28,39,0,39,0,0,0,39
16,Республика Татарстан (Татарстан),24,Елабужская городская,8e099b9a-c51e-4b27-a74e-9f3ae30600f9,39,0,39,0,0,0,39
16,Республика Татарстан (Татарстан),28,Зеленодольская городская,5dd951d7-87aa-42b5-b8e4-d76506aa9605,39,0,39,0,0,0,39
16,Республика Татарстан (Татарстан),30,"Казань, Вахитовская",b554f902-cb4c-487c-8d00-3682c9a808a8,39,0,39,0,0,0,39
16,Республика Татарстан (Татарстан),54,Пестречинская,b9d66431-4b80-4b32-9962-a5df51cca204,39,0,39,0,0,0,39
18,Удмуртская Республика,7,город Глазов,890b18fc-8671-446a-91a5-00219bd690c3,39,0,39,0,0,0,39
18,Удмуртская Республика,11,Игринский район,fe1c9340-bfb1-43bc-bae2-08f5d2ea1be5,39,0,39,0,0,0,39
18,Удмуртская Республика,30,Увинский район,79cbb645-e6fb-49c2-85dc-f7a6539b7e9e,39,0,39,0,0,0,39
23,Краснодарский край,12,Динская,ed027620-03c6-4aef-aa24-f9f4f31bccff,39,0,39,0,0,0,39
23,Краснодарский край,64,Пригородная г. Краснодара,ed35348a-2643-4b98-b0a7-e69c648d07a5,39,0,39,0,0,0,39
25,Приморский край,20,ТИК Октябрьского района,9e4233f8-ff34-4f10-a92b-812b7d34c3fb,39,0,39,0,0,0,39
25,Приморский край,22,ТИК района город Партизанск,bda75a8f-bdd4-45a9-bba2-aa7391f66c5a,39,0,39,0,0,0,39
30,Астраханская область,10,Камызякская,14aef755-0d83-4c78-82a2-27714a1a717f,39,0,39,0,0,0,39
33,Владимирская область,3,"Владимир, Фрунзенская",ca83b15f-0188-4b1f-bde3-6a81fdc71764,39,0,39,0,0,0,39
33,Владимирская область,23,Юрьев-Польская,0a73b0eb-9a12-4642-9dbe-ce0996e11984,39,0,39,0,0,0,39
36,Воронежская область,28,Панинская,cfe1db31-93b5-4a6a-a42d-693e8b3e2f87,39,0,39,0,0,0,39
43,Кировская область,16,"Киров, Первомайская",05f76ab0-a868-4a21-b59c-626200adc5d4,39,0,39,0,0,0,39
45,Курганская область,8,Кетовская,3a3c3fdb-9bf6-4216-9e9f-c0638eed1315,39,0,39,0,0,0,39
48,Липецкая область,21,Усманская,b09301c0-2c9e-46ba-a0fa-599e84951d25,39,0,39,0,0,0,39
50,Московская область,4,Рузский (124 округ ГД),caf800fd-9f2a-4139-b7a8-43a3ce07f021,39,0,39,0,0,0,39
54,Новосибирская область,22,Мошковский район,aeb1660b-a92d-4994-a198-301ff9ecb590,39,0,39,0,0,0,39
55,Омская область,32,ТИК по Черлакскому району,c3e3b314-99a4-4a8b-9708-5214484a044f,39,0,39,0,0,0,39
62,Рязанская область,27,Спасская,69a40c48-7980-43b9-89fc-3493693b42eb,39,0,39,0,0,0,39
62,Рязанская область,31,Шацкая,3cfe389e-195c-4f51-a7ba-420e0e1d1a65,39,0,39,0,0,0,39
67,Смоленская область,20,"Смоленск, Ленинская",02b385c5-a59a-4146-b0fc-44a0cdc7bfae,39,0,39,0,0,0,39
68,Тамбовская область,25,Центральная ТИК г. Тамбова,1212c845-64fc-4505-aa2d-d768b876802b,39,0,39,0,0,0,39
70,Томская область,20,Территориальная избирательная комиссия   Советского района   города Томска,b9b9cea0-b0db-4351-8b2b-9f0ee63086f7,39,0,39,0,0,0,39
71,Тульская область,19,Суворовская,df5ed747-6f55-434d-994c-5b0611f1db0a,39,0,39,0,0,0,39
71,Тульская область,21,"Тула, Зареченская",bb483d2f-11c2-47e9-b0c3-ded64a39fc87,39,0,39,0,0,0,39
72,Тюменская область,5,Вагайская ТИК,77f3afb9-de17-42cb-b149-a4567f0defe5,39,0,39,0,0,0,39
73,Ульяновская область,21,"Ульяновск, Заволжская N1",3b90ebfc-838a-4f42-9b2b-d7f7592a9876,39,0,39,0,0,0,39
73,Ульяновская область,22,"Ульяновск, Заволжская N2",8053b80f-554f-46d7-a052-bcc1cd3beeca,39,0,39,0,0,0,39
83,Ненецкий автономный округ,2,Заполярная,09e5acf0-af9c-4ace-81aa-61d4663113e3,39,0,39,0,0,0,39
93,Республика Крым,7,ТИК города Евпатории,0f6dea4f-30bc-456f-b0b4-86fec6a6f036,39,0,39,0,0,0,39
3,Республика Башкортостан,72,Куюргазинская,860e4666-4e76-4608-975d-fd320913ed5f,38,0,38,0,0,0,38
4,Республика Бурятия,3,Бичурская,628d3089-a532-4ed3-a40a-1b76d3cd7760,38,0,38,0,0,0,38
5,Республика Дагестан,33,Магарамкентская,086a1ffd-2679-4863-b67f-a4d3f085e5a4,38,0,38,0,0,0,38
16,Республика Татарстан (Татарстан),58,Спасская,0ac78596-6035-4912-b2c2-c124c98e3b2e,38,0,38,0,0,0,38
16,Республика Татарстан (Татарстан),59,Тетюшская,fe7c9f75-9203-4077-b27d-4761a4de4830,38,0,38,0,0,0,38
18,Удмуртская Республика,2,Балезинский район,1df747eb-239d-4549-8d4a-8c902951971f,38,0,38,0,0,0,38
22,Алтайский край,5,"Барнаул, Железнодорожная",e5fdee86-a799-4997-a0ea-de412a3abe30,38,0,38,0,0,0,38
23,Краснодарский край,65,Приморская г. Сочи,d29e9e9c-4c44-4d58-9b1e-e3415750f1e4,38,0,38,0,0,0,38
24,Красноярский край,3,Территориальная избирательная комиссия № 1 Балахтинско-Новоселовского округа Красноярского края,2fa9d885-c3ec-4fcd-8874-c73fbb831f4a,38,0,38,0,0,0,38
24,Красноярский край,8,Территориальная избирательная комиссия Богучанского округа Красноярского края,6a79f7e9-d5b4-4cdc-acb0-0706ab0d3874,38,0,38,0,0,0,38
24,Красноярский край,36,Территориальная избирательная комиссия Центрального района города Красноярска,8da7ee34-1ed2-43f4-be80-dd77d0ad1ef3,38,0,38,0,0,0,38
25,Приморский край,16,ТИК Лесозаводского района,0a2fbdd1-59b4-4123-80f3-7e3e3c92b7c2,38,0,38,0,0,0,38
30,Астраханская область,9,Икрянинская,3b925558-a675-4a86-8654-08b3eaefa8ad,38,0,38,0,0,0,38
30,Астраханская область,13,Наримановская,a5d0caf0-825b-4d92-b709-0cbc0dba3c29,38,0,38,0,0,0,38
33,Владимирская область,15,Кольчугинская,289a20cb-3c9e-490e-8f5d-4af5edc26190,38,0,38,0,0,0,38
34,Волгоградская область,12,Городищенская,801276b5-e110-4863-8cef-96ed8d72c146,38,0,38,0,0,0,38
34,Волгоградская область,28,Новоаннинская,f1470355-4fe6-47b5-a127-ef6fbae428b0,38,0,38,0,0,0,38
54,Новосибирская область,19,Купинский район,34d14c4f-b26b-4e0d-8ed0-c7a661eb6e1b,38,0,38,0,0,0,38
55,Омская область,22,ТИК по Полтавскому району,ef791679-ed44-491d-8895-222a1669ba0e,38,0,38,0,0,0,38
62,Рязанская область,14,Рыбновская,b6c093ce-12ce-4a5b-9f27-0c1f87a1db7f,38,0,38,0,0,0,38
67,Смоленская область,21,"Смоленск, Промышленная",b0b65216-18b5-4fdd-a2f0-fad97544f394,38,0,38,0,0,0,38
71,Тульская область,12,Кимовская,2808c072-a314-476c-adca-b2a0eb52dd5b,38,0,38,0,0,0,38
72,Тюменская область,11,ТИК города Ишима,76cad57d-da12-4f37-9e49-2387091d15fc,38,0,38,0,0,0,38
73,Ульяновская область,20,"Ульяновск, Железнодорожная",72b14139-f004-4c2f-b1c0-1d10ee93d211,38,0,38,0,0,0,38
78,город Санкт-Петербург,216,ТИК №32 (216),a8a820fd-4aef-4bdd-bcc9-3d5cd2e18d92,38,0,38,0,0,0,38
90,Пермский край,22,Октябрьская,eed6ccec-ca77-4688-93e3-6d5c2580c4ff,39,1,38,0,0,0,38
96,Луганская Народная Республика,6,ТИК города Антрацита и Антрацитовского района,0d867cb5-8c00-456c-a352-2b2baebb1c00,38,0,38,0,0,0,38
96,Луганская Народная Республика,12,ТИК города Красный Луч,3c3d23ad-39ac-4011-8b86-a423e9615ff3,38,0,38,0,0,0,38
3,Республика Башкортостан,34,Краснокамская,be6ac817-1d04-4d52-a4df-4274b4661697,37,0,37,0,0,0,37
4,Республика Бурятия,24,"Улан-Удэ, Советская",b6177c8b-53b8-46fe-9838-f039dabc9817,37,0,37,0,0,0,37
5,Республика Дагестан,41,Сулейман-Стальская,ef14601f-a91f-426a-8099-1cd234c1c727,37,0,37,0,0,0,37
19,Республика Хакасия,3,Аскизская,3a78e71f-4e26-4061-96b0-15a11121d5f1,37,0,37,0,0,0,37
23,Краснодарский край,35,Приморская г. Новороссийска,db6c981c-a6bb-4cc3-a4a8-91a7ae1e9908,37,0,37,0,0,0,37
23,Краснодарский край,51,Тихорецкая районная,f0fce522-5494-43e2-ac68-12a7ebdf9c7d,37,0,37,0,0,0,37
24,Красноярский край,1,Территориальная избирательная комиссия Абанского округа Красноярского края,8eef2258-0b2c-497a-a8a6-96865b83162b,37,0,37,0,0,0,37
29,Архангельская область,26,Пинежская,1f29cd9f-c8e9-44aa-a830-90d0578dc6e9,37,0,37,0,0,0,37
33,Владимирская область,21,Судогодская,532b8292-e987-41c0-8b42-bd80a5434bf4,37,0,37,0,0,0,37
38,Иркутская область,43,Чунская,f7359ab9-bbfe-406b-a212-786919a2e117,37,0,37,0,0,0,37
38,Иркутская область,46,Иркутская районная 95,e0518f7b-f598-41ab-bf63-31bee1ec4486,37,0,37,0,0,0,37
39,Калининградская область,23,Черняховская,ba6f0cee-962a-4d6e-b607-c2fbf2c38ccd,37,0,37,0,0,0,37
43,Кировская область,15,"Киров, Октябрьская 1",454d1567-f74c-42de-92da-984809741af2,37,0,37,0,0,0,37
45,Курганская область,23,Шадринская городская,25f4c652-dbc7-4361-b17a-ffcb74fd0a93,37,0,37,0,0,0,37
48,Липецкая область,3,Данковская,6be977fa-f833-45a3-94ba-dea44734887c,37,0,37,0,0,0,37
48,Липецкая область,16,"Липецк, Правобережная",db6dcf21-0a9e-40a3-8790-9d8b742a5594,37,0,37,0,0,0,37
54,Новосибирская область,30,Первомайский район города Новосибирска,ffe9e131-614f-42eb-b42c-60024c27235a,37,0,37,0,0,0,37
54,Новосибирская область,35,Ордынский район,bfdb8dbe-5868-485c-98d4-3cd9b5c197d2,37,0,37,0,0,0,37
55,Омская область,9,ТИК по Кормиловскому району,aa700e26-34bf-4e61-90d1-740a28507ffd,37,0,37,0,0,0,37
55,Омская область,14,ТИК по Муромцевскому району,d6379fae-88cc-4095-acf8-391dbcaf500f,37,0,37,0,0,0,37
55,Омская область,16,ТИК по Нижнеомскому району,423ca2fa-2a9c-4a17-8501-93cd1c4a2ee4,37,0,37,0,0,0,37
56,Оренбургская область,24,Новосергиевская,ed8decef-7669-4812-bfdc-e69e36de95fc,37,0,37,0,0,0,37
56,Оренбургская область,33,"Орск, Октябрьская",80a09cba-3dac-40dc-ba04-32c2df506ced,37,0,37,0,0,0,37
60,Псковская область,19,Псковская,8e5326dc-2449-48d3-808e-c27ea60c1c51,37,0,37,0,0,0,37
61,Ростовская область,52,Семикаракорская,92c90ac9-cfd5-4fb2-93a1-8d8ebf066210,37,0,37,0,0,0,37
63,Самарская область,30,"Самара, Куйбышевская",b142af99-2452-46fd-bafe-4110360fb989,37,0,37,0,0,0,37
64,Саратовская область,3,Аткарская,a5ef331a-ba51-4988-aa8e-93818f4599db,37,0,37,0,0,0,37
64,Саратовская область,18,Краснокутская,dd2dcac4-e511-4bcd-893a-05f811e091bc,37,0,37,0,0,0,37
78,город Санкт-Петербург,212,ТИК №26 (212),eead2d94-f4c1-4d60-b9c6-79dc2c1a2a9f,37,0,37,0,0,0,37
78,город Санкт-Петербург,218,ТИК №48 (218),154a3273-1740-4c98-874a-d5eab9bd3025,37,0,37,0,0,0,37
89,Ямало-Ненецкий автономный округ,6,Новоуренгойская городская,3923c3dd-c246-4bc0-8f3c-9181c9745961,37,0,37,0,0,0,37
92,Забайкальский край,7,Петровск-Забайкальская,da6e6e3e-8a44-4b6d-8de8-b4a5eae0c589,37,0,37,0,0,0,37
92,Забайкальский край,12,Борзинская,5f810eaf-79dd-48e5-8bc1-2445d10fb946,37,0,37,0,0,0,37
93,Республика Крым,28,ТИК № 2 Симферопольского района,db56e831-22c0-48d3-8df0-ac6d9b721fa8,37,0,37,0,0,0,37
4,Республика Бурятия,1,Баргузинская,3765dc41-e50f-4e96-af86-0028699ee280,36,0,36,0,0,0,36
4,Республика Бурятия,4,Джидинская,e447bcfd-530b-47ad-bf81-959249d427cc,36,0,36,0,0,0,36
4,Республика Бурятия,16,Прибайкальская,4afa9f8c-cee7-461c-a8a9-fbc13404dab0,36,0,36,0,0,0,36
5,Республика Дагестан,20,Кайтагская,22016465-c0d7-490c-97a8-3e11423e3328,36,0,36,0,0,0,36
5,Республика Дагестан,24,Кизилюртовская,7b4b96f3-5cda-4545-8e89-8598b9af9993,36,0,36,0,0,0,36
5,Республика Дагестан,50,Цумадинская,f12c7a8f-e59a-43d8-873a-1fdc570bf9f4,36,0,36,0,0,0,36
14,Республика Саха (Якутия),14,Ленская,f59c54e4-2381-40c1-a0b0-b4a2c794f08f,36,0,36,0,0,0,36
14,Республика Саха (Якутия),29,Усть-Алданская,02703721-8a0d-4fe8-935b-bcfd5a7ed54f,36,0,36,0,0,0,36
16,Республика Татарстан (Татарстан),22,Дрожжановская,db4e64d2-7eb0-49a2-9433-9f73c8b69983,36,0,36,0,0,0,36
16,Республика Татарстан (Татарстан),37,Камско-Устьинская,ac78f444-126b-4fdf-9905-01cad6560ca1,36,0,36,0,0,0,36
17,Республика Тыва,6,Кызылская городская,71d12b30-9a87-4f9e-aef1-88ea2e4f5fc9,36,0,36,0,0,0,36
20,Чеченская Республика,6,"Грозный, Ахматовская",1c94f5f6-16f2-452f-83d0-c960084e01c6,36,0,36,0,0,0,36
20,Чеченская Республика,11,Курчалоевская,71c8e5ba-bdda-4f6f-9f82-ae791bf82f36,36,0,36,0,0,0,36
20,Чеченская Республика,17,Шалинская,4a969650-016e-4f15-a915-1ba3b5490995,36,0,36,0,0,0,36
22,Алтайский край,9,"Барнаул, Октябрьская",7067de4b-13f3-4100-8ba6-971399fd3f45,36,0,36,0,0,0,36
23,Краснодарский край,46,Центральная г. Сочи,3bec379d-c4fa-4106-b00e-f0387bd26f8a,36,0,36,0,0,0,36
26,Ставропольский край,7,Георгиевская,27cb0c22-1d6e-448f-93e0-0c22189d0afa,36,0,36,0,0,0,36
26,Ставропольский край,12,Ипатовская,42a8880f-1dc1-4d0c-8274-aaf06057c580,36,0,36,0,0,0,36
26,Ставропольский край,28,Советская,ab7c6eb5-cd39-41e5-8b61-e1bb0225a2af,36,0,36,0,0,0,36
26,Ставропольский край,30,"Ставрополь, Октябрьская",87c5dd62-e8c2-4678-9cff-bd523198e666,36,0,36,0,0,0,36
32,Брянская область,33,Унечская,1db2c508-679f-47fe-9173-abbd6caec76f,36,0,36,0,0,0,36
33,Владимирская область,20,Собинская,3c9563a2-db24-493e-909c-d7b501e81e09,36,0,36,0,0,0,36
34,Волгоградская область,19,Камышинская,0adb4c9f-49ac-42c7-b9e3-77933a5ccd62,36,0,36,0,0,0,36
35,Вологодская область,11,Грязовецкая,fa803dee-16d0-4a7a-9239-bc76e6298b46,36,0,36,0,0,0,36
36,Воронежская область,39,Эртильская,7fff8e27-5950-4ff1-80df-9c8d37d735d1,36,0,36,0,0,0,36
40,Калужская область,16,Малоярославецкая,d6077d00-e923-452b-af16-dde7717f29c3,36,0,36,0,0,0,36
43,Кировская область,48,Яранская,c859ae8f-6139-4430-b1e2-4b5b8ac9a941,36,0,36,0,0,0,36
43,Кировская область,50,"Киров, Октябрьская 2",0aa126ba-114d-430b-9a60-be5bb2112654,36,0,36,0,0,0,36
45,Курганская область,6,Каргапольская,e2472b15-a79e-4a60-b783-eab42ceeddec,36,0,36,0,0,0,36
46,Курская область,11,"Курск, Железнодорожная",150cfefa-67bc-4a1c-ac60-c88bb2dc8d6e,36,0,36,0,0,0,36
46,Курская область,26,Cуджанская,13a2c645-5d2a-42cf-9ee9-976adf2769df,36,0,36,0,0,0,36
54,Новосибирская область,16,Краснозерский район,9e5b185e-5bcb-4a44-90ef-44a434dddd47,36,0,36,0,0,0,36
54,Новосибирская область,21,Маслянинский муниципальный округ,55288ddd-f67b-4353-ae7b-241e661561a3,36,0,36,0,0,0,36
56,Оренбургская область,10,Бузулукская городская,44b57691-086e-4a5d-b37f-6662db467cdf,36,0,36,0,0,0,36
56,Оренбургская область,45,Сорочинская городская,86173039-3bd6-444e-b45c-4bd651d94f0d,36,0,36,0,0,0,36
60,Псковская область,14,Островская,a9881a04-c0de-440f-900b-c2a98c30fdec,36,0,36,0,0,0,36
61,Ростовская область,12,Гуковская городская,4449e9fe-00c1-4d5e-81da-f92e4f780395,36,0,36,0,0,0,36
67,Смоленская область,18,Сафоновская,47d9f89a-3f22-48f1-b29d-067c4f216f68,36,0,36,0,0,0,36
67,Смоленская область,29,Ярцевская,7bd5e4d1-42e9-421c-ab01-ecdde2311b4d,36,0,36,0,0,0,36
69,Тверская область,14,Кимрская,96f3ccec-7a01-4d97-b932-87802834004f,36,0,36,0,0,0,36
78,город Санкт-Петербург,215,ТИК №13 (215),d05be0d4-7354-497e-a0ed-eac2eb1aab21,36,0,36,0,0,0,36
95,Донецкая Народная Республика,16,ТИК №16,f6c1fe7d-c49f-495a-9925-ebeb3e08aea1,36,0,36,0,0,0,36
95,Донецкая Народная Республика,36,ТИК №36,5d6b0724-3b45-4b5e-9b41-0e2f0eee3c7e,36,0,36,0,0,0,36
96,Луганская Народная Республика,1,ТИК Артемовского района города Луганска,01e004c7-f403-45c6-9bf9-731a703af3db,36,0,36,0,0,0,36
96,Луганская Народная Республика,25,ТИК города Свердловска и Свердловского района,9ab1a63e-1196-4228-b720-8e94ad5b009e,36,0,36,0,0,0,36
96,Луганская Народная Республика,30,ТИК города Стаханова,ab7598f4-5f53-425f-a6e1-69158da4e9f7,36,0,36,0,0,0,36
3,Республика Башкортостан,30,Калтасинская,eac3dce2-caaf-4303-9e37-51e9a0e24d64,35,0,35,0,0,0,35
3,Республика Башкортостан,53,"г. Уфа,  Демская",1fdacd88-3d80-4183-88a0-bd97e6ad9a16,35,0,35,0,0,0,35
3,Республика Башкортостан,62,Федоровская,84502bd8-0a1e-4561-9ef1-bee350a48ffd,35,0,35,0,0,0,35
4,Республика Бурятия,8,Иволгинская,d0118b04-a6ac-4bce-a144-2644cf5b86ca,35,0,35,0,0,0,35
16,Республика Татарстан (Татарстан),43,Менделеевская,a9ccedb5-7309-4b00-b60f-c22970c3e7f0,35,0,35,0,0,0,35
21,Чувашская Республика - Чувашия,5,Вурнарская,2b621cfb-f7b6-4cc1-9b6e-a4023b8c889e,35,0,35,0,0,0,35
21,Чувашская Республика - Чувашия,18,Цивильская,484241f2-224d-4cec-9d3c-f9a147c6768c,35,0,35,0,0,0,35
24,Красноярский край,23,Территориальная избирательная комиссия № 1 Ирбейско-Саянского округа Красноярского края,c7c5e8b2-91fe-4eb4-9833-f498a3e954f7,35,0,35,0,0,0,35
24,Красноярский край,60,Территориальная избирательная комиссия Шушенского округа Красноярского края,f0aa29c8-adb9-4a0a-91b6-eaaede8075d8,35,0,35,0,0,0,35
25,Приморский край,5,ТИК №1 Ленинского района города Владивостока,059b9836-0d03-4ff6-bb0c-c35adf9fd3d4,35,0,35,0,0,0,35
25,Приморский край,17,ТИК Михайловского района,f95cbab9-b85e-4921-9bea-5c0e2483a0c7,35,0,35,0,0,0,35
31,Белгородская область,8,Грайворонская,ad68e621-e44b-4dd3-9f39-f0ccfe3d6e5c,35,0,35,0,0,0,35
32,Брянская область,12,Жуковская,cbefc5f6-9e1d-4e6b-9a38-d3e7fcd6b88b,35,0,35,0,0,0,35
36,Воронежская область,31,Подгоренская,e60a69a1-17f5-4776-b0bf-fd766e3bbe4f,35,0,35,0,0,0,35
40,Калужская область,3,Боровская,8e9f6758-430f-4e62-ae93-ad858b1b8a29,35,0,35,0,0,0,35
45,Курганская область,4,Далматовская,69a0a5a3-36d8-4403-b876-1a14f4de6fea,35,0,35,0,0,0,35
50,Московская область,3,Лобня (119 округ ГД),9a2eb51a-1cff-4a2e-ab92-b7dcdb5bb08b,35,0,35,0,0,0,35
55,Омская область,1,ТИК по Азовскому НН району,343940dd-20f3-4813-8f99-e905fee00b12,35,0,35,0,0,0,35
55,Омская область,12,ТИК по Марьяновскому району,1b1435b5-686d-4f99-9a46-24461862f2a8,35,0,35,0,0,0,35
55,Омская область,28,ТИК по Тевризскому району,9330898c-e92d-44a4-8e4d-e14c16691e35,35,0,35,0,0,0,35
55,Омская область,40,ТИК по Омскому району (Округ № 142),62874c26-3a88-4f94-bc04-b8df7276f549,35,0,35,0,0,0,35
56,Оренбургская область,7,Бугурусланская,b78c3037-10a2-43af-8334-140f433de170,35,0,35,0,0,0,35
56,Оренбургская область,47,Тоцкая,740e376f-620a-46d8-a199-f7a4857bbd2a,35,0,35,0,0,0,35
61,Ростовская область,28,Матвеево-Курганская,70a7c0da-3533-411a-ac97-83e57f839742,35,0,35,0,0,0,35
62,Рязанская область,25,Скопинская,7ef3058b-3b83-45d1-a75b-e0bb481d1214,35,0,35,0,0,0,35
63,Самарская область,16,Кошкинская,32b0654c-2050-4eba-9391-02aa06b3ac88,35,0,35,0,0,0,35
63,Самарская область,41,"Тольятти, Комсомольская",b0c74a90-97e1-4303-a00e-e63da21d58d1,35,0,35,0,0,0,35
69,Тверская область,2,Бежецкая,b4e99447-400e-4aee-823c-5f652aaa3108,35,0,35,0,0,0,35
71,Тульская область,24,"Тула, Советская",4e6e7483-f250-4d0d-bf8c-4eb75ccdc1f0,36,1,35,0,0,0,35
72,Тюменская область,24,Упоровская ТИК,ad880e1f-e8ec-494a-8337-6573f74781c2,35,0,35,0,0,0,35
73,Ульяновская область,8,Майнская,9eb6ae58-749a-4030-9e2e-1a22b9053b3e,35,0,35,0,0,0,35
91,Камчатский край,4,Елизовская,dda0cbaa-2ebf-4139-a194-8d91acc9f2f6,35,0,35,0,0,0,35
94,город Севастополь,1,Балаклавская,60fb2344-07af-4fbd-8ad9-bbd3fdbe0824,35,0,35,0,0,0,35
96,Луганская Народная Республика,5,ТИК города Алчевска,78923a97-25e2-4961-bbf5-83368c367997,35,0,35,0,0,0,35
97,Запорожская область,10,Куйбышевская,da513dc3-146a-4fb2-b1a9-64065dd486ce,35,0,35,0,0,0,35
3,Республика Башкортостан,4,Архангельская,3928b4bf-606c-4036-b9a0-51e2e7c5038b,34,0,34,0,0,0,34
3,Республика Башкортостан,19,Бурзянская,bb2879c1-3b4c-4df4-a210-9c8c59f57e38,34,0,34,0,0,0,34
11,Республика Коми,1,Воркутинская городская,44bbc11a-d043-4ef6-894a-3a21af22ea4d,34,0,34,0,0,0,34
14,Республика Саха (Якутия),7,Верхневилюйская,84ba015e-2ea7-4c0b-86e8-e6b575603955,34,0,34,0,0,0,34
14,Республика Саха (Якутия),10,Вилюйская,2976bf32-dbaa-4345-9fd2-21bf864fc3f1,34,0,34,0,0,0,34
14,Республика Саха (Якутия),15,Мегино-Кангаласская,f90dbd9d-ce35-4c96-a10d-542569d59098,34,0,34,0,0,0,34
16,Республика Татарстан (Татарстан),15,Балтасинская,a6d9e722-669b-4fab-85d1-2af998674926,34,0,34,0,0,0,34
16,Республика Татарстан (Татарстан),62,Черемшанская,fe0168b0-bd63-4c63-99bf-25a9d6e2ab21,34,0,34,0,0,0,34
22,Алтайский край,43,Павловская,34f82a4b-7622-486f-b2ba-deea6734a1d8,34,0,34,0,0,0,34
22,Алтайский край,74,Шипуновская,73e7d9ee-a288-400a-a3e5-a89d4ef6df40,34,0,34,0,0,0,34
23,Краснодарский край,24,Кропоткинская,80bc2c5a-e032-45a5-abbc-390c6818b1bd,34,0,34,0,0,0,34
23,Краснодарский край,30,Ленинградская,0d904ed6-73a1-4019-8f39-5551352bd8e2,34,0,34,0,0,0,34
24,Красноярский край,30,Территориальная избирательная комиссия Железнодорожного района города Красноярска,8be9c601-bf7b-4fd9-b41e-936b6285fe82,34,0,34,0,0,0,34
30,Астраханская область,11,Красноярская,f47aaff0-bd41-4fd4-8020-4fd3e2090d15,34,0,34,0,0,0,34
32,Брянская область,14,Карачевская,b61c4baa-db05-4106-9fc7-fbad3888479e,34,0,34,0,0,0,34
34,Волгоградская область,5,"Волгоград, Кировская",948c4b4d-bd5e-4750-b719-4b8d110d54a0,34,0,34,0,0,0,34
36,Воронежская область,15,Грибановская,19da3105-9974-4f47-9801-bbaff2e31e59,34,0,34,0,0,0,34
40,Калужская область,7,Жуковская,52761286-4530-4bcd-bca5-9fdca607ba26,34,0,34,0,0,0,34
43,Кировская область,7,Вятскополянская,fef6cd2a-aaff-46cd-8881-8fbdaf87082c,34,0,34,0,0,0,34
51,Мурманская область,7,Кольская,6c766684-b66a-415f-9490-e6b5fde35163,34,0,34,0,0,0,34
54,Новосибирская область,5,Болотнинский район,0c29ddd6-6004-461f-b2d0-8154363b5d7f,34,0,34,0,0,0,34
55,Омская область,29,ТИК по Тюкалинскому району,bd6416c2-1131-4d99-bc95-5465235d1f62,34,0,34,0,0,0,34
56,Оренбургская область,9,Бузулукская,917406e9-50a5-472f-b4dc-99d6c62a4301,34,0,34,0,0,0,34
56,Оренбургская область,26,Октябрьская,1dd6aa4d-46aa-4022-830e-892ca225b379,34,0,34,0,0,0,34
61,Ростовская область,24,Константиновская,46b4fb06-efdd-4502-8127-463541e78d0b,34,0,34,0,0,0,34
61,Ростовская область,44,"Ростов-на-Дону, Железнодорожная",530e2fd8-4234-40fe-b760-b41e5de055b2,34,0,34,0,0,0,34
62,Рязанская область,20,"Рязань, Советская",fc77f2bf-a57e-46a3-951f-dbd1ba1ca5ff,34,0,34,0,0,0,34
62,Рязанская область,22,Сараевская,599dbdec-99e0-4079-bd69-7485ab1220eb,34,0,34,0,0,0,34
63,Самарская область,44,Чапаевская городская,f500dda5-48c5-46dc-a30f-acafd1309cb2,34,0,34,0,0,0,34
67,Смоленская область,3,Гагаринская,3ac7a0ea-76b9-4611-9ded-6c861aa5bcd6,34,0,34,0,0,0,34
69,Тверская область,22,Нелидовская,e65bec8a-edfa-4aa3-9b26-219c722ec5d2,34,0,34,0,0,0,34
76,Ярославская область,21,"Ярославль, Ленинская",a95dd4cf-47ba-4ae3-8b24-7a49b6984c1e,34,0,34,0,0,0,34
78,город Санкт-Петербург,214,ТИК №4 (214),7075efe6-3935-4bd4-873b-3afd45f80c21,34,0,34,0,0,0,34
90,Пермский край,6,Верещагинская,1d19de39-2619-4145-9ca8-21cd16d60d53,35,1,34,0,0,0,34
92,Забайкальский край,37,Шилкинская,9c48bbc3-067a-41bc-aefd-83662449a40d,34,0,34,0,0,0,34
93,Республика Крым,15,ТИК Первомайского района,265501a8-02f3-4b25-83ae-551f5c3cf89d,34,0,34,0,0,0,34
95,Донецкая Народная Республика,9,ТИК №9,b09defd8-0076-4c8c-abdc-38e013e01096,34,0,34,0,0,0,34
97,Запорожская область,12,Пологовская,9af9272f-76e7-400a-88e0-540883c2cd46,34,0,34,0,0,0,34
4,Республика Бурятия,7,Закаменская,afa7ec66-b25d-4b2a-950d-1e6d6d237a70,33,0,33,0,0,0,33
4,Республика Бурятия,21,Тункинская,75e353b9-f6ae-41aa-a163-ed5cde0cfb61,33,0,33,0,0,0,33
5,Республика Дагестан,8,Буйнакская,d12f0db2-6ff4-44ed-8c20-33fbe94aa237,33,0,33,0,0,0,33
5,Республика Дагестан,21,Карабудахкентская,fefb281d-de80-4e1c-878d-edce8f9b5013,33,0,33,0,0,0,33
5,Республика Дагестан,22,Каспийская городская,fa2036e0-34c6-4583-a6b1-5f69e130e6fb,33,0,33,0,0,0,33
16,Республика Татарстан (Татарстан),6,Алексеевская,d12ddc34-bc24-4aaa-aa6c-83bedab95e13,33,0,33,0,0,0,33
16,Республика Татарстан (Татарстан),20,Верхнеуслонская,241c06ec-294a-4a59-97dd-ea889e9f681c,33,0,33,0,0,0,33
16,Республика Татарстан (Татарстан),49,Нижнекамская,f154e4cf-d672-4f0e-b568-a195183e5fc0,33,0,33,0,0,0,33
16,Республика Татарстан (Татарстан),63,Чистопольская,feee9b4e-7ff7-4760-9dcf-33bd20016d22,33,0,33,0,0,0,33
18,Удмуртская Республика,19,Кезский район,485bd748-e92d-4db1-ace6-aede874337ad,33,0,33,0,0,0,33
18,Удмуртская Республика,24,Можгинский район,139d48e3-bd1d-40db-ac2a-2e123c8b6814,33,0,33,0,0,0,33
21,Чувашская Республика - Чувашия,2,Алатырская,fdf9e5a7-ed08-469f-92b6-bd78e30e428f,33,0,33,0,0,0,33
23,Краснодарский край,3,Апшеронская,9f409835-685c-4de9-a1ba-a4c819f5586a,33,0,33,0,0,0,33
24,Красноярский край,43,Территориальная избирательная комиссия № 2 Иланско-Нижнеингашского округа Красноярского края,6c1a02bb-2244-43ee-99dd-4b7fc394361b,33,0,33,0,0,0,33
24,Красноярский край,51,Территориальная избирательная комиссия № 2 Большемуртинско-Сухобузимского округа Красноярского края,8a0c39d3-923c-4922-9cb4-1e6eb92ad496,33,0,33,0,0,0,33
25,Приморский край,13,ТИК Кировского района,ea5ca4a5-0bb3-49bb-9675-95143e470b2f,33,0,33,0,0,0,33
26,Ставропольский край,17,Курская,840fa4a2-2461-447d-b131-a30ab43164b4,33,0,33,0,0,0,33
28,Амурская область,21,Серышевского округа,e6b3c357-c8a3-4d4a-99a3-78d74457ae75,33,0,33,0,0,0,33
33,Владимирская область,13,Киржачская,7a0ed698-cadc-46e3-a21e-842c375768b4,33,0,33,0,0,0,33
34,Волгоградская область,25,Михайловская,b11353ec-a0df-424a-8eeb-0e513a802298,33,0,33,0,0,0,33
43,Кировская область,24,Малмыжская,e7ac1941-5b91-4788-99dd-375ef467b8ae,33,0,33,0,0,0,33
43,Кировская область,31,Оричевская,1caefbb0-aebd-461c-a785-6807931bc54a,33,0,33,0,0,0,33
50,Московская область,1,Волоколамский (121 округ ГД),aefcde67-0259-4b13-9383-83c9e719fb7f,33,0,33,0,0,0,33
50,Московская область,3,Зарайск (120 округ ГД),fef7e583-9fe3-410f-8b6f-c2700514a87d,33,0,33,0,0,0,33
51,Мурманская область,4,Кандалакшская,85bae45f-a947-4006-a8c6-64bd7f4d3854,33,0,33,0,0,0,33
54,Новосибирская область,37,Сузунский муниципальный округ,43b53056-5b9a-4ed4-8cbe-251de14e936d,33,0,33,0,0,0,33
56,Оренбургская область,30,"Оренбург, Центральная",735b2205-efbe-4e6e-954a-c5287eb98b78,33,0,33,0,0,0,33
56,Оренбургская область,46,Ташлинская,eecd0f23-59c3-494a-be33-969ca2bae47d,33,0,33,0,0,0,33
61,Ростовская область,20,Кагальницкая,74d578c8-dcf6-40d1-adad-9441919a4239,33,0,33,0,0,0,33
63,Самарская область,2,Безенчукская,75668904-1947-4304-84d2-86883d321fcd,33,0,33,0,0,0,33
63,Самарская область,36,Сергиевская,c481cb5c-a380-4c59-ba5a-9e9f9d27c377,33,0,33,0,0,0,33
69,Тверская область,10,Калининская-178,756eb897-e1f1-4411-8771-559cc8d48f48,33,0,33,0,0,0,33
72,Тюменская область,12,Казанская ТИК,d8cbabc3-0a63-40aa-be6f-2e3f647658b7,33,0,33,0,0,0,33
73,Ульяновская область,27,Цильнинская,27799fcb-25a2-48b1-9ab9-b485e607e970,33,0,33,0,0,0,33
78,город Санкт-Петербург,215,ТИК №58 (215),af6fc7e3-9d09-48fc-847a-c83f43ce6d69,33,0,33,0,0,0,33
90,Пермский край,21,Нытвенская,eafe2190-aeea-4217-9dec-08af9352bee6,34,1,33,0,0,0,33
90,Пермский край,27,Пермская - 62,958225cb-8465-4089-a41a-30896ee155f0,35,2,33,0,0,0,33
92,Забайкальский край,4,Черновская г. Читы,f7748d26-013b-46da-b879-a558fc94ce73,33,0,33,0,0,0,33
92,Забайкальский край,29,Сретенская,9d4f3744-3260-4345-9bb1-622ad6dd2717,33,0,33,0,0,0,33
93,Республика Крым,1,ТИК города Алушты,c3ffa9ac-8051-4cdb-a58d-e4ff3cd359c7,33,0,33,0,0,0,33
93,Республика Крым,9,ТИК Кировского района,c6a4a489-45a9-4ff9-9545-0888814a37a1,33,0,33,0,0,0,33
3,Республика Башкортостан,11,Белокатайская,c9ddec98-d8fc-4150-a7b0-b6e3716af887,32,0,32,0,0,0,32
3,Республика Башкортостан,33,Кигинская,5a750699-0f0a-4ab3-b4db-966738b35232,32,0,32,0,0,0,32
3,Республика Башкортостан,43,Нуримановская,5d03cf31-2663-4dff-99e1-66ce34ae3d7d,32,0,32,0,0,0,32
3,Республика Башкортостан,48,Стерлибашевская,c7b0c1e2-3652-42f8-886a-594d45fe10a1,32,0,32,0,0,0,32
5,Республика Дагестан,3,Ахвахская,33544b97-eae4-4c4a-a2e1-263e7ae460da,32,0,32,0,0,0,32
7,Кабардино-Балкарская Республика,7,Прохладненская,bbe27807-d623-43f6-a0b2-a518855af541,32,0,32,0,0,0,32
10,Республика Карелия,17,Сегежская,67f44e19-e836-4566-ac39-1b0857b42a63,32,0,32,0,0,0,32
13,Республика Мордовия,20,Пролетарская,df4f4774-d91c-4795-9a0f-eb4d0fa08b42,32,0,32,0,0,0,32
14,Республика Саха (Якутия),16,Мирнинская,0870725f-37e5-4960-896d-37407759967c,32,0,32,0,0,0,32
16,Республика Татарстан (Татарстан),40,Лениногорская,daf6f13b-33eb-4b66-8489-1110baf0b6bc,32,0,32,0,0,0,32
23,Краснодарский край,58,Южная г. Новороссийска,3230ba72-1528-470f-bdfa-680e07b9112f,32,0,32,0,0,0,32
25,Приморский край,18,ТИК Надеждинского района,20b9b230-bee4-47eb-b16c-ceeb0fe651b7,32,0,32,0,0,0,32
28,Амурская область,18,Свободненского округа,e044fece-5444-4f03-a76d-0e4357f3cfdd,32,0,32,0,0,0,32
29,Архангельская область,25,Онежская,eb419148-1b6c-4223-ac21-213047b8a491,32,0,32,0,0,0,32
33,Владимирская область,14,Ковровская,45e018b0-c627-4971-9ac3-79b95bd04f2e,32,0,32,0,0,0,32
34,Волгоградская область,15,Еланская,41c57a6c-71e9-42ea-988c-ab3dc7e92975,32,0,32,0,0,0,32
34,Волгоградская область,16,Жирновская,5bdb4cf0-f18b-4974-86b1-3d22e3c50635,32,0,32,0,0,0,32
34,Волгоградская область,22,Котельниковская,9059d0c0-5656-49b1-8300-13cdd04e08fb,32,0,32,0,0,0,32
36,Воронежская область,32,Рамонская,4167a0ae-377d-4095-867e-49a22cd5b3dc,32,0,32,0,0,0,32
36,Воронежская область,38,Хохольская,894090ed-d742-4bfe-91d9-14a2ca3cf190,32,0,32,0,0,0,32
37,Ивановская область,28,Шуйская городская,7ee1ed50-b3b5-4629-a7db-aef756aea582,32,0,32,0,0,0,32
38,Иркутская область,26,Нукутская,5c23f0d1-8546-4444-b4b0-3a0aeb5130bb,32,0,32,0,0,0,32
40,Калужская область,13,Козельская,12e7c692-c498-4971-a60c-862bf5b87929,32,0,32,0,0,0,32
50,Московская область,2,Талдомский (127 округ ГД),4d90557f-838d-46c4-ba4b-19423ab544c3,32,0,32,0,0,0,32
54,Новосибирская область,1,Баганский район,60a3fc7b-21a5-4cee-988d-1fc482445f73,32,0,32,0,0,0,32
55,Омская область,15,ТИК по Называевскому району,f7d4812f-2dde-4afd-b1f1-87d081447255,32,0,32,0,0,0,32
55,Омская область,17,ТИК по Нововаршавскому району,458cd094-c053-4059-b21e-1493cca0683b,32,0,32,0,0,0,32
56,Оренбургская область,1,Абдулинская городская,5022bf9a-e67e-4e9c-89d6-b04c633684ac,32,0,32,0,0,0,32
56,Оренбургская область,34,"Орск, Советская",eb4576a6-c578-4a17-99cc-1c1d647c67df,32,0,32,0,0,0,32
56,Оренбургская область,36,Переволоцкая,45c84f06-dd0f-4146-815e-466b421b06f2,32,0,32,0,0,0,32
61,Ростовская область,56,Тацинская,367b4577-a928-4007-bcca-eacd8838da9a,32,0,32,0,0,0,32
62,Рязанская область,23,Сасовская,98b1d073-eb04-44fd-8370-7fd2d016afea,32,0,32,0,0,0,32
63,Самарская область,14,Кинельская городская,706af92b-b736-40e6-be82-df3eb42f7490,32,0,32,0,0,0,32
68,Тамбовская область,5,Инжавинская ТИК,3fc7ecd3-382f-4417-bbcb-de4f7180f9f6,32,0,32,0,0,0,32
69,Тверская область,19,Лихославльская,ee86be69-1c80-4266-8424-d0dd3a1ffd89,32,0,32,0,0,0,32
69,Тверская область,41,Удомельская,795dff71-0b83-4313-bd64-db6aa9492378,32,0,32,0,0,0,32
73,Ульяновская область,10,Николаевская,f08976d7-972a-4a5c-97cf-71f301ff4254,32,0,32,0,0,0,32
76,Ярославская область,5,Даниловская,16ad978c-8016-4c47-b95e-21647a038477,32,0,32,0,0,0,32
93,Республика Крым,16,ТИК Раздольненского района,47b9983d-c793-45d2-94d3-0b6646e013e5,32,0,32,0,0,0,32
93,Республика Крым,23,ТИК Советского района,67da9556-1300-4bfe-9c19-5f854d4a1544,32,0,32,0,0,0,32
97,Запорожская область,1,Мелитопольская 1,b8cda2fe-6b47-4980-b29a-757d665a7e17,32,0,32,0,0,0,32
5,Республика Дагестан,12,Гунибская,f9ebedce-347f-4fa9-9d3b-562d75c43e4f,31,0,31,0,0,0,31
13,Республика Мордовия,25,Чамзинская,4bf3f691-c49a-40c3-ab8b-2dd7ce6b9d88,31,0,31,0,0,0,31
14,Республика Саха (Якутия),26,Сунтарская,f7ce8dc8-53ad-4865-b1c3-2acd159be4fa,31,0,31,0,0,0,31
20,Чеченская Республика,3,Веденская,780b5d50-5bf3-4ae5-a274-6d3adc06fb57,31,0,31,0,0,0,31
21,Чувашская Республика - Чувашия,4,Батыревская,0b1a8768-f41e-47a4-9ed2-25fe1daee30b,31,0,31,0,0,0,31
21,Чувашская Республика - Чувашия,14,Моргаушская,2b4202fc-e1f6-4680-b989-f79246bed2a6,31,0,31,0,0,0,31
23,Краснодарский край,7,Брюховецкая,57e504e4-a6d1-40b9-b3fe-c5d1790cda54,31,0,31,0,0,0,31
23,Краснодарский край,37,Центральная г. Новороссийска,8b47edad-2f06-492c-9f63-a02a81af15e9,31,0,31,0,0,0,31
24,Красноярский край,38,Территориальная избирательная комиссия № 1 Енисейского округа Красноярского края,53986266-3600-4c87-abb5-efb1f1cec8d1,31,0,31,0,0,0,31
25,Приморский край,30,ТИК Хасанского района,d1715cb2-ee66-4a3f-a073-7e8bc7c7fef5,31,0,31,0,0,0,31
26,Ставропольский край,9,Ессентукская городская,f71d1aa1-4912-46f8-b210-114be6f80f87,31,0,31,0,0,0,31
28,Амурская область,3,города Белогорск,58749b60-c64b-4086-98be-b55c9595fd38,31,0,31,0,0,0,31
28,Амурская область,4,Благовещенского округа,34c58160-9475-4c14-b9c9-26e5f8961a1c,31,0,31,0,0,0,31
29,Архангельская область,7,Котласская городская,0cf6ce9c-57de-4fea-a197-68878ace4ba6,31,0,31,0,0,0,31
32,Брянская область,5,"Брянск, Фокинская",2b79728a-2e8b-4612-9e05-7ddd90ac4b09,31,0,31,0,0,0,31
32,Брянская область,31,Суражская,a5655bba-475a-4544-9411-58c05652189c,31,0,31,0,0,0,31
33,Владимирская область,12,Камешковская,18e6ec1c-7989-4285-8e45-cbae9b7036c5,31,0,31,0,0,0,31
36,Воронежская область,21,Нижнедевицкая,97a24c9d-72e6-4894-ba53-ef25d0b5f41c,31,0,31,0,0,0,31
38,Иркутская область,28,Осинская,c6a36157-d9d6-4268-8f15-432f08d5d9d2,31,0,31,0,0,0,31
38,Иркутская область,44,Шелеховская,24dc274e-808e-4b36-a138-25d54a946b42,31,0,31,0,0,0,31
43,Кировская область,29,Омутнинская,5ffbc6d9-9ee8-4eab-869f-f037d1e8dd47,31,0,31,0,0,0,31
43,Кировская область,38,Слободская,0bee9904-e646-47c0-a8bc-777277031808,31,0,31,0,0,0,31
44,Костромская область,10,Костромская,cbe464e3-de50-453b-85f0-9829775320e7,31,0,31,0,0,0,31
46,Курская область,7,Золотухинская,4c00ceea-32e0-401a-b09a-a73920f732c5,31,0,31,0,0,0,31
46,Курская область,24,Советская,ff546de6-8c27-4a36-8160-c5c76104baf6,31,0,31,0,0,0,31
48,Липецкая область,7,Елецкая,a975bce0-0c92-4638-a178-bb9e720ef009,31,0,31,0,0,0,31
54,Новосибирская область,10,город Искитим,e7b4f4b4-a85d-4f5e-a337-8c4778ec9bde,31,0,31,0,0,0,31
54,Новосибирская область,13,Колыванский район,f0ff5495-ed53-481b-aa5d-cd966359303b,31,0,31,0,0,0,31
61,Ростовская область,11,Волгодонская,9eeccf7d-5c61-4ad4-86a0-12550500f10e,31,0,31,0,0,0,31
61,Ростовская область,59,Цимлянская,9055bf72-c13f-4a80-8ad9-378092e3f09b,31,0,31,0,0,0,31
70,Томская область,8,Территориальная избирательная комиссия Кожевниковского района,8596fdb0-10cd-4d5c-b927-c3c7e1974b8e,31,0,31,0,0,0,31
73,Ульяновская область,12,Новоспасская,93282dfe-bab7-4a59-834c-08b23203c1d9,31,0,31,0,0,0,31
73,Ульяновская область,28,Чердаклинская,b1e627cf-21ba-4532-b01c-df2380f6cb30,31,0,31,0,0,0,31
76,Ярославская область,24,Переславская,90c4c267-b021-48e2-8c5a-64d26d09b0e0,31,0,31,0,0,0,31
95,Донецкая Народная Республика,25,ТИК №25,72ce11a4-ae11-4e4b-8828-8d881bc94e8d,31,0,31,0,0,0,31
97,Запорожская область,2,Мелитопольская 2,301c0982-4987-43e2-9d17-ba149844c46f,31,0,31,0,0,0,31
97,Запорожская область,3,Мелитопольская 3,d38049e3-d994-4c0e-8cf1-9c417e6a9d29,31,0,31,0,0,0,31
97,Запорожская область,6,Приморская,736d77b6-4e75-4ee8-8fc0-72a8f5d91451,31,0,31,0,0,0,31
2,Республика Алтай,3,Майминская,218ec000-4a88-45c6-b662-333da1a39d41,30,0,30,0,0,0,30
2,Республика Алтай,8,Усть-Коксинская,2406d769-0a03-46c9-97bb-58423f941c31,30,0,30,0,0,0,30
4,Республика Бурятия,25,Хоринская,48341e9e-4f31-4467-8f32-8627f43e0788,30,0,30,0,0,0,30
6,Республика Ингушетия,7,Назрановская,cac124c4-703b-4c3a-b47a-39893240e86f,30,0,30,0,0,0,30
10,Республика Карелия,4,Кондопожская,62d06e06-ce2d-44ca-bf8b-2ab9c75b0daa,30,0,30,0,0,0,30
11,Республика Коми,9,Прилузская,17cc1842-29af-4028-aced-4ba5bbedfa31,30,0,30,0,0,0,30
11,Республика Коми,16,Усинская городская,89f3dcc2-39a4-4ed5-861e-22f535355408,30,0,30,0,0,0,30
13,Республика Мордовия,3,Атяшевская,b05d3eed-2550-4543-9926-dca87e431593,30,0,30,0,0,0,30
13,Республика Мордовия,15,Лямбирская,d39ca161-5d06-4072-83a9-b40ea798857b,30,0,30,0,0,0,30
14,Республика Саха (Якутия),32,Хангаласская,95297878-a638-444a-83c7-790c4fa7f615,30,0,30,0,0,0,30
15,Республика Северная Осетия - Алания,1,ТИК Алагирского района,054c2b10-55ca-4e17-a82b-c8592b404bfc,30,0,30,0,0,0,30
16,Республика Татарстан (Татарстан),45,Муслюмовская,64b21a2a-9d77-4bf5-91c7-493a2cb7b930,30,0,30,0,0,0,30
18,Удмуртская Республика,33,Якшур-Бодьинский район,32d2908b-6637-445e-bad7-50058888a8c3,30,0,30,0,0,0,30
19,Республика Хакасия,9,Усть-Абаканская,10b5117a-a3d7-44c6-8082-a86e511d8278,30,0,30,0,0,0,30
21,Чувашская Республика - Чувашия,26,Ядринская,58424562-63a0-4574-b7aa-2bdb2063a99a,30,0,30,0,0,0,30
21,Чувашская Республика - Чувашия,27,Яльчикская,4383f004-8337-42b5-81e5-56db3037b58b,30,0,30,0,0,0,30
22,Алтайский край,42,Новоалтайская городская,28bca8bf-0216-4d8c-884f-b029a7b06129,30,0,30,0,0,0,30
22,Алтайский край,65,Троицкая,d66f76c7-3352-41ea-a018-16afc8238917,30,0,30,0,0,0,30
23,Краснодарский край,52,Тихорецкая городская,82091a10-3bcd-4afe-acde-6e6a18691610,30,0,30,0,0,0,30
23,Краснодарский край,54,Туапсинская городская,5a19a4e0-ee9e-4af4-a0f2-3dce03edeb13,30,0,30,0,0,0,30
24,Красноярский край,12,Территориальная избирательная комиссия № 1 Дзержинского-Тасеевского округа Красноярского края,48a89d68-7a0c-4e49-8266-ed22761e2368,30,0,30,0,0,0,30
24,Красноярский край,39,Территориальная избирательная комиссия № 2 Манско-Уярского округа Красноярского края,8c8fb717-7aca-4901-935b-ac01e6a22158,30,0,30,0,0,0,30
24,Красноярский край,57,Территориальная избирательная комиссия № 1 Манско-Уярского округа Красноярского края,e57cddf7-2224-4a2b-8bd6-937ad742a603,30,0,30,0,0,0,30
25,Приморский край,15,ТИК Лазовского района,5d9bea54-70e8-4679-bc6d-7b897fbd0cbc,30,0,30,0,0,0,30
28,Амурская область,15,Октябрьского округа,8543331b-798d-4abc-b850-ced66973aff9,30,0,30,0,0,0,30
29,Архангельская область,4,"Архангельск, Соломбальская",fd801da5-73b3-4c8c-a1a4-eb6ff8eb2d7c,30,0,30,0,0,0,30
33,Владимирская область,4,Гусь-Хрустальная городская,85bc0d73-8bdf-48be-b05b-515ee7a10d76,30,0,30,0,0,0,30
38,Иркутская область,21,Киренская,1e9a6efc-84c2-4bef-80c6-48ca1754490f,30,0,30,0,0,0,30
40,Калужская область,12,Кировская,7509cdea-888a-4db3-8ff7-c5ca13e48320,30,0,30,0,0,0,30
45,Курганская область,3,Варгашинская,5da61f06-ac97-4661-8013-3248d80dd642,30,0,30,0,0,0,30
45,Курганская область,7,Катайская,69562e09-223e-4bd3-8320-266f35d13212,30,0,30,0,0,0,30
46,Курская область,3,Глушковская,5c75c6f2-cd5b-46bb-b35e-b67d25c609b8,30,0,30,0,0,0,30
48,Липецкая область,24,"Липецк, Октябрьская №2",60a4c6f8-acec-411c-8910-3e198d02adcb,30,0,30,0,0,0,30
54,Новосибирская область,45,Чистоозерный район,cfa64bd8-ae72-4027-a5a5-ec586c4b5c31,30,0,30,0,0,0,30
55,Омская область,21,ТИК по Павлоградскому району,02abb8a5-41f5-474e-aa77-a377eba43824,30,0,30,0,0,0,30
61,Ростовская область,23,Кашарская,6af25220-9f34-417e-97f6-e163e1eec0ef,30,0,30,0,0,0,30
62,Рязанская область,12,Пронская,4eeb0771-e9f8-4a5a-a07a-b1d1f38e805c,30,0,30,0,0,0,30
63,Самарская область,17,Красноармейская,2060c31f-345e-421b-b5a0-80efa40f42e1,30,0,30,0,0,0,30
69,Тверская область,12,Кашинская,9dee49dc-bebd-4869-939c-f5985cd850e6,30,0,30,0,0,0,30
70,Томская область,6,Территориальная избирательная комиссия Каргасокского района,9aef7aea-43f2-4a7a-95a4-6e616fd84ae5,30,0,30,0,0,0,30
70,Томская область,13,Территориальная избирательная комиссия Первомайского района,f83a95f6-3103-46d3-b2ce-da2feb3c2810,30,0,30,0,0,0,30
71,Тульская область,5,Веневская,3950884c-ea00-4793-b005-732fa20b862f,30,0,30,0,0,0,30
71,Тульская область,7,Донская,c62abbbc-8bb5-4946-80f9-eb642fba62da,30,0,30,0,0,0,30
71,Тульская область,18,Плавская,a0eb9d1d-6921-49d8-a24c-40deabb61fad,30,0,30,0,0,0,30
72,Тюменская область,13,Нижнетавдинская ТИК,4c8dbbdc-c923-4ea6-8145-cabdcc1d2d3a,30,0,30,0,0,0,30
78,город Санкт-Петербург,215,ТИК №56 (215),ee8277c3-39d0-4f33-85d2-9a73ab1680f6,30,0,30,0,0,0,30
90,Пермский край,18,Куединская,be6be146-44b1-42c0-8760-ce51272e55f0,31,1,30,0,0,0,30
90,Пермский край,24,Осинская,25a3dcba-0b91-45ef-ba8c-2fbab0a1386b,31,1,30,0,0,0,30
92,Забайкальский край,19,Краснокаменская,3008e897-0f7c-49f7-9a0c-d95543c5993a,30,0,30,0,0,0,30
95,Донецкая Народная Республика,23,ТИК №23,ae683bb6-f59e-48cb-9043-b54a9a19f698,30,0,30,0,0,0,30
5,Республика Дагестан,40,Сергокалинская,6638ddcc-1dde-47dc-9363-47272de7ac6c,29,0,29,0,0,0,29
5,Республика Дагестан,51,Цунтинская,be10d03e-cc06-4ee6-b5f1-7e7c63620f71,29,0,29,0,0,0,29
11,Республика Коми,7,Корткеросская,93c56551-1d5e-4f7b-93c4-b9083f476c56,29,0,29,0,0,0,29
16,Республика Татарстан (Татарстан),16,Бугульминская,84a43b1a-8e77-47ff-bbc1-9046a3a5de80,29,0,29,0,0,0,29
16,Республика Татарстан (Татарстан),36,Кайбицкая,9855cd9b-496d-4d5a-9baa-1e94e53110e3,29,0,29,0,0,0,29
18,Удмуртская Республика,10,Завьяловский район - 38,bf5223fa-9e58-4d16-b753-8b33ecf6ca1b,29,0,29,0,0,0,29
18,Удмуртская Республика,35,Завьяловский район - 39,4d2fcf31-238f-4945-b004-da5e666d1e11,29,0,29,0,0,0,29
19,Республика Хакасия,11,Ширинская,e69532e8-8b84-4e86-b109-d61ff43fb13a,29,0,29,0,0,0,29
21,Чувашская Республика - Чувашия,17,Урмарская,88cb9dbc-50e9-4aea-927e-bad1ca8646e4,29,0,29,0,0,0,29
21,Чувашская Республика - Чувашия,25,Шумерлинская,2331001a-a3ce-4475-b14d-e4ddc37989ba,29,0,29,0,0,0,29
22,Алтайский край,1,Алейская,1fb74173-142c-454c-9f0f-990346ab85d2,29,0,29,0,0,0,29
22,Алтайский край,14,Бийская,d5b03548-6ffc-4a0e-92cc-732f76f61f61,29,0,29,0,0,0,29
23,Краснодарский край,25,Крыловская,3dfbd3d1-7b56-445e-8b71-529c5adde0ed,29,0,29,0,0,0,29
24,Красноярский край,26,Территориальная избирательная комиссия Каратузского округа Красноярского края,eebc8155-aa79-403d-b145-7f7d53d4cedd,29,0,29,0,0,0,29
25,Приморский край,31,ТИК Хорольского района,00c48730-ba17-46a4-946d-51d75f8795c1,29,0,29,0,0,0,29
25,Приморский край,33,ТИК Чугуевского района,325a304d-a12d-4d38-b12d-250b825be5d8,29,0,29,0,0,0,29
25,Приморский край,41,ТИК №2 Первореченского района города Владивостока,85903944-62c0-42e3-bc3e-7ee1d423b1fa,29,0,29,0,0,0,29
28,Амурская область,23,Тамбовского округа,53b0f783-8973-4309-af3c-21993a2d6a9c,29,0,29,0,0,0,29
29,Архангельская область,29,Устьянская,eed26b62-8e21-4bd2-a012-0e86d3ee63bd,29,0,29,0,0,0,29
32,Брянская область,3,"Брянск, Володарская",62047eaf-ba22-4df5-8e1d-db70926a85e0,29,0,29,0,0,0,29
32,Брянская область,17,Клинцовская городская,91e667f0-ecee-4d37-bc95-4e01deebaffd,29,0,29,0,0,0,29
32,Брянская область,19,Комаричская,d7f6755c-9f34-4c4c-ad78-b15f43a995e0,29,0,29,0,0,0,29
32,Брянская область,21,Мглинская,f70e4ca8-099c-4259-9d53-1126981b8eb6,29,0,29,0,0,0,29
34,Волгоградская область,32,Палласовская,dbb53191-2dfb-48c5-bec1-a11b03686424,29,0,29,0,0,0,29
34,Волгоградская область,39,Суровикинская,a5e08227-e219-411d-8ee1-5a0828224556,29,0,29,0,0,0,29
35,Вологодская область,28,Шекснинская,322a3428-7c3d-4e00-8aee-cc75a6a96829,29,0,29,0,0,0,29
36,Воронежская область,7,Верхнехавская,1de57f6a-2cc3-401a-9150-43251b637846,29,0,29,0,0,0,29
37,Ивановская область,8,"Иваново, Советская",294bdc1f-f5e5-4652-a40f-25fe5d695796,29,0,29,0,0,0,29
37,Ивановская область,22,Родниковская,ef80df7b-dca1-4cc8-9a3f-1b9bced9b5cf,29,0,29,0,0,0,29
45,Курганская область,11,Куртамышская,31fe8ec7-4e17-4910-a257-f8d7e8c3fd6c,29,0,29,0,0,0,29
45,Курганская область,25,Шумихинская,497dca62-2533-4363-af95-768dca55ad3f,29,0,29,0,0,0,29
46,Курская область,1,Беловская,bba403a3-0795-48c5-8b55-c1afe6a9e6fd,29,0,29,0,0,0,29
48,Липецкая область,5,Добровская,fe70db43-ab50-4c1c-a8ec-269278003cb1,29,0,29,0,0,0,29
48,Липецкая область,20,Тербунская,fc6c0a78-cb24-45ef-9619-8acbb8ed83ff,29,0,29,0,0,0,29
55,Омская область,30,ТИК по Усть-Ишимскому району,75b7fe5c-ddd4-45eb-bfba-ae0439bc6f86,29,0,29,0,0,0,29
55,Омская область,31,ТИК по Шербакульскому району,52ac4ba3-55a9-4616-84d4-91befacbe567,29,0,29,0,0,0,29
56,Оренбургская область,17,Красногвардейская,08c0d31a-8b1c-4b52-a3e6-56f034c677a9,29,0,29,0,0,0,29
56,Оренбургская область,32,"Орск, Ленинская",66b0ee00-8043-4a28-883e-3142b6392f9a,29,0,29,0,0,0,29
56,Оренбургская область,49,Шарлыкская,87336ffb-46f4-4b8b-bb36-0e96263e2827,29,0,29,0,0,0,29
57,Орловская область,19,"Орел, Железнодорожная",eff3c141-f600-40c4-a5ed-c0e6a4fc4014,29,0,29,0,0,0,29
61,Ростовская область,8,Верхнедонская,f91ca6bf-a154-493d-8c03-35a46e048a12,29,0,29,0,0,0,29
62,Рязанская область,7,Кораблинская,73a11969-a070-4510-af0f-0eaa53ff324e,29,0,29,0,0,0,29
62,Рязанская область,38,157-Рязанская,952d9056-7397-4a26-a9cc-93e7614c9c6c,29,0,29,0,0,0,29
63,Самарская область,7,Волжская-159,1218eb2c-37cb-44df-bb6d-d0843d73239b,29,0,29,0,0,0,29
63,Самарская область,26,Приволжская,47933fee-6d12-4522-91ba-c5eaa660d687,29,0,29,0,0,0,29
68,Тамбовская область,3,Жердевская ТИК,52e81b14-2604-451a-b6a5-ba080f44a271,29,0,29,0,0,0,29
68,Тамбовская область,23,Сосновская ТИК,821adfd5-2716-4b37-9a89-42e085859e9c,29,0,29,0,0,0,29
70,Томская область,5,Территориальная избирательная комиссия Зырянского района,b357b707-3ce4-4b6b-9a78-04396269ff13,29,0,29,0,0,0,29
71,Тульская область,3,Белевская,02dc8344-51ae-43ec-8433-5f3d4c57400a,29,0,29,0,0,0,29
71,Тульская область,27,Чернская,ad345dc8-db1d-411f-8057-51618e8ac0b2,29,0,29,0,0,0,29
72,Тюменская область,17,Тобольская ТИК,a6a4699c-e588-43a9-9932-35b9264cf542,29,0,29,0,0,0,29
73,Ульяновская область,6,Карсунская,f1250863-aece-4585-9efd-b55843eac74b,29,0,29,0,0,0,29
78,город Санкт-Петербург,211,ТИК №5 (211),fe80842c-31ca-471e-9f9c-0361d0d8fea3,29,0,29,0,0,0,29
78,город Санкт-Петербург,212,ТИК №8 (212),a8d207ca-d99f-4fd7-9d5f-9643fd07c1b0,29,0,29,0,0,0,29
78,город Санкт-Петербург,216,ТИК №33 (216),bfcff59b-d1d7-45a9-81c1-f21450bd6972,29,0,29,0,0,0,29
93,Республика Крым,14,ТИК Нижнегорского района,d55f6463-d2d9-48af-a78c-3b23bab94aea,29,0,29,0,0,0,29
96,Луганская Народная Республика,21,ТИК Перевальского района,d995d463-9555-478a-bdf2-f9fd82482bfa,29,0,29,0,0,0,29
98,Херсонская область,4,Геническая территориальная избирательная комиссия,089386b1-c761-48e6-bbad-a3ba9107acce,29,0,29,0,0,0,29
3,Республика Башкортостан,24,Ермекеевская,08afc496-d81d-47ba-ade5-78a7839a05e0,28,0,28,0,0,0,28
5,Республика Дагестан,11,Гумбетовская,6af05a95-e26d-43fb-a187-6b932fbc3b59,28,0,28,0,0,0,28
5,Республика Дагестан,19,Казбековская,67bed5bc-cce9-4a2b-a6f8-fc3243eb6530,28,0,28,0,0,0,28
10,Республика Карелия,16,Пудожская,2f9cc33c-9aa7-40f4-8182-a8cef0ab90d8,28,0,28,0,0,0,28
13,Республика Мордовия,1,Ардатовская,d9367d5d-2bb3-4ffa-be28-2e8e24e2a82e,28,0,28,0,0,0,28
13,Республика Мордовия,10,Ичалковская,672f5523-8826-4fe3-850d-47c2fbbdab38,28,0,28,0,0,0,28
13,Республика Мордовия,16,Ромодановская,9a485e19-2c6c-4074-90b8-aa3e0bd676bc,28,0,28,0,0,0,28
14,Республика Саха (Якутия),2,Алданская,0a4272c0-6cc7-4ffb-9b7a-9f80e877b909,28,0,28,0,0,0,28
14,Республика Саха (Якутия),21,Нюрбинская,5978c7c3-1bf5-41a8-8f2d-f545384dc875,28,0,28,0,0,0,28
14,Республика Саха (Якутия),33,Чурапчинская,04f2be55-4ce3-495e-92e1-bf6d44160b0b,28,0,28,0,0,0,28
21,Чувашская Республика - Чувашия,10,Комсомольская,00507785-5552-4e78-a648-07d57d3b34c9,28,0,28,0,0,0,28
23,Краснодарский край,12,Динская - 50,90668037-f1e6-4897-bdef-a957e5b5f92d,28,0,28,0,0,0,28
24,Красноярский край,17,Территориальная избирательная комиссия Ермаковского округа Красноярского края,36ee24de-fad3-49db-8a0d-a5a16509db95,28,0,28,0,0,0,28
28,Амурская область,2,Белогорского округа,426750d3-f824-4db3-83fd-d20bb2613ce5,28,0,28,0,0,0,28
28,Амурская область,10,Ивановского округа,60583bdc-bfb2-4598-9cdc-2caeb018fc1a,28,0,28,0,0,0,28
28,Амурская область,25,города Тында,e1fad8e2-1227-4448-ba16-63c0c9c8d3e6,28,0,28,0,0,0,28
30,Астраханская область,14,Приволжская,e56545c3-f65c-4a1f-9c05-ed6a1e64bed1,28,0,28,0,0,0,28
32,Брянская область,1,Брасовская,95472490-fe93-406d-b45a-b4321a86601a,28,0,28,0,0,0,28
34,Волгоградская область,14,Дубовская,4c2a9ce8-ecfa-4e53-8444-74efde30b723,28,0,28,0,0,0,28
34,Волгоградская область,35,Светлоярская,73e7a4b7-0177-49b5-b5e0-c2d5ba88d26e,28,0,28,0,0,0,28
37,Ивановская область,26,Фурмановская,babc8e03-f131-4d0a-beb9-d70d1651837e,28,0,28,0,0,0,28
40,Калужская область,15,Людиновская,d3edaa4a-252d-489d-bcbc-da3c6aac7692,28,0,28,0,0,0,28
43,Кировская область,10,Зуевская,064e4788-2da2-45ba-b9b0-bc0fd25c7537,28,0,28,0,0,0,28
44,Костромская область,18,Нерехтская,a2098499-6c65-4cad-921d-2257fee4a67e,28,0,28,0,0,0,28
46,Курская область,4,Горшеченская,df03514f-b56a-4ce1-8e52-0c23832b2e3d,28,0,28,0,0,0,28
46,Курская область,16,Льговская,26d88feb-edfd-4b43-9f6e-1ccff5c5b76f,28,0,28,0,0,0,28
48,Липецкая область,23,Чаплыгинская,ca5f71d0-f435-4b05-bf30-02b37c2168ed,28,0,28,0,0,0,28
50,Московская область,4,Дубна (127 округ ГД),6ad4d0a0-a83b-4d99-b4e1-74f2d7ce6c97,28,0,28,0,0,0,28
51,Мурманская область,13,Печенгская,791aa936-77d6-45df-938a-28be8d6b3843,28,0,28,0,0,0,28
54,Новосибирская область,6,Венгеровский муниципальный округ,9d2e327f-1aed-4d5a-af2f-05a53618eb89,28,0,28,0,0,0,28
54,Новосибирская область,32,Центральный район города Новосибирска,c562987c-3b2b-4119-80a8-0b6260baa6db,28,0,28,0,0,0,28
56,Оренбургская область,35,Первомайская,a9c449ab-9790-4be2-a552-9f52b443ba23,28,0,28,0,0,0,28
57,Орловская область,30,"Орел, Северная",91ce7a3b-5875-4ae9-936b-470129fa551f,28,0,28,0,0,0,28
61,Ростовская область,19,Зимовниковская,417a4ca2-e2ac-4733-bbf8-2db29077a558,28,0,28,0,0,0,28
62,Рязанская область,15,Ряжская,c65c9b39-a948-429b-a349-9006bb15364b,28,0,28,0,0,0,28
63,Самарская область,13,Кинельская,b3abf949-cf51-4224-b09c-1dd9368d9b89,28,0,28,0,0,0,28
64,Саратовская область,4,Базарно-Карабулакская,53b1808c-35a0-4da8-8785-1fa74ec1084e,28,0,28,0,0,0,28
64,Саратовская область,23,Новоузенская,37cc822d-4796-4583-9c56-ac3bb4ca93a1,28,0,28,0,0,0,28
67,Смоленская область,15,Починковская,b4754677-8c5b-4beb-9f6e-a086ffcda2d6,28,0,28,0,0,0,28
68,Тамбовская область,11,Мордовская ТИК,fcf42dc0-34fd-47e4-b10b-42b4c6038d66,28,0,28,0,0,0,28
71,Тульская область,29,Ясногорская,4b6dbc20-be7a-4485-8660-ef39f9be0d53,28,0,28,0,0,0,28
73,Ульяновская область,26,Ульяновская,4fae461c-7eed-4ded-a50d-370bd49b0d23,28,0,28,0,0,0,28
90,Пермский край,31,"Пермь, Ленинская",861e798b-b596-4ac1-b952-b4194ba0f0c0,29,1,28,0,0,0,28
92,Забайкальский край,26,Оловяннинская,d6801165-6f7f-46a8-b270-0fcad7440b3c,28,0,28,0,0,0,28
92,Забайкальский край,34,Чернышевская,7eca4d09-6fd9-4065-a95f-b6286681729f,28,0,28,0,0,0,28
93,Республика Крым,26,ТИК Черноморского района,cd5edacb-bb92-4f35-ad1b-3c1c83a8486e,28,0,28,0,0,0,28
97,Запорожская область,4,Акимовская,15d77b83-e60d-4684-8c63-f0faf9e0f2b2,28,0,28,0,0,0,28
4,Республика Бурятия,14,Мухоршибирская,81b9faec-19a7-4f70-9890-7db731417753,27,0,27,0,0,0,27
5,Республика Дагестан,23,Каякентская,a5f93c8c-d097-47c5-9702-65bccec049a1,27,0,27,0,0,0,27
5,Республика Дагестан,48,Хивская,90616dfb-199b-439f-8c9c-099a66a7e722,27,0,27,0,0,0,27
11,Республика Коми,10,Сосногорская городская,f8cccfeb-37a9-4189-8258-5cbd76db2aad,27,0,27,0,0,0,27
13,Республика Мордовия,14,Краснослободская,80c079ad-ff66-4597-be83-9af7d6376700,27,0,27,0,0,0,27
13,Республика Мордовия,24,Торбеевская,f1cce15a-4b8b-4b7b-af11-233d5f038efb,27,0,27,0,0,0,27
14,Республика Саха (Якутия),18,Намская,9921d766-31c1-4035-8937-8418ccd9702d,27,0,27,0,0,0,27
15,Республика Северная Осетия - Алания,9,ТИК Правобережного района,b883a976-9c0f-43b2-b332-b95dd07d7dc9,27,0,27,0,0,0,27
16,Республика Татарстан (Татарстан),51,Новошешмиская,6b6d1d96-343d-4aca-bd01-fd8858da52e5,27,0,27,0,0,0,27
16,Республика Татарстан (Татарстан),61,Тюлячинская,f9cb0000-2ac9-4872-96a1-28448e5d609c,27,0,27,0,0,0,27
18,Удмуртская Республика,1,Алнашский район,2882fbc0-02cc-4b2e-9c76-b50cb3425738,27,0,27,0,0,0,27
18,Удмуртская Республика,4,Воткинский район,5996bd5e-120c-4c92-8e5d-ca4185444e0f,27,0,27,0,0,0,27
19,Республика Хакасия,7,Саяногорская городская,8f452ab4-bac1-4538-bbb2-346ee4bd0ebf,27,0,27,0,0,0,27
20,Чеченская Республика,2,Ачхой-Мартановская,5efcac54-e024-4e3a-b2e7-535dd442e620,27,0,27,0,0,0,27
20,Чеченская Республика,4,Грозненская,4bc93a81-400e-4bde-9c87-85a53f0c2bbc,27,0,27,0,0,0,27
21,Чувашская Республика - Чувашия,6,Ибресинская,1997294e-f13c-4258-98d1-ab53afafc915,27,0,27,0,0,0,27
22,Алтайский край,51,Рубцовская,1666a83f-64ec-4d0e-ae8e-4cd5555c7b17,27,0,27,0,0,0,27
23,Краснодарский край,59,Пригородная г. Новороссийска,97862b90-4892-4dfa-8bff-b96b334ba307,27,0,27,0,0,0,27
25,Приморский край,1,ТИК Анучинского района,2255a9af-050b-41e9-bd57-c85d7c0a1358,27,0,27,0,0,0,27
25,Приморский край,32,ТИК Черниговского района,24df299e-123b-4cbc-8399-d95ddd9d268d,27,0,27,0,0,0,27
26,Ставропольский край,5,Благодарненская,84089b6c-e162-4e39-8226-69de097e57c5,27,0,27,0,0,0,27
29,Архангельская область,5,"Архангельск, Южная",2cde8cfe-b2e8-487e-94a4-7e507630f088,27,0,27,0,0,0,27
30,Астраханская область,15,Харабалинская,35789789-7fbd-4f57-83ca-30cae654a0dc,27,0,27,0,0,0,27
32,Брянская область,15,Клетнянская,2d6cf8c4-ca6f-4d61-b79d-81f89a47b3a5,27,0,27,0,0,0,27
32,Брянская область,18,Клинцовская,c62eb53c-d986-43a6-ac07-ac3229ef2828,27,0,27,0,0,0,27
32,Брянская область,27,Севская,1bb77a25-f840-41f9-a03b-c2a169da2abd,27,0,27,0,0,0,27
34,Волгоградская область,30,Октябрьская,39560ff7-b918-4320-8530-b38d717eb93b,27,0,27,0,0,0,27
35,Вологодская область,14,Кичменгско-Городецкая,e8e77b75-e240-4401-9e6c-7adb27e6e67b,27,0,27,0,0,0,27
36,Воронежская область,19,Каширская,1c84cc88-65fd-44f7-962c-98f55d6e4873,27,0,27,0,0,0,27
38,Иркутская область,4,Баяндаевская,c83623a7-04b4-4c35-b16a-8e44ee0049e9,27,0,27,0,0,0,27
38,Иркутская область,31,Слюдянская,4d99150c-f610-4a53-b84b-13fd0d133f87,27,0,27,0,0,0,27
39,Калининградская область,6,Зеленоградская,1183d2a7-caaa-4665-a4f8-421512c1e81a,27,0,27,0,0,0,27
46,Курская область,14,Курская,c5406cee-4ce5-40ab-b0f9-62f351726d90,27,0,27,0,0,0,27
46,Курская область,31,Щигровская,15108fec-1df1-4c02-a5e4-faffdae553cd,27,0,27,0,0,0,27
53,Новгородская область,3,Валдайская,e2562b8b-c5b4-43ba-a490-c0be37c145aa,27,0,27,0,0,0,27
54,Новосибирская область,12,Каргатский район,a0dccae6-7750-44c2-b3d6-78d37f65e725,27,0,27,0,0,0,27
54,Новосибирская область,46,Чулымский район,1b53697b-d686-4f83-a5bc-df83a91c9390,27,0,27,0,0,0,27
55,Омская область,24,ТИК по Саргатскому району,bf757009-e183-4c24-adf7-02f7ad0bf935,27,0,27,0,0,0,27
56,Оренбургская область,12,Гайская городская,abcba302-8a72-42d4-b0e2-6b5c91c47073,27,0,27,0,0,0,27
57,Орловская область,15,Мценская,68a10741-3114-4a17-bc0e-825379cae761,27,0,27,0,0,0,27
60,Псковская область,2,Великолукская,73c0ad11-42c1-490f-8543-510da8732a81,27,0,27,0,0,0,27
61,Ростовская область,32,Мясниковская,ca424ed5-50b3-4714-8b6b-e1d786a4548e,27,0,27,0,0,0,27
61,Ростовская область,38,Орловская,777dd3bd-30ef-4938-9910-701e20c9a3e8,27,0,27,0,0,0,27
62,Рязанская область,6,Клепиковская,2a303b5b-4676-4e73-9b72-57e1605d79d2,27,0,27,0,0,0,27
63,Самарская область,24,Похвистневская,3b0d3bd0-ce09-484e-8330-176b3c146133,27,0,27,0,0,0,27
63,Самарская область,45,Челно-Вершинская,13949bef-2cf1-4ebd-8c50-deeb2841367c,27,0,27,0,0,0,27
63,Самарская область,46,Шенталинская,e88ca20b-2d11-45b1-ab94-e0e5b5621c94,27,0,27,0,0,0,27
64,Саратовская область,2,Аркадакская,e6f68e05-7e39-4139-957c-175b4c8c66a2,27,0,27,0,0,0,27
69,Тверская область,40,Торопецкая,f4465511-4f09-4203-8d3a-d0827f9e7fdd,27,0,27,0,0,0,27
76,Ярославская область,19,"Ярославль, Кировская",6e0c35d2-06d3-4038-b532-59ffa9f12689,27,0,27,0,0,0,27
78,город Санкт-Петербург,215,ТИК №28 (215),e5c5d68c-7aa4-48e2-a735-982f89f836fe,27,0,27,0,0,0,27
90,Пермский край,16,Красновишерская,96edfe71-b64e-4b46-8df4-7283327318b8,28,1,27,0,0,0,27
90,Пермский край,27,Пермская - 64,a54bb6cd-90f2-46c1-b38d-dd96152512a4,29,2,27,0,0,0,27
92,Забайкальский край,24,Нерчинская,1f8f593c-d97f-46c2-8550-3c6287250fdd,27,0,27,0,0,0,27
97,Запорожская область,7,Бердянская районная,f87f0c58-b335-470f-9edb-c571b2ba0117,27,0,27,0,0,0,27
97,Запорожская область,9,Бердянская 2,a80ea887-105f-4ccc-979d-f6d430cdcdc8,27,0,27,0,0,0,27
97,Запорожская область,19,Михайловская,c8d14af0-a07a-470d-bd36-925f36addd5f,27,0,27,0,0,0,27
2,Республика Алтай,4,Онгудайская,ec855155-b8c4-4fc4-8f7a-b87c12afb390,26,0,26,0,0,0,26
3,Республика Башкортостан,36,Кумертауская городская,351d2f95-1976-41d2-8ef3-38751b1b09b6,26,0,26,0,0,0,26
3,Республика Башкортостан,60,Уфимская (4),b73e69ea-6b87-4c9d-8078-312de7a30359,26,0,26,0,0,0,26
5,Республика Дагестан,4,Ахтынская,a1cf686e-f5db-4e86-90ac-846eef4f67bb,26,0,26,0,0,0,26
7,Кабардино-Балкарская Республика,1,Баксанская,eba436ec-6424-4018-93f7-cd54281ad32b,26,0,26,0,0,0,26
7,Кабардино-Балкарская Республика,9,Терская,19a79aa3-5f5f-4e57-ac6d-cf730a9d4f85,26,0,26,0,0,0,26
10,Республика Карелия,8,Медвежьегорская,df21d4b3-58f3-4080-8726-d0d85237ffd4,26,0,26,0,0,0,26
11,Республика Коми,18,Усть-Куломская,915c65ff-a785-4f8a-8d16-24d056bde898,26,0,26,0,0,0,26
18,Удмуртская Республика,20,Кизнерский район,265d7f57-a182-45dc-a20e-b64af4dcbc36,26,0,26,0,0,0,26
18,Удмуртская Республика,26,Сарапульский район,164fe75e-5e0e-4468-804f-f8d5a06ae6af,26,0,26,0,0,0,26
18,Удмуртская Республика,31,Шарканский район,1d65add1-eaa0-46ca-a91d-1a45e345da72,26,0,26,0,0,0,26
19,Республика Хакасия,4,Бейская,be1a5c39-8554-4e42-964e-9b544137c2dd,26,0,26,0,0,0,26
20,Чеченская Республика,8,"Грозный, Висаитовская",833e218e-d3be-481d-9936-373606353b66,26,0,26,0,0,0,26
20,Чеченская Республика,20,Шелковская,c94b9c16-c323-4eac-96c0-38f3e25585f3,26,0,26,0,0,0,26
21,Чувашская Республика - Чувашия,12,Красночетайская,f55c1e03-921e-4d91-9c2a-ce2fc403fca3,26,0,26,0,0,0,26
22,Алтайский край,23,Заринская,1ea7ccb8-3d37-4aa3-b765-6d41aee9acc2,26,0,26,0,0,0,26
22,Алтайский край,54,Славгородская,851cb21e-336f-4a64-a6a3-fd9538f5e04d,26,0,26,0,0,0,26
23,Краснодарский край,13,Ейская районная,a84a50c6-0e9d-493f-b5da-37968c82ab03,26,0,26,0,0,0,26
23,Краснодарский край,16,Калининская,5b96ad2a-ed6d-4bc7-b1b0-604e35a681dc,26,0,26,0,0,0,26
24,Красноярский край,52,Территориальная избирательная комиссия № 2 Дзержинско-Тасеевского округа Красноярского края,7d36a757-e555-4a4b-ae4e-a99bfd573523,26,0,26,0,0,0,26
25,Приморский край,40,ТИК №2 Ленинского района города Владивостока,e4979993-fa13-4a19-b3ed-bb12d2b65c4d,26,0,26,0,0,0,26
26,Ставропольский край,10,Железноводская городская,fa368454-b0bb-4ff0-8e95-af1ff3d2b482,26,0,26,0,0,0,26
28,Амурская область,8,Зейского округа,f3520041-0db2-46d7-b4a2-6ad6ec6b4c1c,26,0,26,0,0,0,26
28,Амурская область,19,города Свободный,a71dbf2b-cdb6-4609-aef6-80da93bef706,26,0,26,0,0,0,26
29,Архангельская область,27,Плесецкая,2b4f0faa-b7b3-474e-a7ce-9fb0ba4f3359,26,0,26,0,0,0,26
30,Астраханская область,12,Лиманская,e04c1780-1ec5-4a00-b5bc-b19fcab7ad2a,26,0,26,0,0,0,26
34,Волгоградская область,10,"Волгоград, Центральная",a9ef6150-adbd-4121-b0ac-167fc29ef8d6,26,0,26,0,0,0,26
34,Волгоградская область,17,Иловлинская,4a761584-1210-4c09-a70c-1069fb4930c0,26,0,26,0,0,0,26
36,Воронежская область,37,Терновская,4591933d-3f90-4831-bd30-92fb86b5b094,26,0,26,0,0,0,26
37,Ивановская область,20,Приволжская,6fd72780-bbb4-4ad9-b1e1-142ba4ca2e96,26,0,26,0,0,0,26
38,Иркутская область,5,Бодайбинская,9677f971-1579-49c3-b22d-e6da3c7ac693,26,0,26,0,0,0,26
39,Калининградская область,2,Балтийская,4a45bbde-324b-4313-8985-095adcfd9b5b,26,0,26,0,0,0,26
40,Калужская область,23,Сухиничская,7db065aa-a037-463c-8e05-d644f85b77ba,26,0,26,0,0,0,26
43,Кировская область,40,Советская,a7375df5-6807-4d3e-8ce6-e06dfc8fd916,26,0,26,0,0,0,26
45,Курганская область,12,Лебяжьевская,db43251e-b5d6-4472-aecd-edf4f9a56710,26,0,26,0,0,0,26
46,Курская область,8,Касторенская,f0d9d772-0838-4495-96b5-7cea34e1588b,26,0,26,0,0,0,26
46,Курская область,28,Фатежская,b642bf02-73a8-462f-93d1-724a04ed42ad,26,0,26,0,0,0,26
48,Липецкая область,10,Измалковская,6cec5298-7cad-4e91-91f4-0975d2bacb89,26,0,26,0,0,0,26
53,Новгородская область,13,Окуловская,37157125-939d-4c7c-8be5-bda3243a537e,26,0,26,0,0,0,26
54,Новосибирская область,20,Кыштовский район,849c130f-9bc4-47d4-bd9b-25bc48a7a0db,26,0,26,0,0,0,26
55,Омская область,10,ТИК по Крутинскому району,da0f69c2-0d6c-4874-8f8b-36e8aec7f122,26,0,26,0,0,0,26
55,Омская область,19,ТИК по Оконешниковскому району,d160c785-f4a7-45dd-afaf-542e4570eef2,26,0,26,0,0,0,26
55,Омская область,23,ТИК по Русско-Полянскому району,5f28a6bd-264d-4dfe-aec8-50b664d0c0af,26,0,26,0,0,0,26
60,Псковская область,10,Невельская,77ffb049-ecb6-4769-afc7-2a7ecb1e7b45,26,0,26,0,0,0,26
60,Псковская область,13,Опочецкая,13c2534c-6deb-4256-acb4-058dc89024e9,26,0,26,0,0,0,26
61,Ростовская область,57,Усть-Донецкая,b0423807-aea5-4f80-9c7a-b37533e5b4bf,26,0,26,0,0,0,26
64,Саратовская область,20,Лысогорская,eab2547d-752f-4b4f-adf6-f6cebff1482f,26,0,26,0,0,0,26
64,Саратовская область,24,Озинская,56acd863-104f-415b-99f3-df02c4c6fb87,26,0,26,0,0,0,26
64,Саратовская область,32,Самойловская,30d9b421-68d3-4d55-87e4-0a6ef53d73db,26,0,26,0,0,0,26
72,Тюменская область,7,Голышмановская ТИК,b99bc5ec-de31-4d5e-9adb-4d6aca5a9c71,26,0,26,0,0,0,26
76,Ярославская область,9,Некрасовская,7c98d0e7-c0ad-4dbf-8701-fcba0517b798,26,0,26,0,0,0,26
76,Ярославская область,20,"Ярославль, Красноперекопская",358440ec-8539-44e7-9ac3-05e0bd2cfb46,26,0,26,0,0,0,26
78,город Санкт-Петербург,211,ТИК №51 (211),a43e24b9-fa1a-4208-ae88-372c878bc44c,26,0,26,0,0,0,26
78,город Санкт-Петербург,211,ТИК №52 (211),c7960116-34fa-41bf-b321-8c4c84018d6d,26,0,26,0,0,0,26
90,Пермский край,12,Ильинская,c6ac5e25-ed2b-4823-8e73-1ba33ffc9519,27,1,26,0,0,0,26
95,Донецкая Народная Республика,34,ТИК №34,d2c14da2-07e0-4ac9-9389-ade6698bbeb1,26,0,26,0,0,0,26
97,Запорожская область,18,Веселовская,e2270d3e-cb69-45aa-9633-31a988613d7b,26,0,26,0,0,0,26
2,Республика Алтай,7,Усть-Канская,137bb121-247c-4208-a3e2-76f1ce0faaa6,25,0,25,0,0,0,25
4,Республика Бурятия,5,Еравнинская,47097d22-e1e4-4434-ad7d-9e36187b7958,25,0,25,0,0,0,25
4,Республика Бурятия,10,Кижингинская,01a6ab4b-f2ef-43f9-ae6a-6ddddd9875be,25,0,25,0,0,0,25
5,Республика Дагестан,5,Бабаюртовская,eae964a7-8805-4175-a1b2-49ede8067b13,25,0,25,0,0,0,25
5,Республика Дагестан,9,Буйнакская городская,04452b12-8a6b-4fac-a1f0-f37dcd20b0cf,25,0,25,0,0,0,25
5,Республика Дагестан,37,Новолакская,6295534b-0d79-4e8f-8a92-c6ea58e84ebc,25,0,25,0,0,0,25
7,Кабардино-Балкарская Республика,3,Зольская,f8175158-6d6f-4117-9935-ba27f79b73e5,25,0,25,0,0,0,25
9,Карачаево-Черкесская Республика,8,по Усть-Джегутинскому району,43ef3cdd-caec-4d6c-beda-41644c49b7fe,25,0,25,0,0,0,25
16,Республика Татарстан (Татарстан),64,Чистопольская городская,103107b2-5722-4375-9a99-0b84f8c213c9,25,0,25,0,0,0,25
18,Удмуртская Республика,3,Вавожский район,dd0f31bc-5724-402b-8fc0-9cda4ea4f6e2,25,0,25,0,0,0,25
20,Чеченская Республика,7,"Грозный, Байсангуровская",0202c196-e953-4d9b-8fa6-8d0d1bf5d7ab,25,0,25,0,0,0,25
22,Алтайский край,31,Красногорская,4f3d5cce-ee1c-44a1-8a96-e9e1505d74e5,25,0,25,0,0,0,25
22,Алтайский край,37,Локтевская,2d2bfd6a-895d-4f59-a7ce-535b47a91b4e,25,0,25,0,0,0,25
22,Алтайский край,55,Смоленская,ae0a67b9-4a83-48bc-9b29-f12d5063abc5,25,0,25,0,0,0,25
24,Красноярский край,44,Территориальная избирательная комиссия № 2 Балахтинско-Новоселовского округа Красноярского края,7a5176c2-14a4-4f59-a11f-9ad345bd08e7,25,0,25,0,0,0,25
25,Приморский край,2,ТИК города Арсеньева,f4548a79-b97a-4b05-a5ae-a92991bee538,25,0,25,0,0,0,25
25,Приморский край,10,ТИК Дальнегорского района,ef663e52-9ca0-4b94-8f89-21b520302450,25,0,25,0,0,0,25
25,Приморский край,24,ТИК Пограничного района,55b155b9-f482-45d0-bc71-8543fd54862c,25,0,25,0,0,0,25
25,Приморский край,29,ТИК Ханкайского района,2cb9e9da-0b83-43bc-9477-baaa3cb5835d,25,0,25,0,0,0,25
26,Ставропольский край,37,Георгиевская городская,2567be3b-1121-4097-b847-3286d8b7f26d,25,0,25,0,0,0,25
27,Хабаровский край,4,Ванинская,6f317419-2f55-414c-b2a6-ee4033e716f8,48,23,25,0,0,0,25
28,Амурская область,13,Мазановского округа,ae921dca-d362-4a35-9ff2-e02856b5f36b,25,0,25,0,0,0,25
29,Архангельская область,2,"Архангельск, Ломоносовская",97907524-1862-4f5a-a2ce-ba77e5540ba7,25,0,25,0,0,0,25
29,Архангельская область,18,Коношская,f16835be-f942-4a6e-9498-4ef236ff277e,25,0,25,0,0,0,25
29,Архангельская область,24,Няндомская,ac47da47-695b-4c26-95a2-a6f7f4000a3e,25,0,25,0,0,0,25
31,Белгородская область,4,Борисовская,a6392602-78c1-4cbe-9734-6349118f3478,25,0,25,0,0,0,25
34,Волгоградская область,3,"Волгоград, Ворошиловская",c37cc320-5864-408f-a2a3-5aeb86fb4b4a,25,0,25,0,0,0,25
34,Волгоградская область,44,Михайловская городская,9c6ce268-c34d-41fc-9bee-85ca80d73ce1,25,0,25,0,0,0,25
43,Кировская область,2,Афанасьевская,9b61d39b-7bf5-48ad-9aac-87e6d32afc17,25,0,25,0,0,0,25
43,Кировская область,3,Белохолуницкая,a981c874-ebe6-40a3-a6ab-d2b5c18e3f3f,25,0,25,0,0,0,25
45,Курганская область,2,Белозерская,16384ea7-6f7b-4f01-b2e9-d6e9bac320cf,25,0,25,0,0,0,25
46,Курская область,5,Дмитриевская,96d3ceb6-f3c0-412d-b4be-2207ed24d159,25,0,25,0,0,0,25
46,Курская область,10,Кореневская,09ba2291-eb7d-4e7b-8ec6-b77e0c103641,25,0,25,0,0,0,25
48,Липецкая область,6,Долгоруковская,517a9307-9e9b-4bb6-857f-b41679738321,25,0,25,0,0,0,25
48,Липецкая область,13,Лев-Толстовская,b15798d5-2792-4dc2-8a2a-cd150a5e2901,25,0,25,0,0,0,25
50,Московская область,3,Лосино-Петровский (129 округ ГД),3f5b876f-f07d-4698-86f6-69381bbaf75f,25,0,25,0,0,0,25
50,Московская область,4,Фрязино (129 округ ГД),dd2e06ac-50dd-48cd-86a2-c008a537682d,25,0,25,0,0,0,25
51,Мурманская область,1,Апатитская,7f7c8cb0-7333-44a3-805c-560f444baa24,25,0,25,0,0,0,25
51,Мурманская область,9,Мончегорская,64faf2d9-3311-438b-99c6-90a4642b9c59,25,0,25,0,0,0,25
55,Омская область,5,ТИК по Знаменскому району,7329627c-7935-4f25-b56f-c6adf7862db2,25,0,25,0,0,0,25
56,Оренбургская область,41,Северная,85c58d7d-1df0-49e7-8c21-c6d3c324e85a,25,0,25,0,0,0,25
57,Орловская область,11,Кромская,3c815ed4-ac6a-430c-b57a-c8b4822d6304,25,0,25,0,0,0,25
57,Орловская область,13,Ливенская городская,58f1644b-21c1-43a2-9f7a-4bf150323e8b,25,0,25,0,0,0,25
57,Орловская область,16,Мценская городская,f353e176-9ea1-487c-ba9e-925f64bd389b,25,0,25,0,0,0,25
61,Ростовская область,13,Донецкая городская,1a7d3b74-2e50-4842-9ccb-be50c0524cc3,25,0,25,0,0,0,25
63,Самарская область,1,Алексеевская,b289fb16-8520-4392-bff8-d05684a5fe33,25,0,25,0,0,0,25
63,Самарская область,9,Жигулевская городская,7dbc5c2e-9781-4b99-ab1a-ccea3c8e7647,25,0,25,0,0,0,25
63,Самарская область,19,Нефтегорская,673ed7e1-3cf9-47fb-9b1c-914e61ba218c,25,0,25,0,0,0,25
63,Самарская область,38,Сызранская,a59d49a6-570d-45e3-8a4a-42590ccd5a26,25,0,25,0,0,0,25
64,Саратовская область,13,Екатериновская,e460eb38-db7b-4e2f-aa33-7bec5d69a01c,25,0,25,0,0,0,25
68,Тамбовская область,29,Токарёвская ТИК,f478d100-324d-4413-997e-7f53d00f2e3d,25,0,25,0,0,0,25
69,Тверская область,11,Калязинская,8eba2675-89ca-41a7-8229-652b4c139bbf,25,0,25,0,0,0,25
69,Тверская область,34,Старицкая,e0483d5c-f886-453e-8c6c-afb2bbfbf2e5,25,0,25,0,0,0,25
70,Томская область,11,Территориальная избирательная комиссия Молчановского района,51515c6f-a9d2-4eb6-abb3-fcb4d5075fa3,25,0,25,0,0,0,25
70,Томская область,22,Территориальная избирательная комиссия Чаинского района,5e69f3c8-2f87-4ff2-8a80-43df1a23e0ee,25,0,25,0,0,0,25
70,Томская область,23,Территориальная избирательная комиссия Шегарского района,ab0a2ff7-b308-4505-9a4d-84416c00af7a,25,0,25,0,0,0,25
72,Тюменская область,26,Ялуторовская ТИК,806a3c8c-d40c-4108-ab21-a87748915224,25,0,25,0,0,0,25
73,Ульяновская область,7,Кузоватовская,a0ae3599-2ce2-45d9-b421-17b63b9262a8,25,0,25,0,0,0,25
73,Ульяновская область,17,Старомайнская,00aa308a-f4f1-4cfd-9dc0-e30eb7a7c2f8,25,0,25,0,0,0,25
73,Ульяновская область,18,Сурская,f6b49eea-e343-4686-b95d-3821286c1064,25,0,25,0,0,0,25
76,Ярославская область,4,Гаврилов-Ямская,3977e0b1-2bbd-4736-9998-83f6693dac10,25,0,25,0,0,0,25
76,Ярославская область,12,Пошехонская,2eba6941-0a82-4a21-af2c-b09f5516758c,25,0,25,0,0,0,25
78,город Санкт-Петербург,211,ТИК №50 (211),a552aa98-d4b9-44a5-889f-57d5e4e48b74,25,0,25,0,0,0,25
90,Пермский край,13,Карагайская,225823ab-e941-43fa-a27d-7684fec5f9a9,26,1,25,0,0,0,25
90,Пермский край,26,Очерская,bbf90e0d-fa24-475d-a051-c7edc1e5f4ad,26,1,25,0,0,0,25
92,Забайкальский край,2,Ингодинская г. Читы,dfdb326a-1390-4a7d-a7db-a5bbf81adf8a,25,0,25,0,0,0,25
96,Луганская Народная Республика,22,ТИК города Ровеньки,18fa9405-042e-4d6f-b121-f956ceb7e037,25,0,25,0,0,0,25
1,Республика Адыгея (Адыгея),2,Гиагинская,b9dcf14c-d1d5-4bfe-b5eb-7be3f7771d98,24,0,24,0,0,0,24
2,Республика Алтай,1,Горно-Алтайская городская,2a30429b-3a2c-4370-a073-e72e266c3357,24,0,24,0,0,0,24
3,Республика Башкортостан,15,Благоварская,e17be912-49f6-4b9c-9320-5315cc6b6cea,24,0,24,0,0,0,24
3,Республика Башкортостан,60,Уфимская  (3),ef76ee21-5227-4280-b3cd-b371a1016ae1,24,0,24,0,0,0,24
5,Республика Дагестан,31,Лакская,3e70c5a9-6251-4cc9-b5f1-f6e05a212750,24,0,24,0,0,0,24
16,Республика Татарстан (Татарстан),41,Лениногорская городская,cdc83929-2978-4125-97c5-9fbfc55a56fe,24,0,24,0,0,0,24
16,Республика Татарстан (Татарстан),65,Ютазинская,c2b52638-23fe-4cff-8505-fd173b955095,24,0,24,0,0,0,24
21,Чувашская Республика - Чувашия,28,Янтиковская,7bae150e-9639-4efa-9698-65f2665f88c2,24,0,24,0,0,0,24
22,Алтайский край,30,Косихинская,753b49fb-73c5-4949-a0cb-c21c175c8f07,24,0,24,0,0,0,24
22,Алтайский край,34,Кулундинская,a74c9480-df6f-4a2a-acac-768b8686583b,24,0,24,0,0,0,24
22,Алтайский край,63,Топчихинская,0516d988-9f1c-4309-bb0c-c5d248c42b23,24,0,24,0,0,0,24
23,Краснодарский край,40,Приморско-Ахтарская,569b7ef3-0e55-4330-92bb-69923fcb428d,24,0,24,0,0,0,24
23,Краснодарский край,55,Успенская,ddf95aa6-4a9c-4d2a-b83f-0639e20f3b32,24,0,24,0,0,0,24
25,Приморский край,12,ТИК Кавалеровского района,501c99ef-438e-4602-b486-7069c0f175c1,24,0,24,0,0,0,24
25,Приморский край,23,ТИК Партизанского района,6bc5f671-f8df-4feb-961d-d26b9b531dbb,24,0,24,0,0,0,24
25,Приморский край,35,ТИК Яковлевского района,539e9790-bfdc-4bfd-bc94-0a392a0c4e54,24,0,24,0,0,0,24
25,Приморский край,37,ТИК Дальнереченского района,8385283a-f71c-48d9-91ce-bfbdbacc15ad,24,0,24,0,0,0,24
26,Ставропольский край,1,Александровская,30bcc9e1-7a05-4ece-8eb8-168c58845b01,24,0,24,0,0,0,24
26,Ставропольский край,2,Андроповская,72344046-d923-4fd1-9ab5-177fa499c1cd,24,0,24,0,0,0,24
26,Ставропольский край,13,Кировская,1bd78bb5-5342-4247-9c77-3cd93a3b6ef7,24,0,24,0,0,0,24
29,Архангельская область,30,Холмогорская,a9e98413-1ef9-46e2-85ed-d7cc2a7c687b,24,0,24,0,0,0,24
32,Брянская область,7,Выгоничская,58367a6b-aca2-4777-8905-dd261e6b23f0,24,0,24,0,0,0,24
32,Брянская область,16,Климовская,1386dd60-543e-4291-86eb-1d610f1362ba,24,0,24,0,0,0,24
34,Волгоградская область,23,Котовская,52bb7e1c-ff32-42c7-bd6a-00bc98b315ba,24,0,24,0,0,0,24
34,Волгоградская область,45,Урюпинская,b708dd1c-2838-4f23-a83a-7733099c5fc1,24,0,24,0,0,0,24
36,Воронежская область,8,Воробьевская,385d469c-140b-4775-83e6-3c0e4c59d8b1,24,0,24,0,0,0,24
36,Воронежская область,25,Ольховатская,1c6fd344-fc2b-4d28-add7-ff2ad49c6cac,24,0,24,0,0,0,24
37,Ивановская область,12,Кинешемская,ab45c667-50a5-40a0-8d63-dcc2b30de903,24,0,24,0,0,0,24
38,Иркутская область,9,Жигаловская,b0e5c842-7ee8-41b9-ba6b-bf97d1531a19,24,0,24,0,0,0,24
38,Иркутская область,12,Зиминская районная,f2c576a7-29e4-4a6f-a008-ea5c5b239e74,24,0,24,0,0,0,24
45,Курганская область,26,Щучанская,9e961c65-ab3f-43c0-8afc-d71a44714d3a,24,0,24,0,0,0,24
48,Липецкая область,19,Становлянская,51393604-8117-442b-b208-03b472c71e2e,24,0,24,0,0,0,24
54,Новосибирская область,33,Новосибирский район,c2ec7ebb-db13-4738-9d1e-bc2775514e01,24,0,24,0,0,0,24
55,Омская область,25,ТИК по Седельниковскому району,b070ffac-46ea-425e-a7a3-d1fad6aa76c8,24,0,24,0,0,0,24
55,Омская область,39,ТИК по Омскому району (Округ № 141),34914418-4dd1-452a-9781-9776a9c2624c,24,0,24,0,0,0,24
56,Оренбургская область,3,Акбулакская,9097826f-ec72-4857-be24-04adc285759c,24,0,24,0,0,0,24
56,Оренбургская область,4,Александровская,50438490-0077-4c6b-a138-35d58dd70f8b,24,0,24,0,0,0,24
56,Оренбургская область,6,Беляевская,264b761f-5194-41b6-a08e-09874be1a010,24,0,24,0,0,0,24
57,Орловская область,23,Покровская,600b1fa5-1d9e-448e-a891-b14adb49f1de,24,0,24,0,0,0,24
60,Псковская область,24,Себежская,1d633ea8-ab48-4142-b322-362f92b1a8fe,24,0,24,0,0,0,24
61,Ростовская область,4,Багаевская,99fd8d99-658a-4ae3-961d-d272b1cacaf7,24,0,24,0,0,0,24
61,Ростовская область,9,Веселовская,ad84fda1-679f-4b5f-a817-1d92c45abced,24,0,24,0,0,0,24
61,Ростовская область,15,Егорлыкская,8726fa14-aaa7-465d-afbb-cfe9898fe007,24,0,24,0,0,0,24
61,Ростовская область,42,Родионово-Несветайская,de72d46f-7768-44ba-889c-cb428a2a9fcb,24,0,24,0,0,0,24
63,Самарская область,5,Большечерниговская,f697ac01-4bff-4869-9244-9d6d032efd16,24,0,24,0,0,0,24
63,Самарская область,23,Пестравская,c63c8bae-b924-466e-a5dd-ab74c5f8903b,24,0,24,0,0,0,24
63,Самарская область,37,Ставропольская-160,762fda01-c2f6-4bd7-8e4e-b21fa8771eb0,24,0,24,0,0,0,24
63,Самарская область,47,Шигонская,3abbb035-98f2-4cae-88da-8bf5d5de8d46,24,0,24,0,0,0,24
65,Сахалинская область,16,Холмская,9eaabb1f-95db-487c-8b49-77ff50d58f7c,24,0,24,0,0,0,24
68,Тамбовская область,15,Никифоровская ТИК,f5a324c0-d935-4f63-8e59-05ea4511a806,24,0,24,0,0,0,24
68,Тамбовская область,19,Рассказовская ТИК,5684933c-41b2-4fe7-9106-3d10dbed5a7e,24,0,24,0,0,0,24
68,Тамбовская область,21,Ржаксинская ТИК,b7141949-72ad-457c-a35c-daa0285df51e,24,0,24,0,0,0,24
69,Тверская область,4,Бологовская,6fe0011a-7677-43f9-951d-333b7ae4bae2,24,0,24,0,0,0,24
70,Томская область,10,Территориальная избирательная комиссия Кривошеинского района,94def0ba-c6aa-4013-9ccb-fe1c1544a214,24,0,24,0,0,0,24
72,Тюменская область,9,Исетская ТИК,c6b5399f-fe54-4c01-92d8-c3512b827f80,24,0,24,0,0,0,24
73,Ульяновская область,15,Сенгилеевская,ad4154c3-36c2-4f52-8342-1e025b43f1df,24,0,24,0,0,0,24
78,город Санкт-Петербург,214,ТИК №45 (214),1f83939c-22a8-4b30-9858-f287ec9e6229,24,0,24,0,0,0,24
78,город Санкт-Петербург,216,ТИК №2 (216),534fd730-e050-41a5-ac1e-b2f82c738524,24,0,24,0,0,0,24
96,Луганская Народная Республика,15,ТИК Лутугинского района,85c691b7-f89a-4af4-b739-1149bc979468,24,0,24,0,0,0,24
3,Республика Башкортостан,47,Сибайская городская,199c8775-76e3-4b93-bed1-b0a637db5f9a,23,0,23,0,0,0,23
6,Республика Ингушетия,5,Малгобекская,ce89d7a9-35db-46fd-9f04-56fc5a6500e9,23,0,23,0,0,0,23
7,Кабардино-Балкарская Республика,10,Урванская,d28a2df4-1933-4a6e-9d37-ce3d4b9d2b83,23,0,23,0,0,0,23
9,Карачаево-Черкесская Республика,6,по Прикубанскому району,5b8cd370-0f27-4e5c-994e-e8ec5a708ef5,23,0,23,0,0,0,23
11,Республика Коми,17,Усть-Вымская,cfeed1ca-9aaf-4fbd-b47b-a67ab665e4d8,23,0,23,0,0,0,23
13,Республика Мордовия,6,Дубенская,b1eb420b-ec1c-4f49-896f-849deaf7929b,23,0,23,0,0,0,23
13,Республика Мордовия,21,Старошайговская,2a887c95-dbc7-40cf-853b-6ebcdc3fb260,23,0,23,0,0,0,23
13,Республика Мордовия,22,Темниковская,bf835a8a-b7b1-4e6b-9d50-5b33ea322e75,23,0,23,0,0,0,23
14,Республика Саха (Якутия),13,Кобяйская,4eeb9cc1-54f5-401b-b583-d02fcc13a039,23,0,23,0,0,0,23
16,Республика Татарстан (Татарстан),12,Атнинская,cef91d9b-273e-4cdf-b427-e05d7a047ebf,23,0,23,0,0,0,23
16,Республика Татарстан (Татарстан),23,Елабужская,9a7de83d-7f39-40f2-a08f-ba0f6484706a,23,0,23,0,0,0,23
18,Удмуртская Республика,32,Юкаменский район,d4c715e3-7e8e-4fd1-a951-25fe55890b02,23,0,23,0,0,0,23
21,Чувашская Республика - Чувашия,3,Аликовская,64a38cd5-da86-4ca6-a978-2ec772a08350,23,0,23,0,0,0,23
22,Алтайский край,3,Алтайская,1a8d5838-7da2-4222-9fe9-0f3bb5f5135c,23,0,23,0,0,0,23
23,Краснодарский край,15,Кавказская,ee7918b4-df11-4cea-a50c-73234c44ab11,23,0,23,0,0,0,23
25,Приморский край,7,ТИК №1 Первореченского района города Владивостока,f4c1d252-6faa-4aa8-93b7-d44ed5427170,23,0,23,0,0,0,23
25,Приморский край,34,ТИК города Фокино,3e56dbce-6dcb-4bd2-a026-6c645f7aa134,23,0,23,0,0,0,23
26,Ставропольский край,33,Труновская,b1d8e867-bdd1-44b4-b6a9-2478b21596f6,23,0,23,0,0,0,23
29,Архангельская область,17,Каргопольская,59b1ee7d-f62d-4932-8af1-0012373657ce,23,0,23,0,0,0,23
32,Брянская область,6,Брянская - 82,0c74753d-6463-437f-9b9e-a50ad08c239d,23,0,23,0,0,0,23
32,Брянская область,20,Красногорская,e1d842cb-6f77-4e99-84c8-68697f335a35,23,0,23,0,0,0,23
32,Брянская область,22,Навлинская,89fe7fce-f1ee-4d38-8eb6-d807361be799,23,0,23,0,0,0,23
33,Владимирская область,19,Селивановская,90ffa559-ab76-493f-89dd-afda6feeda61,23,0,23,0,0,0,23
34,Волгоградская область,33,Кумылженская,cf03644e-7583-484a-89a9-7bcdada1624a,23,0,23,0,0,0,23
34,Волгоградская область,38,Старополтавская,2e502bb3-7656-49a2-b558-a96b8a8ff8a8,23,0,23,0,0,0,23
43,Кировская область,5,Верхнекамская,fab857c1-1a7e-496d-ab32-96c75c056367,23,0,23,0,0,0,23
45,Курганская область,14,Мишкинская,617d70dd-f904-4c37-8107-4ff0cde4ff83,23,0,23,0,0,0,23
45,Курганская область,24,Шатровская,5f8e27aa-931f-40dc-a0d7-41c8413c1cff,23,0,23,0,0,0,23
46,Курская область,14,Курская,d5f004b1-e7d5-40e3-94cd-3de6508ec775,23,0,23,0,0,0,23
46,Курская область,15,Курчатовская,863d9e92-e370-43a8-a72b-6f746d929e7b,23,0,23,0,0,0,23
46,Курская область,22,Пристенская,ac422a6e-e242-400b-8a0b-062f456d36a3,23,0,23,0,0,0,23
46,Курская область,25,Солнцевская,7986790e-d648-4464-bee7-b3a35b78f470,23,0,23,0,0,0,23
46,Курская область,30,Черемисиновская,aaab6050-6248-419f-844c-91c3948be69a,23,0,23,0,0,0,23
46,Курская область,32,Железногорская,0db43d67-6b7c-4cfc-bb75-94f3af3dced3,23,0,23,0,0,0,23
50,Московская область,4,Лыткарино (126 округ ГД),2cfaab95-c537-42b8-87ed-d52d95f7f8f2,23,0,23,0,0,0,23
53,Новгородская область,15,Пестовская,ac129a23-1f08-44f6-ae6d-0895c437549b,23,0,23,0,0,0,23
56,Оренбургская область,5,Асекеевская,111fbbec-5e78-42fe-9771-c755c28f99bb,23,0,23,0,0,0,23
57,Орловская область,24,Свердловская,0935eff0-9ff3-4c74-95b6-aab8f29cdf6d,23,0,23,0,0,0,23
61,Ростовская область,46,"Ростов-на-Дону, Ленинская",cbc953eb-7538-44b0-92b9-a52ed8da2048,23,0,23,0,0,0,23
62,Рязанская область,8,Милославская,69433466-a120-4f7d-b021-4949cf82326b,23,0,23,0,0,0,23
63,Самарская область,15,Клявлинская,8e2a78b1-5873-4444-98c9-493296204946,23,0,23,0,0,0,23
64,Саратовская область,22,Новобурасская,602886f6-4cdb-4b32-9d4e-5a3f8c31cc85,23,0,23,0,0,0,23
67,Смоленская область,7,Дорогобужская,1e2797a0-7b6c-4cfd-95c9-efe5f73daf73,23,0,23,0,0,0,23
69,Тверская область,20,Максатихинская,ad48a3f8-2785-45ac-acb0-89aedf0fc7d5,23,0,23,0,0,0,23
69,Тверская область,25,Осташковская,09849aad-9e4e-46ef-9098-0b4bcd8d8b36,23,0,23,0,0,0,23
69,Тверская область,38,"Тверь, Центральная",4b8560d3-9943-4e97-8c26-3294be55e78d,23,0,23,0,0,0,23
72,Тюменская область,14,Омутинская ТИК,10f5b674-ba35-4384-9e16-500964824bf7,23,0,23,0,0,0,23
72,Тюменская область,28,Ярковская ТИК,0df505f9-27f4-4faf-b9fd-31d6539f24ba,23,0,23,0,0,0,23
89,Ямало-Ненецкий автономный округ,3,Приуральская,3158e108-3e92-4296-beca-b150884aff04,23,0,23,0,0,0,23
90,Пермский край,4,Березовская,e3e0efd4-ec24-4596-bf3d-489d3a8dd47d,24,1,23,0,0,0,23
90,Пермский край,54,Юсьвинская,3df981e8-5ccc-4761-a3f8-d57d16240f03,24,1,23,0,0,0,23
92,Забайкальский край,18,Карымская,08084217-9150-44c5-8960-5b3defa05cbb,23,0,23,0,0,0,23
92,Забайкальский край,20,Красночикойская,246ab9f2-b600-470c-bb09-83012cece472,23,0,23,0,0,0,23
93,Республика Крым,12,ТИК Красноперекопского района,0621cbcd-c2fd-4237-a381-1711818b9b93,23,0,23,0,0,0,23
93,Республика Крым,24,ТИК города Судака,03e25775-f3d2-4856-b4ad-4f96b2efa5af,23,0,23,0,0,0,23
95,Донецкая Народная Республика,11,ТИК №11,daba0637-cf39-465c-9fe5-436f7b3946e5,23,0,23,0,0,0,23
95,Донецкая Народная Республика,15,ТИК №15,7fdc6e3c-1b5a-485a-8054-76e6ce3172d6,23,0,23,0,0,0,23
95,Донецкая Народная Республика,32,ТИК №32,453e05b2-471c-4381-a75f-4afa0b72036e,23,0,23,0,0,0,23
97,Запорожская область,4,Мелитопольская районная,e4508403-3412-4681-8cd1-419125e2b28e,23,0,23,0,0,0,23
97,Запорожская область,8,Бердянская 1,44f0494c-d62a-4275-8168-16ec03622c28,23,0,23,0,0,0,23
97,Запорожская область,11,Черниговская,f3687386-941e-44ba-b6f9-88e832780c92,23,0,23,0,0,0,23
1,Республика Адыгея (Адыгея),3,Кошехабльская,937a7727-d445-4912-a53c-affb6a960ea8,22,0,22,0,0,0,22
4,Республика Бурятия,20,Тарбагатайская,af810527-1871-47f3-9491-389d9a9a3944,22,0,22,0,0,0,22
5,Республика Дагестан,45,Унцукульская,e4de2d17-5a1b-4d5e-b0ce-fdc7807bf5bc,22,0,22,0,0,0,22
6,Республика Ингушетия,6,Назрановская городская,469d505b-6405-4b8c-ad3b-1f84c9dc0b47,22,0,22,0,0,0,22
10,Республика Карелия,6,Лахденпохская,c0803df6-b428-41cb-88f8-43ae9dfb5e1c,22,0,22,0,0,0,22
10,Республика Карелия,10,Олонецкая,1e6dd5e0-61c9-4c27-8d8e-d695116ee786,22,0,22,0,0,0,22
13,Республика Мордовия,9,Инсарская,bb19a1e0-cd7a-4195-aeab-65a0faae3b3e,22,0,22,0,0,0,22
14,Республика Саха (Якутия),9,Верхоянская,24569868-57cd-451b-9c4f-d8d032b89037,22,0,22,0,0,0,22
18,Удмуртская Республика,25,город Можга,ed056e3e-0a52-4dda-9f0c-d6a3199a84ac,22,0,22,0,0,0,22
19,Республика Хакасия,2,Алтайская,37bf8985-962d-4cb1-bd18-ddcfb142364b,22,0,22,0,0,0,22
19,Республика Хакасия,8,Таштыпская,5e524859-02fb-4282-8759-6c06c17bb9e9,22,0,22,0,0,0,22
20,Чеченская Республика,12,Надтеречная,dbeff768-6a44-496d-b75f-b0aa2628fc84,22,0,22,0,0,0,22
20,Чеченская Республика,19,Шатойская,7c7c0edd-dd04-44c0-be7e-3d6837ebc815,22,0,22,0,0,0,22
22,Алтайский край,36,Кытмановская,feea2895-61cd-4826-8664-e77bf6935ff7,22,0,22,0,0,0,22
22,Алтайский край,38,Мамонтовская,d5f9f725-ea9e-48d1-b0c9-bcabb203d2b7,22,0,22,0,0,0,22
22,Алтайский край,48,Ребрихинская,e7bff9ba-0cec-448c-bd6d-cdcbec926cb2,22,0,22,0,0,0,22
23,Краснодарский край,1,Апшеронская,f843c729-90e3-40b1-b8dc-d0c4801e9874,22,0,22,0,0,0,22
23,Краснодарский край,47,Староминская,0f3ac4f6-bd05-4082-bec5-fc487d8790f8,22,0,22,0,0,0,22
24,Красноярский край,19,Территориальная избирательная комиссия  ЗАТО город  Зеленогорск Красноярского края,a7719318-b890-407a-9de1-3b1bf92fe475,22,0,22,0,0,0,22
24,Красноярский край,21,Территориальная избирательная комиссия № 2 Идринско-Краснотуранского округа Красноярского края,008e1baf-ff81-45e8-80d4-afa33129df21,22,0,22,0,0,0,22
24,Красноярский край,22,Территориальная избирательная комиссия № 1 Иланско-Нижнеингашского округа Красноярского края,903dd395-199c-4c1f-ad7b-d293cc1f32ec,22,0,22,0,0,0,22
24,Красноярский край,24,Территориальная избирательная комиссия № 1 Казачинско-Пировского округа Красноярского края,4d3c3000-52f1-4fa1-aa4e-69c7e747efec,22,0,22,0,0,0,22
24,Красноярский край,50,Территориальная избирательная комиссия Сосновоборского округа Красноярского края,fea86468-8540-4f6e-8902-e6fd97b3b343,22,0,22,0,0,0,22
25,Приморский край,39,ТИК Шкотовского района,484a685c-2585-482f-898a-cba3905b7474,22,0,22,0,0,0,22
28,Амурская область,6,Бурейского округа,5a566469-6b1d-4221-a26c-a7c48f214f08,22,0,22,0,0,0,22
32,Брянская область,30,Суземская,77c74a8f-dd92-42b9-8dc8-66de78ba4e7c,22,0,22,0,0,0,22
34,Волгоградская область,2,Быковская,311cddf9-1fcc-4d31-b61a-eebccac189e1,22,0,22,0,0,0,22
34,Волгоградская область,24,Ленинская,2135fe23-75fd-439c-9231-89bddcd3a331,22,0,22,0,0,0,22
34,Волгоградская область,34,Руднянская,f767d572-3a74-4346-9aba-ff820d9960eb,22,0,22,0,0,0,22
36,Воронежская область,17,Каменская,cc16a6dc-fe67-46d4-9917-35673f1c5094,22,0,22,0,0,0,22
38,Иркутская область,29,Саянская,079cf3fc-fcc3-4083-a4b4-9bae36a04af7,22,0,22,0,0,0,22
39,Калининградская область,1,Багратионовская,e1579b5b-0bd0-4e7b-a38e-cd85ddab1241,22,0,22,0,0,0,22
40,Калужская область,1,Бабынинская,44b14e95-56cc-4ed4-851e-9fef0fbb2cc1,22,0,22,0,0,0,22
43,Кировская область,19,Котельничская,f9cf5ae0-6b4e-404a-80f0-02b7b79bbdeb,22,0,22,0,0,0,22
43,Кировская область,23,Лузская,afb78400-80d4-40f6-ad81-9e1dcf2afe22,22,0,22,0,0,0,22
45,Курганская область,15,Мокроусовская,45497ba5-27a3-4c76-83c9-a8fb7a2f3d8d,22,0,22,0,0,0,22
45,Курганская область,19,Сафакулевская,1399e716-4f3c-4359-ab92-f037abfd23e0,22,0,22,0,0,0,22
46,Курская область,18,Медвенская,a5f9e20b-7a7c-4152-93c0-38a777589934,22,0,22,0,0,0,22
46,Курская область,20,Октябрьская,aa8bcf2b-4acc-4a60-ab01-3d344cc071da,22,0,22,0,0,0,22
48,Липецкая область,1,Воловская,a873a334-c153-49e1-97b7-848420828efd,22,0,22,0,0,0,22
48,Липецкая область,14,"Липецк, Левобережная",d48aa302-389e-4fe3-b5b3-d17969c8d0bb,22,0,22,0,0,0,22
50,Московская область,7,Серебряные Пруды (120 округ ГД),7dd29d9c-83b5-4492-a905-3769e5fb415e,22,0,22,0,0,0,22
54,Новосибирская область,7,Доволенский муниципальный округ,0985a794-5b0d-4a97-a289-f23e216601ab,22,0,22,0,0,0,22
54,Новосибирская область,33,Новосибирский район,8fbd367d-269e-48c5-8906-f1f74c673e5f,22,0,22,0,0,0,22
56,Оренбургская область,8,Бугурусланская городская,b1d58109-a16f-4995-b7c8-3f3dd2a5cbea,22,0,22,0,0,0,22
56,Оренбургская область,20,Курманаевская,5aed176a-3da3-4558-837e-844e4e30c2c6,22,0,22,0,0,0,22
57,Орловская область,2,Верховская,54bb7ea2-1c2d-4608-b198-a0efbbb2ad55,22,0,22,0,0,0,22
61,Ростовская область,40,Пролетарская,c19dfcd1-9a55-428c-83ad-f992b5b54b30,22,0,22,0,0,0,22
61,Ростовская область,58,Целинская,ac570917-056b-4a83-b2d0-f3f100bfbb15,22,0,22,0,0,0,22
63,Самарская область,4,Большеглушицкая,94039dd4-1c69-4ce3-9740-69e8766d1647,22,0,22,0,0,0,22
63,Самарская область,10,Исаклинская,ef1d6dda-debf-44e2-916c-1904f5a9189d,22,0,22,0,0,0,22
63,Самарская область,43,Хворостянская,40d5e0c1-cb3a-4b41-a8d4-c8f64c50622a,22,0,22,0,0,0,22
64,Саратовская область,11,Дергачевская,82d781eb-e11d-4223-a049-de15e7815aa9,22,0,22,0,0,0,22
64,Саратовская область,41,Татищевская,8c749da5-080b-4e00-952d-9fb240be8a44,22,0,22,0,0,0,22
68,Тамбовская область,16,Первомайская ТИК,a998eec3-d9f4-4bde-a0e7-f9ccef70f426,22,0,22,0,0,0,22
69,Тверская область,8,Западнодвинская,7dbabb72-346b-425d-9a9b-c529936673b4,22,0,22,0,0,0,22
69,Тверская область,9,Зубцовская,553cd191-5c50-405d-9874-66f219b45b9f,22,0,22,0,0,0,22
71,Тульская область,15,Ленинская - 181,864716b7-2f37-40cf-bee3-d6f508238616,22,0,22,0,0,0,22
71,Тульская область,15,Ленинская - 182,e4086d14-20d1-4433-8908-f5da368095b1,22,0,22,0,0,0,22
72,Тюменская область,1,Абатская ТИК,e39de51a-7386-4f36-bf7c-13b1f0dab3ec,22,0,22,0,0,0,22
73,Ульяновская область,11,Новомалыклинская,d993a6f0-67e6-4006-bcb8-0ca7ef7d4ce6,22,0,22,0,0,0,22
73,Ульяновская область,13,Павловская,77763039-184d-4152-8899-8532c723d540,22,0,22,0,0,0,22
76,Ярославская область,23,Ярославская - 194,32b3ef79-bc6b-43ca-87bb-b4a1c0b14a9c,22,0,22,0,0,0,22
78,город Санкт-Петербург,211,ТИК №53 (211),7a9249f7-234c-47ae-853f-c04b6518bf4a,22,0,22,0,0,0,22
86,Ханты-Мансийский автономный округ - Югра,3,Когалымская городская,f9eb59e3-7ce9-4be5-ac52-c58bb5b1cb38,22,0,22,0,0,0,22
86,Ханты-Мансийский автономный округ - Югра,9,Нижневартовская,84cbb0a0-c7aa-44bc-a054-49c7a55481c6,22,0,22,0,0,0,22
90,Пермский край,7,Горнозаводская,bb3c609c-961a-4a57-9dda-42b15e755ff1,23,1,22,0,0,0,22
90,Пермский край,37,Суксунская,a79d6ab4-6264-442d-a26f-695f252addf8,23,1,22,0,0,0,22
92,Забайкальский край,22,Могойтуйская,a2d2c6d2-7146-4591-8e55-3dadc3014bde,22,0,22,0,0,0,22
95,Донецкая Народная Республика,14,ТИК №14,bf630f3c-384b-4748-8a4d-92f5bce2a44f,22,0,22,0,0,0,22
95,Донецкая Народная Республика,30,ТИК №30,7bee1be9-bdea-4124-938f-10a38c6f5ee5,22,0,22,0,0,0,22
96,Луганская Народная Республика,28,ТИК Станично-Луганского района,78085a3e-b7c1-4c5a-a1c6-dec586b13be4,22,0,22,0,0,0,22
96,Луганская Народная Республика,29,ТИК Старобельского района,f99cd690-aa73-4995-affb-10b6718f5b49,22,0,22,0,0,0,22
97,Запорожская область,15,Днепрорудная,f1dbb3a5-0efe-4a01-9175-75ace6b51ffe,22,0,22,0,0,0,22
1,Республика Адыгея (Адыгея),4,Красногвардейская,a3273eaf-8e1c-444c-9ca8-d30dbe5e92fb,21,0,21,0,0,0,21
1,Республика Адыгея (Адыгея),9,Теучежская,21fce4f8-6221-4096-85b5-4b9633b455e2,21,0,21,0,0,0,21
2,Республика Алтай,9,Чемальская,7288b454-aca0-4b0f-a09b-dc9fe9f618eb,21,0,21,0,0,0,21
5,Республика Дагестан,25,Кизилюртовская городская,255abc7d-121f-4186-9edd-d4cbfc51b34a,21,0,21,0,0,0,21
5,Республика Дагестан,30,Курахская,c857fe61-9080-445d-9dc3-dadb473e0c23,21,0,21,0,0,0,21
6,Республика Ингушетия,4,Малгобекская городская,97fdb935-c799-428b-a1c9-06f3c829c870,21,0,21,0,0,0,21
7,Кабардино-Балкарская Республика,13,Эльбрусская,2a7bb96c-e26b-457e-942b-2b43fd7cee47,21,0,21,0,0,0,21
8,Республика Калмыкия,3,Лаганская,c1172f0b-9e65-418d-b9f7-eb858e715160,21,0,21,0,0,0,21
10,Республика Карелия,1,Беломорская,975994e3-8669-4ffe-9399-7d563a7b91d8,21,0,21,0,0,0,21
10,Республика Карелия,18,Сортавальская,2f50f7f4-d99c-434f-80cc-60311a241b2c,21,0,21,0,0,0,21
10,Республика Карелия,19,Суоярвская,2214a601-dc6a-480d-ada9-7c11e3f3e890,21,0,21,0,0,0,21
11,Республика Коми,14,Троицко-Печорская,06c9bc8e-5ef9-4145-8481-aa0a69d8c705,21,0,21,0,0,0,21
11,Республика Коми,19,Усть-Цилемская,c7a8ec25-746c-4bac-bb10-2340cd02ffd2,21,0,21,0,0,0,21
11,Республика Коми,21,"Сыктывкар, Эжвинская",5ba09188-1351-4efb-8a46-292cc7e3817a,21,0,21,0,0,0,21
18,Удмуртская Республика,6,Глазовский район,a21c4187-2a06-4c60-b0bd-cda8c87955c6,21,0,21,0,0,0,21
18,Удмуртская Республика,21,Киясовский район,710f7b1c-e8fc-47e6-b365-5b812ac9ee1b,21,0,21,0,0,0,21
18,Удмуртская Республика,34,Ярский район,9d254514-2d48-44ee-8f9c-c136d058090e,21,0,21,0,0,0,21
19,Республика Хакасия,6,Орджоникидзевская,8cfa97d0-fbc2-429e-81fd-8ba5b5f85a64,21,0,21,0,0,0,21
22,Алтайский край,49,Родинская,b71c8af9-ef5f-461d-99b6-d6d1e1cfbca4,21,0,21,0,0,0,21
23,Краснодарский край,5,Белоглинская,b9589a2b-2721-4570-a12b-08e20e68367f,21,0,21,0,0,0,21
24,Красноярский край,9,Территориальная избирательная комиссия № 1 Большемуртинско-Сухобузимского округа Красноярского края,fffa7604-9806-4fae-b1b4-f3b93cad825a,21,0,21,0,0,0,21
25,Приморский край,9,ТИК Фрунзенского района города Владивостока,afb7a34c-7b3b-41b9-b167-9ff15089ce9a,21,0,21,0,0,0,21
25,Приморский край,11,ТИК города Дальнереченска,7a77069c-b66e-485f-a820-94f0213a3fb5,21,0,21,0,0,0,21
28,Амурская область,1,Архаринского округа,c1a33919-6130-4609-9bcd-7407ddbabf93,21,0,21,0,0,0,21
28,Амурская область,22,Сковородинского округа,9e9f363f-a322-4d78-a30e-7f740bee45d3,21,0,21,0,0,0,21
34,Волгоградская область,29,Новониколаевская,4b9c78b8-1ffe-49da-ba7f-189aecc4f721,21,0,21,0,0,0,21
34,Волгоградская область,36,Серафимовичская,60f3363c-38b1-44fc-83c2-fa553cd93fd1,21,0,21,0,0,0,21
34,Волгоградская область,41,Фроловская,83555872-9a22-49af-bd74-6c68cfb0ab9b,21,0,21,0,0,0,21
34,Волгоградская область,46,Фроловская городская,b1267b55-5eee-4c9d-b749-ef3a95cf9bb6,21,0,21,0,0,0,21
36,Воронежская область,30,Поворинская,876d725c-4722-480b-b547-1c5c4535cf09,21,0,21,0,0,0,21
37,Ивановская область,27,Шуйская,d91c28cc-02cb-40b8-bbcb-080eb7aac905,21,0,21,0,0,0,21
38,Иркутская область,11,Зиминская городская,49d73bbc-8094-4567-a8f7-4ea0f92e3fc8,21,0,21,0,0,0,21
39,Калининградская область,3,Гвардейская,7a86073b-c3d5-4d78-9139-d99407ecbf4b,21,0,21,0,0,0,21
39,Калининградская область,5,Гусевская,ed600f8a-caf2-46d5-842d-eb03ea775a2a,21,0,21,0,0,0,21
43,Кировская область,12,Кильмезская,d65fc57d-c5e8-4b11-a2af-6126e35003cd,21,0,21,0,0,0,21
43,Кировская область,21,Куменская,d6373894-8b57-4e7c-ba80-3258e66253b4,21,0,21,0,0,0,21
45,Курганская область,13,Макушинская,f3ad0459-57ef-4e7e-9660-767d55c2e7de,21,0,21,0,0,0,21
45,Курганская область,18,Притобольная,1baa2950-950d-4270-9950-ee3632117292,21,0,21,0,0,0,21
45,Курганская область,20,Целинная,4855d4e2-ffe2-4f2a-b82e-2148adfff55b,21,0,21,0,0,0,21
45,Курганская область,27,Юргамышская,cd62de90-44eb-457a-99b8-9e57135df788,21,0,21,0,0,0,21
54,Новосибирская область,8,Здвинский район,3b434f01-ff2e-4c87-b59c-3e1cf2e1b2b8,21,0,21,0,0,0,21
54,Новосибирская область,41,Убинский муниципальный округ,6543fb6f-43df-41af-be3e-3b639a7e3fef,21,0,21,0,0,0,21
55,Омская область,8,ТИК по Колосовскому району,b4f4e950-4eca-48ee-9932-4d8c3b8c48ff,21,0,21,0,0,0,21
55,Омская область,18,ТИК по Одесскому району,f20e8483-9b88-4209-ba19-1e7f13314338,21,0,21,0,0,0,21
56,Оренбургская область,15,Илекская,5a5288b3-71c0-4461-97c1-4850716aed32,21,0,21,0,0,0,21
57,Орловская область,1,Болховская,b956cdb4-f0c5-404a-a25f-a828e9fe8f45,21,0,21,0,0,0,21
57,Орловская область,6,Залегощенская,ac65d917-5c00-4c7f-a2fb-37e5beb0437d,21,0,21,0,0,0,21
57,Орловская область,8,Колпнянская,d759b790-9290-4eea-b540-e60954df86b7,21,0,21,0,0,0,21
60,Псковская область,18,Порховская,752191d5-ec99-4fca-8e54-48aa87f11913,21,0,21,0,0,0,21
61,Ростовская область,14,Дубовская,7e0812a0-d7d7-47d0-842c-03ec02e881dd,21,0,21,0,0,0,21
61,Ростовская область,30,Милютинская,4ef1ef5a-9b0b-4bac-b598-a2c76e245fac,21,0,21,0,0,0,21
61,Ростовская область,36,Обливская,a4cc5333-848d-4ec2-ac92-0b7490486c39,21,0,21,0,0,0,21
61,Ростовская область,45,"Ростов-на-Дону, Кировская",aa228cd9-9bdd-4ed9-9fa5-039bb9d93287,21,0,21,0,0,0,21
61,Ростовская область,62,Шолоховская,8500fa59-cde7-4950-9fad-b22257219608,21,0,21,0,0,0,21
63,Самарская область,31,"Самара, Ленинская",0a6b77c2-9e35-4671-8444-a656ca767266,21,0,21,0,0,0,21
64,Саратовская область,44,Федоровская,a2821a68-0ef4-4fe3-ba0b-e7536bb0f91d,21,0,21,0,0,0,21
68,Тамбовская область,6,Кирсановская ТИК,c3441f78-4c3a-4542-9a51-98610bfa8cf2,21,0,21,0,0,0,21
68,Тамбовская область,17,Петровская ТИК,f3961069-d9a7-4738-b434-1f2b622e730f,21,0,21,0,0,0,21
69,Тверская область,24,Оленинская,e567130f-a04e-4533-baba-6c668806fde2,21,0,21,0,0,0,21
69,Тверская область,30,Селижаровская,506eb876-1241-42c0-a432-a6d264bbdc24,21,0,21,0,0,0,21
70,Томская область,3,Территориальная избирательная комиссия Бакчарского района,0d6c145f-300a-405f-b649-91479bf7d5f3,21,0,21,0,0,0,21
73,Ульяновская область,19,Тереньгульская,7f343c31-ea63-4c28-a777-034d9189148b,21,0,21,0,0,0,21
76,Ярославская область,6,Любимская,175dca7e-d941-472c-84ce-f789e13811d4,21,0,21,0,0,0,21
76,Ярославская область,23,Ярославская - 193,a3ef61cf-c63e-431b-b24e-1d60f8f4888e,21,0,21,0,0,0,21
78,город Санкт-Петербург,212,ТИК №15 (212),86ecec76-7213-4cae-af38-63579d4d2558,21,0,21,0,0,0,21
78,город Санкт-Петербург,214,ТИК №44 (214),6747503e-99e5-427f-ad19-be262c5e6dee,21,0,21,0,0,0,21
90,Пермский край,1,Александровская,c42e39dd-16f5-4c9a-adeb-eb0a433daebc,22,1,21,0,0,0,21
92,Забайкальский край,32,Улётовская,fd0cbbf4-7c9b-4965-8555-e5988d1c72d6,21,0,21,0,0,0,21
95,Донецкая Народная Республика,13,ТИК №13,fad00e10-383a-4f24-8154-579123c7817f,21,0,21,0,0,0,21
95,Донецкая Народная Республика,17,ТИК №17,db002b42-a316-48d2-965f-81b7d16d44b3,21,0,21,0,0,0,21
95,Донецкая Народная Республика,19,ТИК №19,cdaa664d-80ce-4a43-9b66-ab656ecd5882,21,0,21,0,0,0,21
97,Запорожская область,17,Энергодарская,bfb10aa8-726e-43b9-b576-eae637e1d6f9,21,0,21,0,0,0,21
2,Республика Алтай,11,Шебалинская,e68a24cd-17a6-4cd5-a11b-7ee8828d3bb9,20,0,20,0,0,0,20
7,Кабардино-Балкарская Республика,8,Прохладненская городская,ea80c14c-f76c-4454-b53b-91b54855474b,20,0,20,0,0,0,20
7,Кабардино-Балкарская Республика,11,Чегемская,bbcb4132-bdbc-4949-bb5e-ad130f9e2f36,20,0,20,0,0,0,20
11,Республика Коми,3,Ижемская,f83b8d16-b81f-4e61-89b6-2ca75d46420a,20,0,20,0,0,0,20
15,Республика Северная Осетия - Алания,6,ТИК Ирафского района,ebba4e50-b24d-4fe9-894e-4d33b031eff0,20,0,20,0,0,0,20
16,Республика Татарстан (Татарстан),3,Азнакаевская городская,999b6b0c-7493-4ee8-976b-322c5179b9aa,20,0,20,0,0,0,20
16,Республика Татарстан (Татарстан),13,Бавлинская,99acb7ed-991d-4461-a3df-f764235b5835,20,0,20,0,0,0,20
16,Республика Татарстан (Татарстан),26,Заинская городская,d94b22dd-b90a-4b61-bed2-57439c46ba16,20,0,20,0,0,0,20
18,Удмуртская Республика,8,Граховский район,c7f76835-f789-49dc-85e3-2d89d235edfa,20,0,20,0,0,0,20
18,Удмуртская Республика,9,Дебесский район,86b90d80-271e-46a1-aaf9-e31decebe5a0,20,0,20,0,0,0,20
20,Чеченская Республика,1,Аргунская городская,e85c004e-2c85-4929-ab80-60b26c0c656c,20,0,20,0,0,0,20
20,Чеченская Республика,13,Наурская,adba21c9-d14a-4e6c-a57e-33101ef1a232,20,0,20,0,0,0,20
21,Чувашская Республика - Чувашия,9,Козловская,1a22abcf-7aed-43bf-9577-7d25f58013af,20,0,20,0,0,0,20
22,Алтайский край,24,Заринская городская,d871bce7-0be0-4967-8a38-460f23d88b33,20,0,20,0,0,0,20
24,Красноярский край,10,Территориальная избирательная комиссия № 2 Ачинского округа Красноярского края,f0b22372-a2cf-4f9e-85a5-18ec5be0f93b,20,0,20,0,0,0,20
25,Приморский край,25,ТИК Пожарского района,288dc02e-3edb-4bfb-bef0-ccad669413d6,20,0,20,0,0,0,20
26,Ставропольский край,8,Грачевская,5e206718-e3ad-4493-a2c8-4ca956202666,20,0,20,0,0,0,20
26,Ставропольский край,16,Красногвардейская,9659f1f2-1d59-4c35-bfac-5bf4ebf82f7a,20,0,20,0,0,0,20
26,Ставропольский край,34,Туркменская,d13cf8ff-aa67-4ce3-b028-9e206694a16f,20,0,20,0,0,0,20
28,Амурская область,24,Тындинского округа,93de65b8-ef62-42b7-bbdb-e610b0bce013,20,0,20,0,0,0,20
29,Архангельская область,6,Коряжемская городская,7dcf3a5a-a932-4911-8777-6c88ac295f7b,20,0,20,0,0,0,20
29,Архангельская область,31,Шенкурская,0e0172ff-f081-4c4b-af5a-200e41bcd1a0,20,0,20,0,0,0,20
32,Брянская область,6,Брянская - 81,b8cc1490-76b1-4a00-b86d-08d6b27306f2,20,0,20,0,0,0,20
33,Владимирская область,10,Гороховецкая,bd1fa58d-38ae-411e-9a53-aba9e1624f8c,20,0,20,0,0,0,20
34,Волгоградская область,21,Клетская,813b1194-9065-4a9a-a427-5d2f8527fc72,20,0,20,0,0,0,20
34,Волгоградская область,40,Урюпинская городская,cccc649d-f97b-4180-ae78-4eaa760b15cf,20,0,20,0,0,0,20
36,Воронежская область,29,Петропавловская,4c8dea6f-8671-487f-b9a2-128b18404ff2,20,0,20,0,0,0,20
37,Ивановская область,3,Вичугская городская,3e1e44e5-f500-41e6-b111-31e4a63ff89f,20,0,20,0,0,0,20
38,Иркутская область,40,Усть-Удинская,6616b8bd-cf15-4e30-9c98-ed661e654896,20,0,20,0,0,0,20
39,Калининградская область,13,Неманская,e5100646-db08-4cce-af6d-71866f114f96,20,0,20,0,0,0,20
43,Кировская область,47,Юрьянская,16813a8d-bbc9-4562-b8ec-766fb7803f41,20,0,20,0,0,0,20
45,Курганская область,16,Петуховская,229f858e-08c9-4dca-a377-c1ee01004e0c,20,0,20,0,0,0,20
46,Курская область,2,Большесолдатская,16caa3b4-a754-4f77-aec7-80d5b7453365,20,0,20,0,0,0,20
46,Курская область,27,Тимская,05c728a5-28df-4822-a834-d5d6f16903b0,20,0,20,0,0,0,20
46,Курская область,29,Хомутовская,b3c3ce9d-a790-410d-8bed-7e7ab8ad235f,20,0,20,0,0,0,20
46,Курская область,33,Курчатовская городская,a0652a30-1228-44a9-9dcd-dc3ca8cb39ff,20,0,20,0,0,0,20
48,Липецкая область,11,Краснинская,474156f8-e593-4da7-b4a0-ca38a62d85bb,20,0,20,0,0,0,20
50,Московская область,3,Котельники (122 округ ГД),036b6b0f-a577-48b3-b3b1-c2e83db5b9e7,20,0,20,0,0,0,20
54,Новосибирская область,24,Железнодорожный район города Новосибирска,b47103c2-7560-44dc-afc7-8aa58015b062,20,0,20,0,0,0,20
54,Новосибирская область,33,Новосибирский район,4e2ab234-63b1-4001-8db0-89ce08715cd5,20,0,20,0,0,0,20
54,Новосибирская область,42,Усть-Таркский район,d27dd916-9953-420b-bfac-67f7b8fbcbfb,20,0,20,0,0,0,20
56,Оренбургская область,16,Кваркенская,592600c1-3e17-46f6-b4fb-54965331f20f,20,0,20,0,0,0,20
56,Оренбургская область,38,Сакмарская,c63b83e5-ac7a-4aa3-9675-7162ec7ccf83,20,0,20,0,0,0,20
57,Орловская область,3,Глазуновская,1781874d-ca08-49d7-9ec2-ebdfb5df8209,20,0,20,0,0,0,20
60,Псковская область,4,Гдовская,e5d248e1-17a0-490e-90d3-ff526a4ace51,20,0,20,0,0,0,20
60,Псковская область,8,Куньинская,376e733d-8c14-4d29-9a3e-7bbc9c194764,20,0,20,0,0,0,20
60,Псковская область,16,Печорская,632972f5-2b0c-426d-8de4-37d38403abbc,20,0,20,0,0,0,20
61,Ростовская область,7,Боковская,2d1754a4-77d8-4eb8-bb1a-83aedfd591de,20,0,20,0,0,0,20
62,Рязанская область,5,Касимовская городская,d73acd9e-9f66-4b7d-b5e8-2996f71f0d4c,20,0,20,0,0,0,20
62,Рязанская область,10,Александро-Невская,813e7093-d344-4a05-8d65-880778c9ff7f,20,0,20,0,0,0,20
62,Рязанская область,24,Сасовская городская,76c10b8a-19cf-490f-935b-389a3db0b23c,20,0,20,0,0,0,20
63,Самарская область,6,Борская,d58024e7-ebda-4e7a-ad8b-d78de11ec9c2,20,0,20,0,0,0,20
63,Самарская область,8,Елховская,c3a910bf-1e12-41d6-8c71-25483710f28a,20,0,20,0,0,0,20
63,Самарская область,22,Отрадная городская,5d5ce986-8816-448a-818c-0bc0bb5950fe,20,0,20,0,0,0,20
63,Самарская область,37,Ставропольская-162,1f99f1a6-a5c0-4509-93be-954d15911db2,20,0,20,0,0,0,20
64,Саратовская область,12,Духовницкая,b72d8f5a-bfe1-45ff-84b5-74e1a22d54f2,20,0,20,0,0,0,20
64,Саратовская область,30,Романовская,db4f2d3b-0a8e-49ec-861c-c78702c877bd,20,0,20,0,0,0,20
67,Смоленская область,17,Руднянская,3ace42a0-cab1-409b-8f8e-e8e8928dcb54,20,0,20,0,0,0,20
68,Тамбовская область,13,Моршанская городская ТИК,50a70139-e33d-4938-a37e-2e6bcb6809c4,20,0,20,0,0,0,20
69,Тверская область,1,Андреапольская,7de7def7-4cd4-486f-b144-cdb27457b275,20,0,20,0,0,0,20
69,Тверская область,17,Кувшиновская,2a2de53a-82bf-4b91-ab99-b5549560ed91,20,0,20,0,0,0,20
71,Тульская область,2,Арсеньевская,655fb281-c146-4871-925d-c7349eaaef13,20,0,20,0,0,0,20
72,Тюменская область,4,Бердюжская ТИК,2de20f9e-b271-4240-9443-9383b0230cba,20,0,20,0,0,0,20
72,Тюменская область,6,Викуловская ТИК,2c0640a5-7176-4575-8e9c-e7c0ed9a358f,20,0,20,0,0,0,20
72,Тюменская область,27,ТИК города Ялуторовска,92ef10b4-e5ee-4215-9e4d-29ec6fb91b07,20,0,20,0,0,0,20
73,Ульяновская область,16,Старокулаткинская,76192efa-6840-4533-82c4-69a7f99de824,20,0,20,0,0,0,20
78,город Санкт-Петербург,211,ТИК №49 (211),16998dab-fb8f-4e1e-989d-f90cfa024912,20,0,20,0,0,0,20
90,Пермский край,5,Большесосновская,12f2ecda-ff04-444f-b807-6fd45237237b,21,1,20,0,0,0,20
92,Забайкальский край,11,Балейская,a2632ae6-68a1-474c-8c8e-91032619c6e3,20,0,20,0,0,0,20
92,Забайкальский край,28,Приаргунская,20f7649f-0a75-45c6-9ec2-6bb5caba534b,20,0,20,0,0,0,20
95,Донецкая Народная Республика,1,ТИК №1,0f346c58-930e-4426-80fd-ee34a73b227c,20,0,20,0,0,0,20
96,Луганская Народная Республика,4,ТИК Ленинского района города Луганска,f41443b9-8e25-4185-ad1e-48e2be330e7b,20,0,20,0,0,0,20
10,Республика Карелия,14,Прионежская,d3f75d14-e52c-48bf-a879-2a65a21cce35,19,0,19,0,0,0,19
10,Республика Карелия,15,Пряжинская,145b6e72-26e0-48a5-8362-af354b837b2b,19,0,19,0,0,0,19
11,Республика Коми,11,Сыктывдинская,174805fe-77f1-47a9-b05a-6593654219f4,19,0,19,0,0,0,19
11,Республика Коми,15,Удорская,40e25e0d-53b8-4f68-9199-deedd203d859,19,0,19,0,0,0,19
13,Республика Мордовия,4,Большеберезниковская,e5d0674f-84ea-4593-8085-8e60517225cf,19,0,19,0,0,0,19
18,Удмуртская Республика,17,Камбарский район,60207a68-a72a-493f-b4d5-feff28b6ec48,19,0,19,0,0,0,19
19,Республика Хакасия,5,Боградская,d09f0d28-764d-48c7-bc93-ca0e606473ba,19,0,19,0,0,0,19
21,Чувашская Республика - Чувашия,11,Красноармейская,5ff0dbd4-4b42-43ce-86fe-dc84b8bea4bc,19,0,19,0,0,0,19
21,Чувашская Республика - Чувашия,13,Мариинско-Посадская,b8c9c6aa-e297-4d95-91a8-b80616c16987,19,0,19,0,0,0,19
22,Алтайский край,22,Залесовская,304a07c3-1e88-48d7-a6a2-82f1ff3445cb,19,0,19,0,0,0,19
22,Алтайский край,47,Поспелихинская,3ebefbaf-03c4-4cc5-b1c9-948590e53cbe,19,0,19,0,0,0,19
22,Алтайский край,67,Угловская,72bacef1-3ed1-407c-adc3-cbf7078b8b90,19,0,19,0,0,0,19
22,Алтайский край,71,Целинная,0df17677-8c8a-440a-ab0c-2f0d8652bcb6,19,0,19,0,0,0,19
24,Красноярский край,29,Территориальная избирательная комиссия № 1 Идринско-Краснотуранского округа Красноярского края,c0ec5ce6-80d9-480a-9eb3-b1eb070d2ae4,19,0,19,0,0,0,19
24,Красноярский край,48,Территориальная избирательная комиссия № 2 Ирбейско-Саянского округа Красноярского края,e64dc5d4-2e8c-464b-a189-a0128eeed640,19,0,19,0,0,0,19
24,Красноярский край,842,Таймырская Долгано-Ненецкая территориальная избирательная комиссия № 1 Красноярского края,735297f5-e3df-4818-910f-986d31433aaa,19,0,19,0,0,0,19
25,Приморский край,14,ТИК Красноармейского района,39bce323-d054-44a9-92bc-744f7465327c,19,0,19,0,0,0,19
26,Ставропольский край,32,Степновская,62b656d8-bf3a-47eb-882a-c9862d1185d9,19,0,19,0,0,0,19
28,Амурская область,12,Магдагачинского округа,fed93551-3ad3-4d8f-a605-6ca38decc3b7,19,0,19,0,0,0,19
28,Амурская область,14,Михайловского округа,2ec0a8a3-a50f-4a6f-a1c3-75bb0bf7c179,19,0,19,0,0,0,19
29,Архангельская область,21,Ленская,3358d5c4-9ca2-4ab4-abe9-dbc6930c9aca,19,0,19,0,0,0,19
30,Астраханская область,7,Енотаевская,eebc0baa-21be-47ac-959f-7a70471df223,19,0,19,0,0,0,19
32,Брянская область,8,Гордеевская,6a015fed-b814-4e0d-85c3-62af811c2f3b,19,0,19,0,0,0,19
32,Брянская область,9,Дубровская,07b5bcbb-c5a7-479a-8d94-29431b66c76d,19,0,19,0,0,0,19
34,Волгоградская область,20,Киквидзенская,e24da852-6766-4b4e-89f5-f05a6667cdd7,19,0,19,0,0,0,19
34,Волгоградская область,27,Николаевская,a578a087-e484-40a1-b228-339d71e39324,19,0,19,0,0,0,19
37,Ивановская область,16,Лежневская,eec7b6c6-fa0d-422c-9cbd-a22090461e6a,19,0,19,0,0,0,19
38,Иркутская область,27,Ольхонская,9b971cee-5742-4341-91e1-44dab5f41caa,19,0,19,0,0,0,19
39,Калининградская область,15,Озерская,2d39c2df-414e-4664-a576-a76b7891e596,19,0,19,0,0,0,19
39,Калининградская область,21,Славская,324c139c-1ac5-4f10-8052-33b2b40b50ca,19,0,19,0,0,0,19
40,Калужская область,26,Ферзиковская,364ebc1b-346c-44d8-aa2b-24924fc5ea6b,19,0,19,0,0,0,19
43,Кировская область,39,Слободская городская,4c7e9d20-7114-42f0-9d31-32d30d57cb2c,19,0,19,0,0,0,19
45,Курганская область,1,Альменевская,86992ce2-d256-421c-a761-e9e047d96da5,19,0,19,0,0,0,19
45,Курганская область,17,Половинская,fcff2904-3484-4538-a71f-91b44139a725,19,0,19,0,0,0,19
46,Курская область,17,Мантуровская,4a77a73d-3f6c-4185-a7b2-51046273415f,19,0,19,0,0,0,19
53,Новгородская область,5,Демянская,f79389b2-7873-4c07-9d98-c38f20613249,19,0,19,0,0,0,19
53,Новгородская область,21,Чудовская,3dea57fd-03ae-4783-bea2-18896549cceb,19,0,19,0,0,0,19
54,Новосибирская область,33,Новосибирский район,5c3f46f3-3f0c-4359-a251-63cd8f602c81,19,0,19,0,0,0,19
55,Омская область,41,ТИК по Омскому району (Округ № 143),111ce2d6-7f0f-4c8d-b32f-a5c48960131c,19,0,19,0,0,0,19
56,Оренбургская область,2,Адамовская,13aa7ca7-b8ba-4c61-9f89-97f2ba2c1538,19,0,19,0,0,0,19
56,Оренбургская область,21,Матвеевская,08b8cf9c-a26d-4ec3-af3c-8a3872bcca67,19,0,19,0,0,0,19
60,Псковская область,12,Новосокольническая,ab1fd77b-c2ab-45b7-8397-14e4a33a5de0,19,0,19,0,0,0,19
61,Ростовская область,26,Куйбышевская,6f453f92-071c-46ee-adca-d1e50db8fca1,19,0,19,0,0,0,19
62,Рязанская область,30,Чучковская,d016da09-2210-4518-9b13-19bbc609b260,19,0,19,0,0,0,19
62,Рязанская область,38,158-Рязанская,bc723643-7200-468b-97db-a2a3da169683,19,0,19,0,0,0,19
64,Саратовская область,1,Александрово-Гайская,709703fc-efb6-4815-9230-eca9e8e73666,19,0,19,0,0,0,19
64,Саратовская область,15,Ивантеевская,7c05782b-5316-452a-be74-ca4d54d3d59c,19,0,19,0,0,0,19
64,Саратовская область,19,Краснопартизанская,b589ea9b-ec01-46a1-9efe-976a6606732d,19,0,19,0,0,0,19
64,Саратовская область,40,Советская,386c8e0e-dc3a-4564-a9aa-b59880de824a,19,0,19,0,0,0,19
64,Саратовская область,45,Хвалынская,bb6769ac-d585-4c3e-9edc-6b0ac7a47ebd,19,0,19,0,0,0,19
68,Тамбовская область,1,Бондарская ТИК,e426e1e2-98ad-4aaa-86c5-c82c69a52740,19,0,19,0,0,0,19
68,Тамбовская область,20,Рассказовская городская ТИК,6121e95a-b209-4495-9409-9cc40b7fac7d,19,0,19,0,0,0,19
68,Тамбовская область,24,Староюрьевская ТИК,6d767914-1fe7-43f0-98ed-92fbe7b559de,19,0,19,0,0,0,19
68,Тамбовская область,30,Уваровская ТИК,f352f0b9-dca5-4e5c-b38d-e7c61e8dd0e1,19,0,19,0,0,0,19
71,Тульская область,10,Заокская,515f30c7-5fb6-465d-8a2a-870572d67fdb,19,0,19,0,0,0,19
71,Тульская область,20,Тепло-Огаревская,1868544c-f5cd-45d9-a5cf-fe873048d260,19,0,19,0,0,0,19
72,Тюменская область,3,Аромашевская ТИК,2ff842ba-89aa-4ff3-bb7c-007fee65cd83,19,0,19,0,0,0,19
72,Тюменская область,23,Уватская ТИК,eca60941-4153-473f-9a65-88628332fdd6,19,0,19,0,0,0,19
73,Ульяновская область,3,Вешкаймская,f5da6684-d00e-47b1-9893-265fcf9a42b3,19,0,19,0,0,0,19
76,Ярославская область,2,Борисоглебская,bc52bcff-91e6-469d-81b2-2318d7b739ef,19,0,19,0,0,0,19
76,Ярославская область,8,Некоузская,1ad1c64b-a512-482c-ac77-9fb58252de3e,19,0,19,0,0,0,19
76,Ярославская область,11,Переславль-Залесская городская,720b162e-2f84-4479-b6ad-7e47cc80980c,19,0,19,0,0,0,19
78,город Санкт-Петербург,215,ТИК №9 (215),50666d97-dfae-451d-9104-9f3283b9f59a,19,0,19,0,0,0,19
90,Пермский край,15,Кишертская,e3cdea9d-29bc-4eca-b6b2-5d8fe15ea36c,20,1,19,0,0,0,19
90,Пермский край,23,Ординская,c959bb4f-6fcc-4bd6-a827-d1c9dc5cd672,20,1,19,0,0,0,19
90,Пермский край,35,Сивинская,d9e5e3a8-7086-4944-8ee0-f951cf71be11,20,1,19,0,0,0,19
90,Пермский край,42,Чердынская,6c51f9aa-ed54-454b-846e-05461c1eafe6,20,1,19,0,0,0,19
90,Пермский край,50,Кочевская,64ba5ff8-d027-4777-8c01-934ab58508a5,20,1,19,0,0,0,19
91,Камчатский край,3,Вилючинская,5dcd6a39-513d-4734-a707-8d35d0021239,19,0,19,0,0,0,19
92,Забайкальский край,13,Газимуро-Заводская,ece4af87-ce50-419c-8bff-cb779acf7d9b,19,0,19,0,0,0,19
92,Забайкальский край,23,Могочинская,13012307-ae0e-4d74-8ff1-4e967fea2d76,19,0,19,0,0,0,19
92,Забайкальский край,25,Нерчинско-Заводская,72430a5b-b913-46b1-812c-cf0927e3d4e4,19,0,19,0,0,0,19
92,Забайкальский край,33,Хилокская,91517801-ff74-4963-bf41-5efd0d119255,19,0,19,0,0,0,19
95,Донецкая Народная Республика,7,ТИК №7,9cb2b599-17e0-4530-abf0-0ab86eff06b4,19,0,19,0,0,0,19
95,Донецкая Народная Республика,21,ТИК №21,4bfd223c-0431-40aa-8cc9-e1cd2e5432d8,19,0,19,0,0,0,19
95,Донецкая Народная Республика,29,ТИК №29,489f7b09-85d6-4291-9e0d-74ca834f18aa,19,0,19,0,0,0,19
96,Луганская Народная Республика,20,ТИК города Первомайска,d364a271-f8db-4482-86d3-e2d84c114732,19,0,19,0,0,0,19
5,Республика Дагестан,18,Избербашская городская,01dcb7f0-ecd1-4e7f-bb35-3740f82518be,18,0,18,0,0,0,18
5,Республика Дагестан,43,Тарумовская,300ea340-1009-40ff-ba31-c9240e080abe,18,0,18,0,0,0,18
6,Республика Ингушетия,8,Сунженская,10481cdf-9141-45df-a7b3-27a6687865a4,18,0,18,0,0,0,18
7,Кабардино-Балкарская Республика,5,Майская,a2dddc26-b758-45c8-82f3-fc2049c1de1a,18,0,18,0,0,0,18
8,Республика Калмыкия,9,Целинная,311c66ea-ff29-47bb-ae36-56e1272a5681,18,0,18,0,0,0,18
11,Республика Коми,4,Интинская городская,3b919089-0719-4c89-b430-560cd70404e7,18,0,18,0,0,0,18
11,Республика Коми,5,Княжпогостская,42d987e9-0c19-4b2f-b8c9-0b756d8090b8,18,0,18,0,0,0,18
11,Республика Коми,13,Сысольская,9a04ac84-1b54-4e75-ab8b-c3aa33df57da,18,0,18,0,0,0,18
18,Удмуртская Республика,29,Сюмсинский район,33b730f2-929b-4cc2-a0cb-7561ed78467b,18,0,18,0,0,0,18
20,Чеченская Республика,5,"Грозный, Шейх-Мансуровская",b2acd2e8-ad20-45c8-b5cc-6a57f4477cd3,18,0,18,0,0,0,18
21,Чувашская Республика - Чувашия,16,Порецкая,8fd4a570-dcd4-4b3f-bad2-e1d52d595cf3,18,0,18,0,0,0,18
21,Чувашская Республика - Чувашия,23,Шемуршинская,837f2c68-dacf-4fc9-be87-d9bed39b0fdf,18,0,18,0,0,0,18
22,Алтайский край,16,Бурлинская,188931b4-81b8-426b-82df-f2483aa6d6c6,18,0,18,0,0,0,18
22,Алтайский край,18,Волчихинская,f7192cb1-61c5-4c97-a6d9-44bafa821503,18,0,18,0,0,0,18
22,Алтайский край,32,Краснощёковская,b8f8bd25-84d4-46ef-8f12-b68eca83715c,18,0,18,0,0,0,18
22,Алтайский край,44,Панкрушихинская,4c41c060-08b7-42b5-8d44-5874fb0978df,18,0,18,0,0,0,18
22,Алтайский край,70,Хабарская,d503088b-44d2-4c0a-b803-e620f63b0839,18,0,18,0,0,0,18
24,Красноярский край,6,Территориальная избирательная комиссия Бирилюсского округа Красноярского края,64cafbc8-ce67-445b-be71-699b4741f7cb,18,0,18,0,0,0,18
24,Красноярский край,41,Территориальная избирательная комиссия Мотыгинского округа Красноярского края,390dc5bc-592e-49f2-9bb1-6f1ae21d9c7c,18,0,18,0,0,0,18
24,Красноярский край,53,Территориальная избирательная комиссия Туруханского округа Красноярского края,b091cbfb-6d85-4d7e-8e85-2a6b92b3c5cf,18,0,18,0,0,0,18
26,Ставропольский край,18,Левокумская,766ad5e7-f5b4-47fc-86e0-407549eb6c78,18,0,18,0,0,0,18
26,Ставропольский край,35,Шпаковская,2e09c92c-f6e3-4142-8fa5-b89830bffa94,18,0,18,0,0,0,18
28,Амурская область,11,Константиновского округа,d4385dec-7033-4d8e-ab0c-a31e11970cbf,18,0,18,0,0,0,18
28,Амурская область,17,Ромненского округа,bd65d1fa-4d76-494d-a661-8d20c128ae7b,18,0,18,0,0,0,18
29,Архангельская область,1,"Архангельск, Исакогорская",1c19c07c-16f8-4ebb-8989-6b2de3c29a99,18,0,18,0,0,0,18
29,Архангельская область,14,Верхнетоемская,3fc52556-b790-470c-bb95-9f92bfbf3e8d,18,0,18,0,0,0,18
29,Архангельская область,16,Виноградовская,8542252e-c022-467f-8fc1-2aa4de996400,18,0,18,0,0,0,18
29,Архангельская область,19,Котласская,8698b9ea-59f6-4932-8b69-c18cac86775a,18,0,18,0,0,0,18
34,Волгоградская область,1,Алексеевская,bc76e1d5-d35e-4d90-bfc0-815143a746f0,18,0,18,0,0,0,18
34,Волгоградская область,42,Чернышковская,078444e7-9724-47c9-9142-db2c1db1ad25,18,0,18,0,0,0,18
35,Вологодская область,25,Чагодощенская,436d4295-5d06-4d0c-be1a-2647b2f6ad6a,18,0,18,0,0,0,18
36,Воронежская область,6,Верхнемамонская,52b3b95f-17d2-44e2-a2f5-e00949f9a028,18,0,18,0,0,0,18
37,Ивановская область,21,Пучежская,b49aad5c-1e0d-4e07-a116-4aca52511544,18,0,18,0,0,0,18
37,Ивановская область,30,Юрьевецкая,4f0516b8-f020-43b5-87fc-72e1cdda4f21,18,0,18,0,0,0,18
40,Калужская область,18,Мещовская,38f2013e-f1a6-4c2c-9b36-4557b7ada70f,18,0,18,0,0,0,18
43,Кировская область,9,Даровская,e0cbf5e9-fe81-476d-883a-d1bff6bb7b43,18,0,18,0,0,0,18
43,Кировская область,17,Кирово-Чепецкая,c6d0a301-59c0-41c2-924f-cb93d4d1392a,18,0,18,0,0,0,18
43,Кировская область,35,Подосиновская,a4354fc4-88b8-4445-b23b-ca29926ae4a3,18,0,18,0,0,0,18
43,Кировская область,45,Фаленская,20b5d3e0-8732-413c-82c5-c3518b3db425,18,0,18,0,0,0,18
44,Костромская область,13,Макарьевская,bb409650-539a-4b59-9f27-7a6a2d4ea7d5,18,0,18,0,0,0,18
46,Курская область,9,Конышевская,6a823e82-3aec-4970-8979-4ed05a05da58,18,0,18,0,0,0,18
48,Липецкая область,22,Хлевенская,159194f9-b538-44c2-b0f7-f6761943e32e,18,0,18,0,0,0,18
51,Мурманская область,5,Кировская,3a8facd0-032b-47b8-b6a4-3d946ef7abe2,18,0,18,0,0,0,18
51,Мурманская область,11,Оленегорская,918279d7-8787-4a73-9308-d99b7902f31e,18,0,18,0,0,0,18
53,Новгородская область,8,Маловишерская,6cfba6a3-2f99-4205-8d08-e510f73bd994,18,0,18,0,0,0,18
53,Новгородская область,22,Шимская,b4605769-1119-46f2-ac02-b06a9018d5e9,18,0,18,0,0,0,18
56,Оренбургская область,13,Грачевская,52964281-8ad4-43c3-9e8f-9cf4a7710c45,18,0,18,0,0,0,18
57,Орловская область,5,Должанская,275cb264-088a-48e4-aabc-15383c9b6615,18,0,18,0,0,0,18
57,Орловская область,14,Малоархангельская,4d11ac25-cf1e-4107-acdb-3f8bf74beb41,18,0,18,0,0,0,18
60,Псковская область,25,Струго-Красненская,94a5a199-75a3-458a-9a85-59eeb52c161b,18,0,18,0,0,0,18
62,Рязанская область,2,Захаровская,cfbc3824-cc5f-4522-b16c-7f9593dacae8,18,0,18,0,0,0,18
62,Рязанская область,3,Кадомская,cb4f3527-6f10-4758-999f-a632dc05100e,18,0,18,0,0,0,18
62,Рязанская область,26,Скопинская городская,8d25c21a-5b67-4c6d-b448-9d5164b69c40,18,0,18,0,0,0,18
62,Рязанская область,29,Ухоловская,29cbff2b-8221-48cf-b846-f222ddf1782a,18,0,18,0,0,0,18
64,Саратовская область,25,Перелюбская,da35a7a6-fece-4455-8e25-dc4a96365b5c,18,0,18,0,0,0,18
64,Саратовская область,29,Ровенская,301c2820-c7be-4918-b5ea-ad7bcd982e4d,18,0,18,0,0,0,18
67,Смоленская область,8,Духовщинская,44cb44b6-7b80-4c6f-b6d1-6dd953e9b38e,18,0,18,0,0,0,18
68,Тамбовская область,14,Мучкапская ТИК,b23fc33f-01b4-4561-9086-9796bdeb87f9,18,0,18,0,0,0,18
69,Тверская область,10,Калининская-179,8d52cd75-2aea-4b62-8f3b-03dc977f319f,18,0,18,0,0,0,18
70,Томская область,12,Территориальная избирательная комиссия Парабельского района,7aa0ce50-5ec7-4009-a1d9-b97513597d72,18,0,18,0,0,0,18
72,Тюменская область,2,Армизонская ТИК,e7350a7e-b5ab-41c0-87b4-f25bddc816e0,18,0,18,0,0,0,18
73,Ульяновская область,14,Радищевская,a2e43522-fc15-4aa2-b89f-0afe5edd1084,18,0,18,0,0,0,18
76,Ярославская область,10,Первомайская,393aa80a-3038-41c6-ad94-9a87b96b00a3,18,0,18,0,0,0,18
78,город Санкт-Петербург,211,ТИК №44 (211),77f7544a-673d-4195-b27e-44a5329937dc,18,0,18,0,0,0,18
90,Пермский край,14,Кизеловская,f81bd3ce-e732-43b5-9c99-9c6190df898d,19,1,18,0,0,0,18
90,Пермский край,38,Уинская,6b050c9d-45c5-4792-88e6-07246e7d0b31,19,1,18,0,0,0,18
93,Республика Крым,5,ТИК города Джанкоя,ed9f968b-82df-4482-a768-2c7ee6251fa0,18,0,18,0,0,0,18
95,Донецкая Народная Республика,2,ТИК №2,4a8b4fa4-8c3b-4aa9-a5d6-9479c8c30f07,18,0,18,0,0,0,18
95,Донецкая Народная Республика,27,ТИК №27,4b169855-0cd8-483f-be11-b7e688b5f8e5,18,0,18,0,0,0,18
95,Донецкая Народная Республика,28,ТИК №28,a7ba0a26-51a6-43b5-816d-9bcba3dcc894,18,0,18,0,0,0,18
95,Донецкая Народная Республика,35,ТИК №35,d4197aae-2b65-4a9e-b29d-5db341fc9195,18,0,18,0,0,0,18
97,Запорожская область,14,Васильевская,51ce4575-3dea-4722-9edc-b93f49596dd6,18,0,18,0,0,0,18
98,Херсонская область,12,Новотроицкая территориальная избирательная комиссия,4cd5c430-f425-4ea9-99e8-c684d2b03128,18,0,18,0,0,0,18
1,Республика Адыгея (Адыгея),8,Шовгеновская,9ba50464-95e1-4b5a-8b00-55740df513fd,17,0,17,0,0,0,17
2,Республика Алтай,2,Кош-Агачская,8a37040a-c48f-482b-b4ec-baacc69d54c5,17,0,17,0,0,0,17
2,Республика Алтай,5,Турочакская,998a93ba-bf30-4334-861b-2bb758eb4481,17,0,17,0,0,0,17
3,Республика Башкортостан,26,Зилаирская,147e45a8-450e-4596-92e7-1b360e9523ed,17,0,17,0,0,0,17
5,Республика Дагестан,27,Кизлярская городская,e05b73e1-441e-4898-bc8b-db3447f0b21e,17,0,17,0,0,0,17
5,Республика Дагестан,38,Ногайская,433c25ca-095b-4040-814d-07052e6edcd6,17,0,17,0,0,0,17
9,Карачаево-Черкесская Республика,3,по Карачаевскому району,890f5cd5-7eb4-4caf-be2c-aac9ad2bfd0c,17,0,17,0,0,0,17
9,Карачаево-Черкесская Республика,4,по Карачаевскому городскому округу,b2a589d8-82b4-4b98-b395-c99154aa3b91,17,0,17,0,0,0,17
9,Карачаево-Черкесская Республика,5,по Малокарачаевскому району,95c2cc0f-00d6-443e-9a7c-ced7b0268d01,17,0,17,0,0,0,17
13,Республика Мордовия,2,Атюрьевская,9f2f79ac-84d6-4473-9f4d-a3c6ccb8be8c,17,0,17,0,0,0,17
14,Республика Саха (Якутия),4,Амгинская,03087b2a-5ed2-433d-acdf-6d2e20f30963,17,0,17,0,0,0,17
18,Удмуртская Республика,18,Каракулинский район,f25cc1ee-3ad6-483b-b5a6-aee09da8d37a,17,0,17,0,0,0,17
18,Удмуртская Республика,28,Селтинский район,0828566f-e838-481f-93ca-8a94869b580c,17,0,17,0,0,0,17
22,Алтайский край,66,Тюменцевская,df6fed70-2521-4b0b-b104-820b548242eb,17,0,17,0,0,0,17
23,Краснодарский край,57,Щербиновская,cffb3616-d071-407f-9955-f5156a2acc79,17,0,17,0,0,0,17
24,Красноярский край,13,Территориальная избирательная комиссия города Дивногорска Красноярского края,3f344c5f-3a2d-4901-adce-47c2cb7b2475,17,0,17,0,0,0,17
24,Красноярский край,28,Территориальная избирательная комиссия Козульского округа Красноярского края,8dffa20d-e8a4-4942-97ca-fd031fec67a4,17,0,17,0,0,0,17
24,Красноярский край,46,Территориальная избирательная комиссия № 3 Манско-Уярского округа Красноярского края,698cf5bf-600d-40e3-ad44-5d103796a90f,17,0,17,0,0,0,17
24,Красноярский край,54,Территориальная избирательная комиссия № 2 Боготольского округа Красноярского края,ac1f92ee-b0ff-493f-970f-3d90bada21f2,17,0,17,0,0,0,17
25,Приморский край,4,ТИК города Большой Камень,15eb3fa2-cb0c-4752-a0f2-13fd0a0a9b5f,17,0,17,0,0,0,17
29,Архангельская область,8,Мирнинская городская,1f56a43b-1185-49c1-9bcc-5a222fb9a58c,17,0,17,0,0,0,17
29,Архангельская область,23,Мезенская,afaca489-c999-45bd-88dc-9253c0781412,17,0,17,0,0,0,17
34,Волгоградская область,13,Даниловская,561d3cd8-6186-4c80-8854-42267b67b957,17,0,17,0,0,0,17
34,Волгоградская область,26,Нехаевская,492b1633-4566-4682-8f70-354c97eaf4be,17,0,17,0,0,0,17
34,Волгоградская область,31,Ольховская,98c93dee-6aed-48ce-8d6a-8958883ecda0,17,0,17,0,0,0,17
37,Ивановская область,2,Вичугская,ca5adb58-01f1-49e0-b6a7-0a9e7b96c21e,17,0,17,0,0,0,17
38,Иркутская область,18,Казачинско-Ленская,6a71f33e-52fd-418c-8ea4-2e0fef6bc64d,17,0,17,0,0,0,17
40,Калужская область,21,Перемышльская,330a9f35-b509-4dc4-ac2b-2283e6e37558,17,0,17,0,0,0,17
43,Кировская область,8,Вятскополянская городская,8e99c3bd-375b-4a61-acca-1a9d8cb4b6a5,17,0,17,0,0,0,17
43,Кировская область,14,"Киров, Нововятская",9882e7c3-b88b-4475-ad4c-f333ef7d7e8c,17,0,17,0,0,0,17
43,Кировская область,28,Нолинская,794edfae-0cf3-4ddb-a2b7-117c36354a5b,17,0,17,0,0,0,17
43,Кировская область,32,Орловская,3ef398ce-617d-4206-b234-6f25b4f869cb,17,0,17,0,0,0,17
44,Костромская область,12,Красносельская,b7c62f84-eeda-46f9-b6ae-b8a5414dd96c,17,0,17,0,0,0,17
44,Костромская область,15,Мантуровская,3ae08afb-20c0-4a2f-823c-ae17bc6e4977,17,0,17,0,0,0,17
53,Новгородская область,19,Хвойнинская,cd3be409-27a5-4ba0-a788-03afabe3c4a5,17,0,17,0,0,0,17
54,Новосибирская область,36,Северный муниципальный округ,994d4d51-fe92-4bd5-8834-d1f6cb669ddd,17,0,17,0,0,0,17
56,Оренбургская область,48,Тюльганская,671ccd2d-7d73-455d-8541-8bb7dc461bfe,17,0,17,0,0,0,17
60,Псковская область,5,Дедовичская,70727a49-7eb9-4b60-aab7-5bb99ebc74c8,17,0,17,0,0,0,17
61,Ростовская область,39,Песчанокопская,dde83642-843d-40eb-98e4-e9ca9a652e5c,17,0,17,0,0,0,17
61,Ростовская область,41,Ремонтненская,1b26b612-3810-4915-9405-05c8f3d428be,17,0,17,0,0,0,17
63,Самарская область,21,Октябрьская городская,a2463ae0-7df7-4660-a975-0f30e4bfaa70,17,0,17,0,0,0,17
64,Саратовская область,38,"Саратов, Фрунзенская",e2437740-51c0-4b3f-a501-b7d523073ff4,21,4,17,0,0,0,17
65,Сахалинская область,2,Анивская,a1e6e2d7-23c1-4287-ad16-2d5e70313b19,17,0,17,0,0,0,17
65,Сахалинская область,9,Охинская,dd9321d5-b6e7-43ce-b828-4a5125848fa3,17,0,17,0,0,0,17
67,Смоленская область,5,Демидовская,3e0a598f-b4ea-48f3-93ee-f88ae44a6f49,17,0,17,0,0,0,17
69,Тверская область,16,Краснохолмская,153249aa-46ab-4c1d-af9c-031ed2f7032e,17,0,17,0,0,0,17
69,Тверская область,33,Спировская,6220411d-c288-4b15-9063-f570308baeb1,17,0,17,0,0,0,17
72,Тюменская область,25,Юргинская ТИК,1d2cdb0e-7029-4961-ae1e-48d2481ad82f,17,0,17,0,0,0,17
76,Ярославская область,7,Мышкинская,d3f7646f-e78c-425a-889e-bb412736b8b7,17,0,17,0,0,0,17
89,Ямало-Ненецкий автономный округ,9,Пуровская,a66c385c-8455-40ff-96f4-49e9e406ec55,17,0,17,0,0,0,17
92,Забайкальский край,9,Акшинская,92aa89d0-4a86-4278-a6cc-1d2f326df503,17,0,17,0,0,0,17
92,Забайкальский край,27,Ононская,1f695597-4ff7-45d7-9745-a4b2aa80effb,17,0,17,0,0,0,17
95,Донецкая Народная Республика,5,ТИК №5,09db924d-7ebe-4100-b485-473484a0c6e4,17,0,17,0,0,0,17
95,Донецкая Народная Республика,12,ТИК №12,9453d978-8136-41b5-968a-d3b781f3d732,17,0,17,0,0,0,17
95,Донецкая Народная Республика,31,ТИК №31,123d3f31-e66c-4f5c-819b-32709825fabb,17,0,17,0,0,0,17
98,Херсонская область,9,Каховская территориальная избирательная комиссия,951dddcc-f895-445f-b082-5712c2e5e90d,17,0,17,0,0,0,17
4,Республика Бурятия,11,Курумканская,682fa1d8-cde8-4dd7-b372-dac5c019046a,16,0,16,0,0,0,16
4,Республика Бурятия,17,Северо-Байкальская,fab296fa-7971-4f31-b97c-2cff2190d0bb,16,0,16,0,0,0,16
5,Республика Дагестан,1,Агульская,fc737474-2919-4614-9d86-31ed1706b2bf,16,0,16,0,0,0,16
7,Кабардино-Балкарская Республика,2,Баксанская городская,dd07bf72-8c4a-47ee-a07d-235d238490c6,16,0,16,0,0,0,16
10,Республика Карелия,13,Питкярантская,efad60f3-7df6-4329-a00c-a62ae6082faa,16,0,16,0,0,0,16
13,Республика Мордовия,5,Большеигнатовская,60f938a9-c8e1-4c36-851b-58de4f4c8916,16,0,16,0,0,0,16
14,Республика Саха (Якутия),22,Оймяконская,89b54f04-2f01-471a-a0a9-437d1f0bd5be,16,0,16,0,0,0,16
14,Республика Саха (Якутия),27,Таттинская,3c7e4450-7451-470e-ab67-910e33efd80a,16,0,16,0,0,0,16
14,Республика Саха (Якутия),28,Томпонская,c6adf4d6-f69a-4cac-994c-f18288b9de09,16,0,16,0,0,0,16
15,Республика Северная Осетия - Алания,2,ТИК Ардонского района,4b515a02-38f6-4d45-9b6e-3316b21cc5ce,16,0,16,0,0,0,16
16,Республика Татарстан (Татарстан),53,Нурлатская городская,7f027b36-2dde-461a-8fa2-0cda2c813552,16,0,16,0,0,0,16
18,Удмуртская Республика,22,Красногорский район,07eb5875-7877-4a96-9ada-8dbf278bf6fe,16,0,16,0,0,0,16
22,Алтайский край,15,Благовещенская,5a8edc76-5956-4629-b0bd-a59a62c72bb8,16,0,16,0,0,0,16
22,Алтайский край,25,Змеиногорская,7945e29e-a2c0-4080-ad3e-6653267c1ddd,16,0,16,0,0,0,16
22,Алтайский край,56,Советская,f7779675-856d-4e62-81d4-78b969b05b66,16,0,16,0,0,0,16
22,Алтайский край,64,Третьяковская,562f233d-2509-4c7f-89b5-bd06a95f713d,16,0,16,0,0,0,16
22,Алтайский край,68,Усть-Калманская,fed208a2-ee31-41c9-a0fd-8726155e6731,16,0,16,0,0,0,16
22,Алтайский край,69,Усть-Пристанская,1fbbe438-be60-41d9-8628-7927928fe592,16,0,16,0,0,0,16
22,Алтайский край,73,Шелаболихинская,50235b28-b8cd-4eca-b0b8-b4aaef6787b0,16,0,16,0,0,0,16
23,Краснодарский край,34,Восточная г. Новороссийска,f5307454-5c1f-4879-9cad-552703220e05,16,0,16,0,0,0,16
25,Приморский край,21,ТИК Ольгинского района,a0e57b7a-be06-445a-b7b1-de66ec1dd3df,16,0,16,0,0,0,16
26,Ставропольский край,3,Апанасенковская,d2609599-eb5d-43ce-8fb8-9c791cd6bb2e,16,0,16,0,0,0,16
28,Амурская область,7,Завитинского округа,74275a36-2370-45ff-a9e4-c51afe1112df,16,0,16,0,0,0,16
28,Амурская область,27,Шимановского округа,61679e5a-adb2-44ba-9925-6b192b5befb9,16,0,16,0,0,0,16
32,Брянская область,13,Злынковская,5be41f0c-2e16-4a99-a0a4-de973785fae8,16,0,16,0,0,0,16
35,Вологодская область,19,Сямженская,77732987-1de8-4cfe-ac2e-c828c28cef24,16,0,16,0,0,0,16
37,Ивановская область,4,Гаврилово-Посадская,c4aeb97a-db58-4427-ada5-5be855437508,16,0,16,0,0,0,16
37,Ивановская область,25,Тейковская городская,e7b94b71-646f-4737-9bee-e3e49346fd38,16,0,16,0,0,0,16
37,Ивановская область,29,Южская,efc927a7-0dce-4cec-9704-1c118dbb7fcc,16,0,16,0,0,0,16
38,Иркутская область,30,Свирская,712edc0e-b07b-4399-85a7-87d21891d2c8,16,0,16,0,0,0,16
39,Калининградская область,14,Нестеровская,196ca081-3558-4c87-8fbd-d6f87c58d6d9,16,0,16,0,0,0,16
39,Калининградская область,22,Советская,fd3daa25-3df3-4c41-a7c0-fd193496a6d7,16,0,16,0,0,0,16
40,Калужская область,5,Думиничская,3090eff9-552d-4b3c-973d-eaf541618377,16,0,16,0,0,0,16
40,Калужская область,6,Жиздринская,85136117-002d-421c-8d4a-cc10808dca70,16,0,16,0,0,0,16
40,Калужская область,24,Тарусская,2237bb4a-6a51-4083-ba6f-64dcd855bc41,16,0,16,0,0,0,16
40,Калужская область,28,Юхновская,64d75859-71ac-49f8-9848-bf79c608d597,16,0,16,0,0,0,16
43,Кировская область,26,Нагорская,cbe362bc-7bbe-4d6f-875a-bf502209e01f,16,0,16,0,0,0,16
43,Кировская область,43,Унинская,219bc377-6f9b-4a44-99f3-a298dc6599a1,16,0,16,0,0,0,16
44,Костромская область,2,Буйская,26bd5c6e-d4f7-4811-9041-41fbdd747d5e,16,0,16,0,0,0,16
46,Курская область,21,Поныровская,f048d675-bcd1-40cf-b74f-c2b24be3f0b8,16,0,16,0,0,0,16
50,Московская область,7,Раменский (129 округ ГД),d5040eb2-d080-41ef-b196-c69be026a6cf,16,0,16,0,0,0,16
56,Оренбургская область,37,Пономаревская,35a003fd-b8c9-4f11-b2c8-b6ff696ac3d8,16,0,16,0,0,0,16
57,Орловская область,27,Урицкая,d7d03be5-934f-44dc-b30b-51884491be61,16,0,16,0,0,0,16
62,Рязанская область,28,Старожиловская,0183f65a-48e5-4a4b-a4fb-a6cd6dea84e8,16,0,16,0,0,0,16
63,Самарская область,3,Богатовская,667616da-776d-4eb9-b94a-0716b85c3d0d,16,0,16,0,0,0,16
64,Саратовская область,27,Питерская,e904beec-4c3f-4645-b187-0eac7e4719f0,16,0,16,0,0,0,16
68,Тамбовская область,4,Знаменская ТИК,51be247e-bbb3-4164-a2ad-506a24051b8f,16,0,16,0,0,0,16
68,Тамбовская область,7,Кирсановская городская ТИК,9ee9fc89-f792-46ff-9f81-5689690475d6,16,0,16,0,0,0,16
68,Тамбовская область,18,Пичаевская ТИК,d2fc4d1a-c3fb-4679-8655-d5fed825de35,16,0,16,0,0,0,16
68,Тамбовская область,22,Сампурская ТИК,f29b564e-234e-463b-a38b-d66669ca2271,16,0,16,0,0,0,16
68,Тамбовская область,32,Умётская ТИК,727aa77b-afc8-434b-afcd-3855125060d1,16,0,16,0,0,0,16
71,Тульская область,6,Воловская,4fd8526a-aab7-4a19-8f17-b33b77652694,16,0,16,0,0,0,16
71,Тульская область,17,Одоевская,9190498f-851a-4e7d-a334-b556f39a7351,16,0,16,0,0,0,16
90,Пермский край,41,Частинская,6643a40e-a2ff-433c-bbb4-e8fc470b7822,17,1,16,0,0,0,16
90,Пермский край,48,Гайнская,b2e346a9-fbda-4160-90e4-7558791af308,17,1,16,0,0,0,16
90,Пермский край,53,Юрлинская,c723d1ac-02fe-491b-984f-067dd64d3284,17,1,16,0,0,0,16
92,Забайкальский край,8,Агинская,74704a85-8e65-4b24-a23d-457681bfda51,16,0,16,0,0,0,16
92,Забайкальский край,16,Каларская,cc64cc8b-9aab-4d6b-8c77-f2145f5b166a,16,0,16,0,0,0,16
92,Забайкальский край,17,Калганская,33f1769c-0900-43a9-8031-2ee1924cd197,16,0,16,0,0,0,16
92,Забайкальский край,31,Тунгокоченская,1e0ec0f0-2854-4303-98cf-d3a0f9d88bea,16,0,16,0,0,0,16
96,Луганская Народная Республика,27,ТИК Славяносербского района,fd8f6363-7f53-4b39-9bfd-e774a6ac7350,16,0,16,0,0,0,16
98,Херсонская область,5,Голопристанская территориальная избирательная комиссия,81afa8b1-5554-4c63-a011-816541dabfda,16,0,16,0,0,0,16
9,Карачаево-Черкесская Республика,1,по Адыге-Хабльскому району,0ac5ee55-dce0-41ef-851e-611858368edf,15,0,15,0,0,0,15
9,Карачаево-Черкесская Республика,7,по Урупскому району,95a0813a-4bbe-48a9-944a-1c0abd7b8802,15,0,15,0,0,0,15
9,Карачаево-Черкесская Республика,9,по Хабезскому району,f8338bed-ce28-4d78-93cf-2cc667adf213,15,0,15,0,0,0,15
10,Республика Карелия,3,Кемская,85ea7871-d363-4f84-a1e8-eb9666d33f5c,15,0,15,0,0,0,15
13,Республика Мордовия,7,Ельниковская,4d86fefd-ea85-498e-be24-199bdfa6c3e8,15,0,15,0,0,0,15
13,Республика Мордовия,23,Теньгушевская,c998234a-9080-4c82-9cad-cf404ef4e51d,15,0,15,0,0,0,15
16,Республика Татарстан (Татарстан),14,Бавлинская городская,4e24ea8c-22fe-475e-aab0-19c39f7168d8,15,0,15,0,0,0,15
16,Республика Татарстан (Татарстан),19,Буинская городская,1ac83e90-18a9-4afe-bd8e-2987c7006382,15,0,15,0,0,0,15
17,Республика Тыва,4,Дзун-Хемчикская,652a1fd6-a148-49a6-9ee8-fae7c7393337,15,0,15,0,0,0,15
17,Республика Тыва,7,Кызылская,45f4f089-e374-4ded-b824-1ec924cee887,15,0,15,0,0,0,15
22,Алтайский край,2,Алейская городская,85f8f694-88c1-4692-a0f0-6e8926057716,15,0,15,0,0,0,15
22,Алтайский край,21,Завьяловская,28cf205b-dd36-4732-8177-424b2277da1c,15,0,15,0,0,0,15
22,Алтайский край,35,Курьинская,f3f76fe1-63f1-48ce-9347-ee1b5897d28d,15,0,15,0,0,0,15
22,Алтайский край,50,Романовская,d849912b-9059-4d72-8315-6c47d29bfb3c,15,0,15,0,0,0,15
22,Алтайский край,57,Солонешенская,96ae6ed1-7267-47e3-81ed-97008be13d31,15,0,15,0,0,0,15
22,Алтайский край,58,Солтонская,b702a466-9d95-4fac-a768-30754fc69176,15,0,15,0,0,0,15
23,Краснодарский край,33,Новопокровская,925d7763-820e-4007-8187-5f01112998a7,15,0,15,0,0,0,15
26,Ставропольский край,19,Лермонтовская городская,163bc77f-67bd-436e-b96e-0e59181901d1,15,0,15,0,0,0,15
29,Архангельская область,15,Вилегодская,e04160cc-45e3-4306-87f2-696a70d37cef,15,0,15,0,0,0,15
29,Архангельская область,20,Красноборская,03517428-e837-4e74-8ae7-03405aba67a7,15,0,15,0,0,0,15
29,Архангельская область,22,Лешуконская,b89c6cad-b560-4d8e-aace-15a691110f56,15,0,15,0,0,0,15
36,Воронежская область,33,Репьёвская,99ba5403-3b48-4870-8e11-33f1b09d6c2e,15,0,15,0,0,0,15
37,Ивановская область,5,Заволжская,4bda4d27-a575-4fb8-bdb6-fcc296b4cd2b,15,0,15,0,0,0,15
37,Ивановская область,23,Савинская,1042a053-0b7e-4562-8f2d-fabf641d2cfb,15,0,15,0,0,0,15
38,Иркутская область,38,Усть-Илимская районная,2e33606f-bbde-4d76-ad1d-7c5b1cce8500,15,0,15,0,0,0,15
39,Калининградская область,17,Полесская,609f8282-e87f-4f76-a243-bdf2b5016e5d,15,0,15,0,0,0,15
39,Калининградская область,18,Правдинская,8cf4ec1d-41e3-4f7f-bf90-c439d23ed3df,15,0,15,0,0,0,15
39,Калининградская область,20,Светловская,ea60d684-b602-4d95-94f4-b851ec38c3ca,15,0,15,0,0,0,15
40,Калужская область,14,Куйбышевская,2177db7d-08af-4014-844b-6339e38394fd,15,0,15,0,0,0,15
40,Калужская область,27,Хвастовичская,d102a7e4-9394-4a54-8c69-35ac9af7f925,15,0,15,0,0,0,15
43,Кировская область,36,Санчурская,ff0e14a3-c77e-4924-a98f-fa700cead95a,15,0,15,0,0,0,15
44,Костромская область,26,Судиславская,33f4adee-8325-4f2a-916e-5b38a3e65571,15,0,15,0,0,0,15
44,Костромская область,30,Шарьинская городская,a405c6c0-aec9-4ccc-868d-536ebfa488c1,15,0,15,0,0,0,15
46,Курская область,34,Льговская городская,dfc4a1d1-a8fb-4312-a569-65aa79425d55,15,0,15,0,0,0,15
50,Московская область,3,Краснознаменск (124 округ ГД),21d5e361-d05b-4b86-af73-f310029de74f,15,0,15,0,0,0,15
50,Московская область,10,Шаховская (121 округ ГД),f0b4365a-95d4-4a5b-a241-b2eb1cb32aed,15,0,15,0,0,0,15
53,Новгородская область,14,Парфинская,d1e39f47-711a-4f36-91eb-99c9637147c0,15,0,15,0,0,0,15
54,Новосибирская область,15,Кочковский район,48b12d38-43ee-457f-a02e-aa229d30b01b,15,0,15,0,0,0,15
55,Омская область,3,ТИК по Большеуковскому району,5b95fdc3-65d3-4d85-a9bd-6c31740fe26c,15,0,15,0,0,0,15
56,Оренбургская область,23,Новоорская,60a7ebc2-889d-4db9-a87e-0f455bcfc70d,15,0,15,0,0,0,15
57,Орловская область,4,Дмитровская,f4674091-2495-4dea-a014-778a6f983574,15,0,15,0,0,0,15
60,Псковская область,1,Бежаницкая,de7e5195-1c7e-4313-b982-29dcd25e76e2,15,0,15,0,0,0,15
60,Псковская область,22,Пушкиногорская,67e8223a-516f-4a6f-a620-45d66ee509e2,15,0,15,0,0,0,15
61,Ростовская область,17,Зверевская городская,b8c44145-a8b9-4580-9295-c5f8a74b84c0,15,0,15,0,0,0,15
62,Рязанская область,1,Ермишинская,18c882ef-9214-4980-8a70-086f68c0a770,15,0,15,0,0,0,15
62,Рязанская область,13,Путятинская,31f565a2-d17f-44e9-9010-2f74869c2d14,15,0,15,0,0,0,15
62,Рязанская область,21,Сапожковская,fc8d0ee4-ab0b-4b35-8d46-8ac1c7f9da7d,15,0,15,0,0,0,15
63,Самарская область,25,Похвистневская городская,fb419664-afef-4b75-b38c-dae569eaac23,15,0,15,0,0,0,15
64,Саратовская область,10,Воскресенская,020a6bf3-1977-4303-b9b7-301d120b029f,15,0,15,0,0,0,15
64,Саратовская область,43,Турковская,d5502d55-d932-4124-bbf6-4ea0c3f013b9,15,0,15,0,0,0,15
65,Сахалинская область,3,Долинская,509feb5d-9ea0-4c0e-b1f9-f53f9a9ed95a,15,0,15,0,0,0,15
65,Сахалинская область,14,Тымовская,a9d3e463-30c8-4b5f-9fc2-4af387171e14,15,0,15,0,0,0,15
65,Сахалинская область,15,Углегорская,31ce314b-b1a3-4427-ae5a-b241dcfd705b,15,0,15,0,0,0,15
67,Смоленская область,6,Десногорская,e14e97c0-ae17-4ed8-aee5-b2f2ce8e7018,15,0,15,0,0,0,15
67,Смоленская область,27,Холм-Жирковская,25af1243-8b99-4a0f-9bcd-d53f3e31df1e,15,0,15,0,0,0,15
69,Тверская область,27,Рамешковская,e22327a3-f01c-477d-aaad-1368c500bf5b,15,0,15,0,0,0,15
71,Тульская область,8,Дубенская,ba740be4-f0f2-469e-9e2a-787b35c60fda,15,0,15,0,0,0,15
78,город Санкт-Петербург,212,ТИК №55 (212),27bdb53d-d8c9-4ec0-be57-16f5a3c23e73,15,0,15,0,0,0,15
83,Ненецкий автономный округ,1,Нарьян-Марская,5dbfaacf-b640-4280-a503-73967b31b673,15,0,15,0,0,0,15
87,Чукотский автономный округ,1,Анадырская,4d275f2c-2ac2-405d-ae63-5448ebde6894,15,0,15,0,0,0,15
92,Забайкальский край,3,Железнодорожная г. Читы,c3abade0-e524-4508-9d33-8f95a0271cd1,15,0,15,0,0,0,15
95,Донецкая Народная Республика,8,ТИК №8,fb3d5004-cc77-4b28-86bc-0359d7ff9af9,15,0,15,0,0,0,15
96,Луганская Народная Республика,9,ТИК города Брянки,a823fad5-24b4-401a-bbed-13261c44e02f,15,0,15,0,0,0,15
98,Херсонская область,11,Новокаховская территориальная избирательная комиссия,2456dd6d-2887-46d5-81a1-2e61be5952a4,15,0,15,0,0,0,15
98,Херсонская область,13,Скадовская территориальная избирательная комиссия,b2293f20-212d-425a-826d-1b4147f2bbb1,15,0,15,0,0,0,15
5,Республика Дагестан,28,Кулинская,b504b128-d930-4f12-8a4d-d363375dfdbc,14,0,14,0,0,0,14
5,Республика Дагестан,52,Чародинская,94a446f5-727b-4a67-848e-c495495fe7e1,14,0,14,0,0,0,14
7,Кабардино-Балкарская Республика,12,Черекская,5c74a6d2-d281-47b1-997d-fbf211b0d047,14,0,14,0,0,0,14
8,Республика Калмыкия,2,Ики-Бурульская,ac2883db-b888-42aa-8e1f-73264fd1d231,14,0,14,0,0,0,14
8,Республика Калмыкия,4,Кетченеровская,6294d491-0766-4b14-b744-8b6fe4282068,14,0,14,0,0,0,14
8,Республика Калмыкия,14,Яшкульская,485e3918-d899-4645-84c2-8288010118c2,14,0,14,0,0,0,14
17,Республика Тыва,5,Каа-Хемская,89c7a222-ca99-4e1e-9f67-9e9ce7f1f501,14,0,14,0,0,0,14
22,Алтайский край,27,Калманская,e0bc5054-e9da-47da-ad84-d7bb36a40dc5,14,0,14,0,0,0,14
22,Алтайский край,39,Михайловская,0d2c8dab-ecad-4eec-aa33-df08a93ede94,14,0,14,0,0,0,14
22,Алтайский край,40,Немецкая,a31d1e5b-efdd-4846-ab5d-1194e7113ac1,14,0,14,0,0,0,14
22,Алтайский край,60,Табунская,23400937-816e-4aa3-adb6-910b3d1f7769,14,0,14,0,0,0,14
22,Алтайский край,72,Чарышская,c003b4cf-50a9-4033-997b-9e98478cbbfd,14,0,14,0,0,0,14
28,Амурская область,20,Селемджинского района,b32f7fdd-6b0b-46de-b616-862bbd02f4b2,14,0,14,0,0,0,14
29,Архангельская область,9,Новодвинская городская,d947b6c5-24f1-4a33-9b48-35047d692624,14,0,14,0,0,0,14
32,Брянская область,11,Жирятинская,f341e5c1-afaa-40e3-800a-2187d2338cbb,14,0,14,0,0,0,14
37,Ивановская область,14,Комсомольская,2fe5204c-9d28-4342-9305-9946c6eb5b98,14,0,14,0,0,0,14
37,Ивановская область,15,Кохомская городская,0a39c0d9-951d-4d7e-80ad-d2237a3850f8,14,0,14,0,0,0,14
37,Ивановская область,24,Тейковская,fc90710b-6fa5-4ffa-8781-67bd56c8cbb0,14,0,14,0,0,0,14
40,Калужская область,19,Мосальская,0a8b7b5e-2d63-43ac-a3e5-4992d8c3e80c,14,0,14,0,0,0,14
43,Кировская область,22,Лебяжская,4423f0c5-c133-42fc-9fe6-ba849f0197c6,14,0,14,0,0,0,14
43,Кировская область,25,Мурашинская,46d96bf9-eb89-47d1-92d8-018c4d05f005,14,0,14,0,0,0,14
43,Кировская область,46,Шабалинская,31b3e432-d2b5-464a-ac58-17f039042cc5,14,0,14,0,0,0,14
44,Костромская область,6,Галичская,b5749565-a720-4af8-9ea8-e389e754b2da,14,0,14,0,0,0,14
44,Костромская область,20,Островская,082194d6-1f46-4952-8fee-be127ecfaea4,14,0,14,0,0,0,14
50,Московская область,6,Раменский (120 округ ГД),98659de4-97d1-41fd-9ea9-8391200b0652,14,0,14,0,0,0,14
50,Московская область,8,Лотошино (121 округ ГД),e5c2aed8-e4a1-486f-a5a8-424f52a3ef5e,14,0,14,0,0,0,14
53,Новгородская область,6,Крестецкая,13cd5315-d667-4770-9c98-8b1e2ce4cf06,14,0,14,0,0,0,14
53,Новгородская область,17,Солецкая,7409d60f-5628-49e5-8840-040254d6a3d0,14,0,14,0,0,0,14
56,Оренбургская область,14,Домбаровская,4bfe2d88-9f60-4460-ab9a-1f60f14e3acb,14,0,14,0,0,0,14
56,Оренбургская область,22,Медногорская городская,c629a074-74d6-442d-8d9c-d39e4e307a1c,14,0,14,0,0,0,14
57,Орловская область,18,Новосильская,c864e62b-9306-428c-ab03-97639f06e500,14,0,14,0,0,0,14
57,Орловская область,26,Троснянская,8dce9381-02c4-426c-a156-a585449ec8e9,14,0,14,0,0,0,14
60,Псковская область,15,Палкинская,0da2ad0f-e3b6-425b-a79e-fdd92d947168,14,0,14,0,0,0,14
60,Псковская область,21,Пустошкинская,c30a1008-7c7c-4d0a-9c1a-5d59095089a2,14,0,14,0,0,0,14
60,Псковская область,23,Пыталовская,f349331b-3f62-48f8-b8bc-4127982b085f,14,0,14,0,0,0,14
63,Самарская область,7,Волжская-161,32cc0e59-444f-4acb-bddc-2e853ed58b94,14,0,14,0,0,0,14
67,Смоленская область,9,Ельнинская,e0377998-b234-431c-afa8-7334b4985666,14,0,14,0,0,0,14
67,Смоленская область,25,Угранская,a0f6846b-ae00-4031-bafc-51d1d35f85e3,14,0,14,0,0,0,14
69,Тверская область,5,Весьегонская,40d44866-e01e-4164-8d0b-4715c5927cd6,14,0,14,0,0,0,14
69,Тверская область,13,Кесовогорская,6531e7af-2b91-437f-a310-d2b1c0552fc1,14,0,14,0,0,0,14
70,Томская область,4,Территориальная избирательная комиссия Верхнекетского района,1a9bef5a-62e6-436d-ae73-6ec4bac92d6a,14,0,14,0,0,0,14
73,Ульяновская область,1,Базарносызганская,8510c5c4-d6db-4726-9531-7c97279ea087,14,0,14,0,0,0,14
89,Ямало-Ненецкий автономный округ,13,Ямальская,a3f4a983-ef24-4cb3-bde5-5042b8e3233e,14,0,14,0,0,0,14
90,Пермский край,11,Еловская,e1659d2e-216f-4b52-b159-d2ed07b1c9e2,15,1,14,0,0,0,14
92,Забайкальский край,21,Кыринская,6c5b5386-f31a-482e-a899-82257293816f,14,0,14,0,0,0,14
93,Республика Крым,2,ТИК города Армянска,985886de-bfef-45a8-ab33-2bd6986ba33e,14,0,14,0,0,0,14
96,Луганская Народная Республика,7,ТИК Беловодского района,f50aa14c-e0ab-4e5b-8be4-0efab64b0f1d,14,0,14,0,0,0,14
2,Республика Алтай,10,Чойская,c0dbb893-bde3-4fe8-a1ec-08d79b597430,13,0,13,0,0,0,13
5,Республика Дагестан,10,Гергебильская,0f5c9076-e1a0-49d9-9cdf-611a2bc91c2a,13,0,13,0,0,0,13
8,Республика Калмыкия,1,Городовиковская,448076ae-2a60-4a81-a993-98f1ee246e03,13,0,13,0,0,0,13
8,Республика Калмыкия,12,Юстинская,1b05d4c2-4922-42ac-82f3-821b966ce50f,13,0,13,0,0,0,13
10,Республика Карелия,5,Костомукшская городская,0cc3ec8e-e648-4dcd-8be3-caf6c6a0976d,13,0,13,0,0,0,13
15,Республика Северная Осетия - Алания,7,ТИК Кировского района,3f2b1e42-7a1e-41e9-a19b-c33a35e38b26,13,0,13,0,0,0,13
17,Республика Тыва,10,Пий-Хемская,ce5803a1-1cb3-4ec8-8e35-d652e74211b6,13,0,13,0,0,0,13
17,Республика Тыва,15,Улуг-Хемская,bd6e2f55-6213-49f3-bb26-1287f7cbe67f,13,0,13,0,0,0,13
20,Чеченская Республика,18,Шаройская,fcb6001b-490d-435c-bb55-0a85a24ebd52,13,0,13,0,0,0,13
22,Алтайский край,4,Баевская,10309cf1-718d-456b-b57f-55e8030c7da5,13,0,13,0,0,0,13
22,Алтайский край,26,Зональная,4754704b-b883-4f24-9640-a31627acd7fb,13,0,13,0,0,0,13
22,Алтайский край,33,Крутихинская,0b6d5275-aff1-4388-820b-7b6c3bb4c186,13,0,13,0,0,0,13
22,Алтайский край,41,Новичихинская,213aebc4-bbac-48be-a5de-de41ba6a303b,13,0,13,0,0,0,13
24,Красноярский край,27,Территориальная избирательная комиссия Кежемского округа Красноярского края,4d0ac982-938f-46dd-b47d-4875686ce8b8,13,0,13,0,0,0,13
24,Красноярский край,882,Илимпийская территориальная избирательная комиссия Красноярского края,b2e66561-c76d-4071-9049-ea3e19a6f7f2,13,0,13,0,0,0,13
25,Приморский край,27,ТИК Тернейского района,d0cdf8a5-f63f-4334-b693-dae3cc738558,13,0,13,0,0,0,13
26,Ставропольский край,4,Арзгирская,a890de1e-18d1-4b82-847b-026043d78fa1,13,0,13,0,0,0,13
26,Ставропольский край,24,Новоселицкая,ddb155a9-880c-4155-980f-ca0c1e169fe8,13,0,13,0,0,0,13
28,Амурская область,9,города Зея,a2125168-549b-4d05-8273-9b6acaa1aa80,13,0,13,0,0,0,13
29,Архангельская область,28,Приморская 77,f0d9a38b-babd-4769-b22f-8912d486955d,13,0,13,0,0,0,13
30,Астраханская область,16,Черноярская,ce79bd00-a9c0-4171-94d5-85eb4352f1c9,13,0,13,0,0,0,13
32,Брянская область,26,Рогнединская,89f6a2fe-5181-4c07-8452-958d9ff4aeab,13,0,13,0,0,0,13
37,Ивановская область,11,Ильинская,83753260-535c-40f5-884d-02b7fcd785bd,13,0,13,0,0,0,13
38,Иркутская область,3,Балаганская,b847a728-5a26-4ae4-b67c-7e603b4f17e6,13,0,13,0,0,0,13
38,Иркутская область,19,Катангская,b293527e-c511-4af6-9619-bd0f085095e7,13,0,13,0,0,0,13
39,Калининградская область,12,Краснознаменская,c58eb236-cc2d-4867-b09c-760bc70c69ab,13,0,13,0,0,0,13
40,Калужская область,17,Медынская,ceb67bf4-4652-4a44-b705-7c1cd6eb4d92,13,0,13,0,0,0,13
40,Калужская область,25,Ульяновская,9fe7ff84-aa17-4018-85df-71883aa2df13,13,0,13,0,0,0,13
43,Кировская область,11,Кикнурская,5b4b2690-ce38-43a8-b159-2aa006a32fdc,13,0,13,0,0,0,13
43,Кировская область,41,Сунская,cf881e7d-2b4d-43d2-a0e3-a0121a8a84fa,13,0,13,0,0,0,13
44,Костромская область,3,Буйская городская,fc104462-ee1f-41f4-9e26-7c598655c7ef,13,0,13,0,0,0,13
44,Костромская область,5,Вохомская,d6e1bd47-7323-4ef4-accc-9bcf37f5c3ed,13,0,13,0,0,0,13
44,Костромская область,17,Нейская,fb9139b8-8d61-47f2-889d-1a296b8d9578,13,0,13,0,0,0,13
44,Костромская область,27,Сусанинская,045b364e-ae59-4551-8cd5-3a928c704db9,13,0,13,0,0,0,13
44,Костромская область,28,Чухломская,d02a71ee-27ba-4729-acb7-128658c0a224,13,0,13,0,0,0,13
50,Московская область,5,Черноголовка (129 округ ГД),45588ba8-2513-4092-a255-19ab4f07478a,13,0,13,0,0,0,13
53,Новгородская область,7,Любытинская,81d448ee-e7b5-4108-8126-728d21e9dcf2,13,0,13,0,0,0,13
53,Новгородская область,10,Мошенская,c7f4775c-269a-446e-8f65-4053178e65bf,13,0,13,0,0,0,13
53,Новгородская область,20,Холмская,14162275-e47e-4345-abc5-bbd82bce6dde,13,0,13,0,0,0,13
57,Орловская область,10,Краснозоренская,59b42d20-8c73-4fca-8ab8-ad51ad403a04,13,0,13,0,0,0,13
57,Орловская область,28,Хотынецкая,78373d90-502f-4f76-bfc1-a8d8c7d037c6,13,0,13,0,0,0,13
60,Псковская область,9,Локнянская,0b438224-88b3-4b3b-b56e-3becb9cee28f,13,0,13,0,0,0,13
62,Рязанская область,11,Пителинская,67b3827b-1fa0-4169-af4c-fb4164ceea9a,13,0,13,0,0,0,13
63,Самарская область,11,Камышлинская,25eb23e5-7d6a-46cc-b3f5-c9acfafe077c,13,0,13,0,0,0,13
63,Самарская область,34,"Самара, Самарская",59f73a06-671d-4b06-b079-dc0b11d3889f,13,0,13,0,0,0,13
67,Смоленская область,11,Кардымовская,afe8288f-9c1f-4999-8e58-c1a5427788c7,13,0,13,0,0,0,13
67,Смоленская область,13,Монастырщинская,0a0848d8-753a-4f6e-97d6-f91b9be0ba15,13,0,13,0,0,0,13
67,Смоленская область,26,Хиславичская,0cddd0a8-ad36-40bd-a7f8-bde3f9759b62,13,0,13,0,0,0,13
68,Тамбовская область,31,Уваровская городская ТИК,61c435b2-a8b0-4dab-9f88-91a53b90c719,13,0,13,0,0,0,13
71,Тульская область,11,Каменская,dd04f9b5-adb9-4cab-ac8e-e4fea25d1e2c,13,0,13,0,0,0,13
76,Ярославская область,1,Большесельская,89494cfa-0720-46e5-8fe7-a573b7c388c7,13,0,13,0,0,0,13
76,Ярославская область,14,Рыбинская - 194,520f171c-7e72-4b44-921c-ec3292a7433e,13,0,13,0,0,0,13
89,Ямало-Ненецкий автономный округ,1,Губкинская городская,31178ffd-a88d-49a9-939a-4f3e8c7d05a1,13,0,13,0,0,0,13
92,Забайкальский край,14,Дульдургинская,3936288b-f410-45d3-ada1-750799999f02,13,0,13,0,0,0,13
92,Забайкальский край,15,Забайкальская,c977e122-9b25-40d3-af17-1d5dbc3829ac,13,0,13,0,0,0,13
93,Республика Крым,11,ТИК города Красноперекопска,d96d9503-cf71-43ec-9476-a1401fccf8a6,13,0,13,0,0,0,13
95,Донецкая Народная Республика,18,ТИК №18,24515e01-6eaa-453c-9afd-7964c53326f8,13,0,13,0,0,0,13
96,Луганская Народная Республика,8,ТИК Белокуракинского района,bcae4fdc-8de5-448a-99e1-2e9d6563760c,13,0,13,0,0,0,13
96,Луганская Народная Республика,13,ТИК Кременского района,a17a2f64-867a-4c9c-bef2-76699e100006,13,0,13,0,0,0,13
96,Луганская Народная Республика,19,ТИК Новопсковского района,770e1569-4d30-40a9-8f24-b9dc3875abb2,13,0,13,0,0,0,13
98,Херсонская область,14,Чаплынская территориальная избирательная комиссия,76b991ab-e5c0-4864-80eb-aec88cdb752f,13,0,13,0,0,0,13
2,Республика Алтай,6,Улаганская,311a146f-2d80-4f68-8cdd-ba3863dbfe08,12,0,12,0,0,0,12
4,Республика Бурятия,2,Баунтовская,5e7a3d08-4862-4eba-90a1-048d1ddaf117,12,0,12,0,0,0,12
5,Республика Дагестан,6,Бежтинская,d75bfb17-5c18-4593-8004-f06347ce553d,12,0,12,0,0,0,12
5,Республика Дагестан,13,Дагогнинская городская,d32937a0-8236-47f8-911e-e0b1111ff306,12,0,12,0,0,0,12
5,Республика Дагестан,29,Кумторкалинская,b0eebe8f-314d-48b3-b8fe-72792f9c5f9c,12,0,12,0,0,0,12
8,Республика Калмыкия,7,Приютненская,e21e3242-7e8a-430b-ac0b-ad71bbc25ed3,12,0,12,0,0,0,12
8,Республика Калмыкия,8,Сарпинская,fa02f724-04ab-4d7b-b216-aee11287ec88,12,0,12,0,0,0,12
8,Республика Калмыкия,10,Черноземельская,831188d1-8fd8-4c52-855f-bc88d8b827f8,12,0,12,0,0,0,12
8,Республика Калмыкия,13,Яшалтинская,9c664200-ede3-4ade-8bdc-1f09d500e9ee,12,0,12,0,0,0,12
10,Республика Карелия,7,Лоухская,6075c2b9-513e-4335-8d74-8f66945675be,12,0,12,0,0,0,12
10,Республика Карелия,9,Муезерская,bf584981-7bc2-4ebc-ada1-fc89713868d0,12,0,12,0,0,0,12
11,Республика Коми,6,Койгородская,01832367-0582-4a81-b0e8-e7ba91b02606,12,0,12,0,0,0,12
13,Республика Мордовия,13,Кочкуровская,5dddde34-d785-4391-8404-bcf79e2fc183,12,0,12,0,0,0,12
14,Республика Саха (Якутия),30,Усть-Майская,c3619c47-07d7-4148-9509-550698c4721b,12,0,12,0,0,0,12
14,Республика Саха (Якутия),31,Усть-Янская,5ac27447-13a1-49fa-a055-87b4f1baab26,12,0,12,0,0,0,12
15,Республика Северная Осетия - Алания,5,ТИК Дигорского района,9393e7bf-6c44-4bcb-a24e-14e3be5313eb,12,0,12,0,0,0,12
20,Чеченская Республика,10,Итум-Калинская,d901784d-da51-4d9d-94a6-98663c387551,12,0,12,0,0,0,12
22,Алтайский край,19,Егорьевская,080596da-62b8-4ce7-bcad-8f987763aded,12,0,12,0,0,0,12
22,Алтайский край,29,Ключевская,2ac7ef7c-1503-4934-a857-5664d85f822e,12,0,12,0,0,0,12
24,Красноярский край,47,Территориальная избирательная комиссия № 2 Казачинско-Пировского округа Красноярского края,e402ff39-c1bb-4e9e-89c4-328f0b89a8f2,12,0,12,0,0,0,12
24,Красноярский край,50,Территориальная избирательная комиссия Сосновоборского округа Красноярского края,185b5d63-bf85-4d6c-bca6-dd49cadb26c2,12,0,12,0,0,0,12
28,Амурская область,28,города Шимановск,4c1a8d01-136d-4e3e-b9a8-031600f98e6b,12,0,12,0,0,0,12
36,Воронежская область,22,Нововоронежская городская,b174521f-022b-46a8-bc24-1c187092582c,12,0,12,0,0,0,12
37,Ивановская область,17,Лухская,656e8df3-6331-4e04-ae72-24ef8ff485f1,12,0,12,0,0,0,12
43,Кировская область,6,Верхошижемская,e2be81c1-bcc0-4cf0-9e0c-4ecba76b3c33,12,0,12,0,0,0,12
44,Костромская область,8,Кадыйская,7869647a-f8f0-4d70-84d5-f00111439e36,12,0,12,0,0,0,12
45,Курганская область,5,Звериноголовская,d2a95895-51ae-4f93-a417-b521defcd9ad,12,0,12,0,0,0,12
51,Мурманская область,15,Полярнозоринская,365ad5bb-478e-415b-9d9d-0e97dfe8e4c3,12,0,12,0,0,0,12
54,Новосибирская область,34,город Обь,d491f5a4-2b82-4f60-bad4-7bfae6e405cb,12,0,12,0,0,0,12
56,Оренбургская область,40,Светлинская,8585eedb-4c7c-4fbe-a8af-9f8f51242e86,12,0,12,0,0,0,12
57,Орловская область,17,Новодеревеньковская,8cf374ae-4722-4074-b3ec-3728ddf866f7,12,0,12,0,0,0,12
57,Орловская область,29,Шаблыкинская,82e4deb9-b9ff-4586-af4b-ad83793f87d4,12,0,12,0,0,0,12
61,Ростовская область,53,Советская,53073435-4a06-46a0-852b-a8883dcd9ce9,12,0,12,0,0,0,12
63,Самарская область,7,Волжская-163,671809b0-d7be-4af0-86dc-cd58873a0804,12,0,12,0,0,0,12
64,Саратовская область,37,"Саратов, Октябрьская",fc7624d6-1a95-457f-b99e-f0175851bce9,45,33,12,0,0,0,12
65,Сахалинская область,10,Поронайская,038a1511-0142-4767-b1fc-db0f1ffd1e46,12,0,12,0,0,0,12
67,Смоленская область,23,Сычевская,36aa0b13-4c85-4b56-81ff-a2ec779260a5,12,0,12,0,0,0,12
69,Тверская область,18,Лесная,045c3da2-ed5e-4fb6-86cc-e8e44b94c7cc,12,0,12,0,0,0,12
70,Томская область,1,Территориальная избирательная комиссия Александровского района,e5bcb65d-b4db-4889-8ce9-d2048f845251,12,0,12,0,0,0,12
70,Томская область,15,Территориальная избирательная комиссия городского округа Стрежевой,5cedd49e-b344-4e1c-9fa4-c69ead8ea4a2,12,0,12,0,0,0,12
71,Тульская область,14,Куркинская,38ff4150-d690-450f-972e-9172d4373d0d,12,0,12,0,0,0,12
72,Тюменская область,15,Сладковская ТИК,a6dadc61-d1e2-4b9b-8e3d-f880e1144a8b,12,0,12,0,0,0,12
73,Ульяновская область,29,Новоульяновская,3f9a7078-47bf-48d0-8cdf-c0e943c60fe3,12,0,12,0,0,0,12
90,Пермский край,25,Оханская,3118230e-d4c6-4079-88b1-4c7b9f4026f0,13,1,12,0,0,0,12
90,Пермский край,49,Косинская,61ee619f-00b0-4ae6-99ae-528e0630ee25,13,1,12,0,0,0,12
92,Забайкальский край,10,Александрово-Заводская,14cb9612-16c9-4689-9da1-0f710f827282,12,0,12,0,0,0,12
92,Забайкальский край,36,Шелопугинская,1310f984-5ddd-4e84-92bd-918cb9339b28,12,0,12,0,0,0,12
95,Донецкая Народная Республика,3,ТИК №3,df45da3a-a0a9-41bc-a876-ca1bc077a9c3,12,0,12,0,0,0,12
95,Донецкая Народная Республика,6,ТИК №6,eff9ba5b-c429-4bfb-b6fc-915bf6437577,12,0,12,0,0,0,12
95,Донецкая Народная Республика,26,ТИК №26,d3c08bad-3187-4e78-ac26-6c0bd39cf490,12,0,12,0,0,0,12
96,Луганская Народная Республика,3,ТИК Каменнобродского района города Луганска,08878b98-13a7-4b73-8b09-abf3551b8efa,12,0,12,0,0,0,12
96,Луганская Народная Республика,24,ТИК Сватовского района,602a276f-4463-437d-9340-f37d3efa9c77,12,0,12,0,0,0,12
98,Херсонская область,1,Алешкинская территориальная избирательная комиссия,5dee1cfc-ae5d-45c4-bc04-cf667f00297a,12,0,12,0,0,0,12
98,Херсонская область,8,Каланчакская территориальная избирательная комиссия,b75d49da-39f7-48aa-b04a-6b00c670176b,12,0,12,0,0,0,12
4,Республика Бурятия,15,Окинская,4d7578e6-6eb9-4387-b8b3-8d223991b754,11,0,11,0,0,0,11
4,Республика Бурятия,18,Северобайкальская городская,5b3f55f7-68e7-46cb-ad95-225654fe5eee,11,0,11,0,0,0,11
7,Кабардино-Балкарская Республика,4,Лескенская,d14a6c86-8fdc-4431-bec0-6565bcc9ca46,11,0,11,0,0,0,11
8,Республика Калмыкия,5,Малодербетовская,caa81e99-8a17-484a-bf25-cfd4a6403e38,11,0,11,0,0,0,11
11,Республика Коми,2,Вуктыльская городская,c47e62f1-5d2a-4241-8d92-30540a5e14db,11,0,11,0,0,0,11
13,Республика Мордовия,11,Кадошкинская,7dd330f4-59f3-4214-8964-13945c539963,11,0,11,0,0,0,11
14,Республика Саха (Якутия),11,Горная,153b9685-4743-4d45-8c39-ee1d6c7cbf2d,11,0,11,0,0,0,11
14,Республика Саха (Якутия),25,Среднеколымская,14b4ea6c-561e-41df-8232-33f4207390f8,11,0,11,0,0,0,11
17,Республика Тыва,12,Тандинская,6ffad5f2-f834-4546-bdbc-8aa42fcca3c5,11,0,11,0,0,0,11
19,Республика Хакасия,12,Абазинская городская,d1ea9e33-a688-412a-a46c-0675eae60fee,11,0,11,0,0,0,11
22,Алтайский край,62,Тогульская,de34f34f-48a4-49dc-b532-3200d6b25b87,11,0,11,0,0,0,11
23,Краснодарский край,33,Новопокровская,25f2054f-0515-4844-b4d2-8a8def014e06,11,0,11,0,0,0,11
24,Красноярский край,32,Территориальная избирательная комиссия Ленинского района города Красноярска,9634ff46-df98-424a-8ce8-cfe750a6895b,11,0,11,0,0,0,11
24,Красноярский край,49,Территориальная избирательная комиссия Северо-Енисейского округа Красноярского края,b77bd818-6216-49fa-89a9-a31495fc17f6,11,0,11,0,0,0,11
24,Красноярский край,881,Байкитская территориальная избирательная комиссия Красноярского края,93ee9dc7-e161-431a-99d0-c0aa29c41172,11,0,11,0,0,0,11
29,Архангельская область,28,Приморская 76,ef47408a-b635-4fa0-bf84-2e788baaf2b6,11,0,11,0,0,0,11
32,Брянская область,28,Сельцовская городская,9a808ea7-1839-4633-9420-2f95fc174a20,11,0,11,0,0,0,11
37,Ивановская область,18,Палехская,2ee477ed-cdf2-4d10-ab5b-b9b7fc9a8133,11,0,11,0,0,0,11
40,Калужская область,22,Спас-Деменская,6f161073-6262-411b-8995-c00a94e9f503,11,0,11,0,0,0,11
43,Кировская область,20,Котельничская городская,f4fca32f-8431-4ee8-b8b4-9a33d2657cd2,11,0,11,0,0,0,11
43,Кировская область,27,Немская,5209d3d1-8d2d-4729-81d1-189a1318a01d,11,0,11,0,0,0,11
43,Кировская область,30,Опаpинская,175d3607-8a98-4328-8f5e-8791a603b530,11,0,11,0,0,0,11
44,Костромская область,7,Галичская городская,fd3cf6c2-2e1c-4259-b81c-065ef7f09f48,11,0,11,0,0,0,11
44,Костромская область,25,Солигаличская,62d3427d-1f35-4c48-bdc7-95d151a3be9c,11,0,11,0,0,0,11
44,Костромская область,29,Шарьинская,9cea66ac-adf3-4f42-b6ae-acd237e19a2e,11,0,11,0,0,0,11
51,Мурманская область,3,Заозерская,1ba448ac-374f-4b9e-80ce-21b8ad4c2190,11,0,11,0,0,0,11
51,Мурманская область,6,Ковдорская,d1818f9e-3f4b-4425-8729-05704e19bdd0,11,0,11,0,0,0,11
57,Орловская область,25,Сосковская,605059a8-9c66-48b2-b5f3-c4e7eefc1cd9,11,0,11,0,0,0,11
60,Псковская область,6,Дновская,27f0aea3-e776-479b-8f64-39b3a4091460,11,0,11,0,0,0,11
61,Ростовская область,16,Заветинская,b398200c-5487-4208-8e6a-b476878ad249,11,0,11,0,0,0,11
67,Смоленская область,12,Краснинская,c5244735-bee2-4206-b72a-d8d7c7734948,11,0,11,0,0,0,11
68,Тамбовская область,2,Гавриловская ТИК,ddeed195-1958-4c06-ab05-ee2e675b102c,11,0,11,0,0,0,11
69,Тверская область,21,Молоковская,5305af13-3ee4-44b2-afc3-5fc19b904c2e,11,0,11,0,0,0,11
69,Тверская область,26,Пеновская,eb3b4e84-6dfa-4c44-a7e0-4656f9bd5596,11,0,11,0,0,0,11
69,Тверская область,29,Сандовская,147a0105-d7dc-4773-ae5a-4b13de4b2a5c,11,0,11,0,0,0,11
69,Тверская область,32,Сонковская,ecd9a197-5df4-4506-b1d1-414896418519,11,0,11,0,0,0,11
69,Тверская область,42,Фировская,a5ca7a22-c479-4aee-8352-d5f6efb470bc,11,0,11,0,0,0,11
70,Томская область,16,Территориальная избирательная комиссия Тегульдетского района,d0a59519-d90a-42e5-ab09-6c639fca7003,11,0,11,0,0,0,11
93,Республика Крым,17,ТИК города Саки,27898f86-e045-4450-a16c-5760c25878c2,11,0,11,0,0,0,11
95,Донецкая Народная Республика,33,ТИК №33,05a47d21-f068-42d0-b1bd-d8c865861eeb,11,0,11,0,0,0,11
96,Луганская Народная Республика,10,ТИК города Кировска,e34cc6c5-10a5-4cb3-b736-6046ba3fc9f6,11,0,11,0,0,0,11
4,Республика Бурятия,13,Муйская,3572e322-e0d2-4fdd-a8b0-6e43a79ea0ad,10,0,10,0,0,0,10
5,Республика Дагестан,17,Докузпаринская,f87a36c2-f52c-41d1-83a3-cd2ee2cf320a,10,0,10,0,0,0,10
6,Республика Ингушетия,9,Сунженская городская,8d677f68-c99e-47fc-ae89-18745a1e99ee,10,0,10,0,0,0,10
8,Республика Калмыкия,6,Октябрьская,aa52b9cd-0df6-41a2-a328-679fd73e4fb7,10,0,10,0,0,0,10
14,Республика Саха (Якутия),6,Булунская,9fb8a9df-9ba9-407a-96a6-9145fb9fcee1,10,0,10,0,0,0,10
17,Республика Тыва,3,Барун-Хемчикская,b519b70c-00b2-4f30-aa22-dc5b5e9678de,10,0,10,0,0,0,10
22,Алтайский край,11,Белокурихинская городская,7ad4cba9-c8d1-4597-a321-f24d50571639,10,0,10,0,0,0,10
22,Алтайский край,17,Быстроистокская,c7167c44-6cb3-45b5-a4f0-f23fbd925224,10,0,10,0,0,0,10
28,Амурская область,29,рабочего поселка (п.г.т.) Прогресс,c4e2b3c5-9a3b-4b74-8b5c-9e883094fb59,10,0,10,0,0,0,10
30,Астраханская область,8,Знаменская городская,eaeedd13-0622-4e65-8bad-6b838a197e60,10,0,10,0,0,0,10
37,Ивановская область,1,Верхнеландеховская,710c199a-9b10-4242-97e1-d55359f36240,10,0,10,0,0,0,10
40,Калужская область,8,Износковская,59a24670-8d01-484a-8bb0-3e1400de9bb4,10,0,10,0,0,0,10
43,Кировская область,37,Свечинская,b9a4503a-09e0-422b-bd1d-e7241e672d72,10,0,10,0,0,0,10
43,Кировская область,42,Тужинская,a9248beb-3a49-44f8-94a2-b172252247b8,10,0,10,0,0,0,10
45,Курганская область,21,Частоозерская,51fbc852-d652-4427-b75f-48c217c6e7c9,10,0,10,0,0,0,10
46,Курская область,35,Щигровская городская,75cc5e44-cfea-463c-89ad-1cbb2ebf21e7,10,0,10,0,0,0,10
53,Новгородская область,1,Батецкая,92f1d765-6f0e-4fe8-9762-ce1ae78b9902,10,0,10,0,0,0,10
53,Новгородская область,16,Поддорская,e14fcbf4-af80-4087-ad49-64cb9bfba8d0,10,0,10,0,0,0,10
56,Оренбургская область,50,Ясненская городская,eacc945d-c1d5-4920-a857-983f5a004e5c,10,0,10,0,0,0,10
60,Псковская область,11,Новоржевская,9895ce4f-dbba-4e10-87ef-08cacd1185ad,10,0,10,0,0,0,10
64,Саратовская область,8,Балтайская,b3530959-2a42-402d-b5cf-2c20062473eb,10,0,10,0,0,0,10
64,Саратовская область,33,"Саратов, Волжская",c3bcd8ea-55df-4824-bc19-6678628a9910,41,31,10,0,0,0,10
64,Саратовская область,36,"Саратов, Ленинская",3a494fe0-a9e5-4550-b5fd-ef262b13f97c,106,96,10,0,0,0,10
65,Сахалинская область,13,Томаринская,9ef6a990-3646-43c3-801d-db034cf89970,10,0,10,0,0,0,10
67,Смоленская область,1,Велижская,98508aa9-1a7c-431a-a822-93356cff90ef,10,0,10,0,0,0,10
67,Смоленская область,14,Новодугинская,5928d48d-5c5f-4698-92e1-4451fc327ac4,10,0,10,0,0,0,10
72,Тюменская область,16,Сорокинская ТИК,834413db-f380-4957-bdd8-50b4574d1665,10,0,10,0,0,0,10
76,Ярославская область,3,Брейтовская,e2c6bd72-0f20-41fb-be40-3877676bca68,10,0,10,0,0,0,10
91,Камчатский край,10,Усть-Камчатская,19862724-5d68-4856-8a45-c06accd8c35d,10,0,10,0,0,0,10
96,Луганская Народная Республика,16,ТИК Марковского района,964f0167-cf4e-41c5-918e-8c81943bedd2,10,0,10,0,0,0,10
22,Алтайский край,46,Петропавловская,ea7088f8-69e2-44ec-a629-2b9f5d60b695,9,0,9,0,0,0,9
24,Красноярский край,844,Таймырская Долгано-Ненецкая территориальная избирательная комиссия № 2 Красноярского края,28528479-15c9-4801-b7a6-164734a81b9d,9,0,9,0,0,0,9
40,Калужская область,2,Барятинская,d84be952-a702-4937-a4a1-bf3308ebc437,9,0,9,0,0,0,9
42,Кемеровская область - Кузбасс,18,Краснобродская городская,16b1fb0d-a919-4179-94be-88d01aad3e11,9,0,9,0,0,0,9
43,Кировская область,1,Арбажская,d9c10384-6a14-4572-8025-aec570ffe94d,9,0,9,0,0,0,9
43,Кировская область,4,Богородская,aed459bc-2e94-4f71-a00e-4211806fe1fc,9,0,9,0,0,0,9
43,Кировская область,34,Пижанская,0659f9d5-52fe-4c06-bc9c-5585d60d4e6f,9,0,9,0,0,0,9
44,Костромская область,1,Антроповская,84df3b39-2d68-4105-89f6-17e88bf07ee6,9,0,9,0,0,0,9
44,Костромская область,22,Парфеньевская,5e53545f-5808-4f92-9849-2701aca73f13,9,0,9,0,0,0,9
50,Московская область,1,Бронницы (128 округ ГД),2b23a61b-ff20-4920-bd80-16ecdc2e1b13,9,0,9,0,0,0,9
50,Московская область,2,Власиха (124 округ ГД),be71fd3a-7fa6-4666-8f08-39a165b03599,9,0,9,0,0,0,9
53,Новгородская область,9,Маревская,11fb4fe2-e5eb-4ea7-8207-38c7bffc46d7,9,0,9,0,0,0,9
57,Орловская область,7,Знаменская,19849d6b-99b8-4fa6-aadd-7456c4c458fa,9,0,9,0,0,0,9
60,Псковская область,7,Красногородская,aeb07d8f-7e61-4d53-b73a-d7fd1cf44bf5,9,0,9,0,0,0,9
60,Псковская область,17,Плюсская,72739419-2502-42b9-a6af-3a13af397eee,9,0,9,0,0,0,9
60,Псковская область,26,Усвятская,b4105203-74ce-4e14-8ec1-1b0e023f6260,9,0,9,0,0,0,9
65,Сахалинская область,1,Александровск-Сахалинская,9d3f9086-bb3a-4bad-8ef9-b34d919d4633,9,0,9,0,0,0,9
65,Сахалинская область,7,Невельская,e354ec01-0a72-410b-bc69-be57dec5f5ba,9,0,9,0,0,0,9
65,Сахалинская область,17,Южно-Курильская,77396be5-7e13-40ac-bd12-f856bb5d4469,9,0,9,0,0,0,9
67,Смоленская область,28,Шумячская,b12f946e-fb15-434f-9470-0c7995d00985,9,0,9,0,0,0,9
68,Тамбовская область,8,Котовская городская ТИК,1b94fcb5-7103-4316-8572-959ea8117c77,9,0,9,0,0,0,9
69,Тверская область,7,Жарковская,de291775-33ee-4b4b-8c1c-cd222cbe8166,9,0,9,0,0,0,9
87,Чукотский автономный округ,4,Билибинская,7ee1a4f2-85b4-434f-9757-0211d4cf086a,9,0,9,0,0,0,9
95,Донецкая Народная Республика,10,ТИК №10,b87c278a-0e66-4c12-a051-0d23432ac233,9,0,9,0,0,0,9
96,Луганская Народная Республика,17,ТИК Меловского района,1a2baf81-34fe-449c-bd94-7be650d84e4a,9,0,9,0,0,0,9
96,Луганская Народная Республика,18,ТИК Новоайдарского района,31242de3-bb2e-440d-9ad0-3ef3d642c11f,9,0,9,0,0,0,9
96,Луганская Народная Республика,31,ТИК Троицкого района,360be4b3-8bb2-4e6c-a215-11d115cbbc47,9,0,9,0,0,0,9
6,Республика Ингушетия,2,Карабулакская городская,647a894b-71ff-4e3c-bd75-9c7f86de9581,8,0,8,0,0,0,8
9,Карачаево-Черкесская Республика,12,по Ногайскому району,2544d716-affd-4df8-a4ec-ef759e65589a,8,0,8,0,0,0,8
10,Республика Карелия,2,Калевальская,e59dee36-8502-4980-9e3a-1f6c81598478,8,0,8,0,0,0,8
14,Республика Саха (Якутия),8,Верхнеколымская,bccdf437-605f-49bd-8199-e08150341f95,8,0,8,0,0,0,8
20,Чеченская Республика,15,Серноводская,7f5348c8-a91a-4dcc-81a6-c0f61a335097,8,0,8,0,0,0,8
37,Ивановская область,19,Пестяковская,344bbd16-567a-468e-988c-65c20bba4c52,8,0,8,0,0,0,8
39,Калининградская область,16,Пионерская,ac53049c-895a-4593-b22f-59fe476c712c,8,0,8,0,0,0,8
39,Калининградская область,19,Светлогорская,b65db20a-df59-46e5-a8b2-33b90bc159d0,8,0,8,0,0,0,8
39,Калининградская область,4100,Гурьевская ГД 100,afa5a4f5-1dea-490f-9d32-003941275496,8,0,8,0,0,0,8
42,Кемеровская область - Кузбасс,10,"Кемерово, Кедровская",0035026b-2e08-465c-8535-b9950c337b1d,8,0,8,0,0,0,8
44,Костромская область,9,Кологривская,b65276e2-379b-4e74-a5b4-9450b0755390,8,0,8,0,0,0,8
50,Московская область,5,Раменский (126 округ ГД),bf50d012-e7e9-4271-b37b-c7a69240cbec,8,0,8,0,0,0,8
53,Новгородская область,4,Волотовская,b4241eb2-dc9a-48ce-947e-abf518933c33,8,0,8,0,0,0,8
57,Орловская область,9,Корсаковская,4bd6ca79-5d76-4165-966d-61c888d5d960,8,0,8,0,0,0,8
61,Ростовская область,37,Октябрьская,10e6e61c-45ad-4eea-9e93-e54dae39eb69,8,0,8,0,0,0,8
65,Сахалинская область,8,Ногликская,36d5295b-cba6-4191-9769-754c640cc241,8,0,8,0,0,0,8
65,Сахалинская область,12,Смирныховская,53a18e73-cba5-4515-822a-6ead61553d5a,8,0,8,0,0,0,8
76,Ярославская область,14,Рыбинская - 193,a3f35736-bac4-459f-9cd2-8b8517ddb821,8,0,8,0,0,0,8
89,Ямало-Ненецкий автономный округ,12,Шурышкарская,1602c485-78f9-47a0-a806-a5785193eb92,8,0,8,0,0,0,8
95,Донецкая Народная Республика,22,ТИК №22,fc29af27-6e56-4ffb-b415-c65992f877d2,8,0,8,0,0,0,8
98,Херсонская область,2,Великолепетихская территориальная избирательная комиссия,0b1f79c1-1508-4afd-b0a7-72d79eae56e1,8,0,8,0,0,0,8
0,Территория за пределами РФ,98,Город Байконур (Республика Казахстан),0d86ff72-d99d-40f1-a83e-d730150fc7c9,7,0,7,0,0,0,7
3,Республика Башкортостан,2,Агидельская городская,0f6bc128-563d-42aa-9676-9a652046dc6d,7,0,7,0,0,0,7
9,Карачаево-Черкесская Республика,11,по Абазинскому району,a6f83ab8-671d-40cb-b04d-9dbfb183b275,7,0,7,0,0,0,7
14,Республика Саха (Якутия),17,Момская,4421a85f-a7ea-4c35-810d-dc0efc3e1d65,7,0,7,0,0,0,7
17,Республика Тыва,2,Бай-Тайгинская,54977139-09d5-4bd6-aba4-ebebc36141a4,7,0,7,0,0,0,7
17,Республика Тыва,11,Сут-Хольская,f00dc009-a8c1-452a-93e5-5b09c85a3e12,7,0,7,0,0,0,7
17,Республика Тыва,13,Тес-Хемская,4d419bb1-8b1d-4d3f-8d4b-8abaea3b437c,7,0,7,0,0,0,7
24,Красноярский край,883,Тунгусско-Чунская территориальная избирательная комиссия Красноярского края,279fe4cd-9779-4c20-be8f-b9899078b117,7,0,7,0,0,0,7
38,Иркутская область,23,Мамско-Чуйская,c69d189c-cbc2-4071-bffb-876ea8b3676a,7,0,7,0,0,0,7
49,Магаданская область,2,Ольская,ba1e649d-cd71-4eeb-a172-c6744975f6ad,7,0,7,0,0,0,7
54,Новосибирская область,47,р.п.Кольцово,bd0c0340-f18a-493b-bee8-62b6d6a62de5,7,0,7,0,0,0,7
67,Смоленская область,4,Глинковская,146c572b-5f72-424c-bcb9-848164b3975e,7,0,7,0,0,0,7
67,Смоленская область,10,Ершичская,e955a5b4-3c8c-4c6d-83a6-054fc82b83e8,7,0,7,0,0,0,7
69,Тверская область,3,Бельская,98864280-7f6a-4cca-a829-c85ddb2db67f,7,0,7,0,0,0,7
87,Чукотский автономный округ,5,Эгвекинотская,f5ff6aa5-43cd-4572-ab29-86621df92438,7,0,7,0,0,0,7
91,Камчатский край,13,Пенжинская,b4a8c943-e696-4283-9b5c-a6de306ea36c,7,0,7,0,0,0,7
92,Забайкальский край,5,ТИК городского округа «Поселок Агинское»,19872f6a-49aa-40b2-852a-42075c140deb,7,0,7,0,0,0,7
95,Донецкая Народная Республика,24,ТИК №24,f6218084-ec42-4f6e-aaea-fbbc1c33f0e6,7,0,7,0,0,0,7
96,Луганская Народная Республика,14,ТИК города Лисичанска,176e11fe-347b-47f0-b2c1-01b47f6d7109,7,0,7,0,0,0,7
96,Луганская Народная Республика,26,ТИК города Северодонецка,94d02af5-755d-4c82-8bbe-27cb29681eb5,7,0,7,0,0,0,7
1,Республика Адыгея (Адыгея),1,Адыгейская,f5af0e13-c5ca-492e-9c27-81dc9dc6d495,6,0,6,0,0,0,6
3,Республика Башкортостан,73,Межгорьевская городская,fbcaed61-61c7-454e-b4aa-526fdaedbcd5,6,0,6,0,0,0,6
6,Республика Ингушетия,1,Джейрахская,f784f16b-8d74-46ea-9a5d-ab2a049acf9c,6,0,6,0,0,0,6
14,Республика Саха (Якутия),1,Абыйская,8c9f0b8b-447a-4eb9-9869-02d908898ff5,6,0,6,0,0,0,6
14,Республика Саха (Якутия),5,Анабарская,ae6556d8-1ba2-4f2c-8cb9-2cf23ffc3e72,6,0,6,0,0,0,6
14,Республика Саха (Якутия),12,Жиганская,611bb854-72eb-4269-b1ad-fc41fec05dc2,6,0,6,0,0,0,6
17,Республика Тыва,1,Ак-Довуракская,61084303-8c80-47ac-97b5-48b6c2fc55ac,6,0,6,0,0,0,6
17,Республика Тыва,9,Овюрская,65553e86-656f-4ef4-9e61-c378f621abde,6,0,6,0,0,0,6
17,Республика Тыва,14,Тоджинская,dc6ada14-9e13-4db1-950a-c80bc25fb658,6,0,6,0,0,0,6
17,Республика Тыва,17,Чеди-Хольская,37339aef-c24e-4a07-bb63-71383af8435a,6,0,6,0,0,0,6
17,Республика Тыва,18,Эрзинская,2bff4924-e8f3-4d4a-9178-6a61095194a1,6,0,6,0,0,0,6
22,Алтайский край,20,Ельцовская,90c23621-07a2-4fc2-9a1c-dbd3a0480c39,6,0,6,0,0,0,6
22,Алтайский край,59,Суетская,f9783136-e4b3-4bd4-96c6-c42edc33e2f4,6,0,6,0,0,0,6
22,Алтайский край,75,Яровская городская,7c6f4a4b-b13e-4414-aecd-0d8e60e3bf1d,6,0,6,0,0,0,6
23,Краснодарский край,62,ФТ Сириус,9c7d5d6d-597e-4f9f-b315-0a14a85479ac,6,0,6,0,0,0,6
33,Владимирская область,7,Радужная городская,2f8b665e-3e21-451b-bcb2-6c388695d74b,6,0,6,0,0,0,6
44,Костромская область,19,Октябрьская,e298ae55-14df-48a5-9467-0eb8b5283b37,6,0,6,0,0,0,6
44,Костромская область,24,Пыщугская,28c91147-3b1d-4655-9a6a-623b706be9e0,6,0,6,0,0,0,6
49,Магаданская область,8,Хасынская,b553375e-0c10-4f21-9efa-9ae69a0660c4,6,0,6,0,0,0,6
51,Мурманская область,8,Ловозерская,93235873-6aa3-4bca-aae6-6bf7fb30c63c,6,0,6,0,0,0,6
64,Саратовская область,34,"Саратов, Заводская",b9f6a542-99ef-412f-a7eb-a38a24c286b2,68,62,6,0,0,0,6
65,Сахалинская область,5,Курильская,b3620407-ce25-4cc6-a4a5-9573c3a88420,6,0,6,0,0,0,6
65,Сахалинская область,6,Макаровская,e8e22cf5-85fe-4a7f-889f-ed52d40d1ed1,6,0,6,0,0,0,6
78,город Санкт-Петербург,213,ТИК №22 (213),29e9d372-881f-4d22-b481-0154c298c967,52,46,6,0,0,0,6
87,Чукотский автономный округ,6,Провиденская,50ef260d-b80f-4977-bb99-b653bce45afc,6,0,6,0,0,0,6
87,Чукотский автономный округ,7,Певекская,c42f309e-31c3-4ada-a928-019699c88474,6,0,6,0,0,0,6
87,Чукотский автономный округ,8,Чукотская,0baabb9d-83dc-4065-8363-eda46c462442,6,0,6,0,0,0,6
92,Забайкальский край,30,Тунгиро-Олёкминская,c4dd4e6a-8e9c-43ec-9b0f-4ee287143322,6,0,6,0,0,0,6
96,Луганская Народная Республика,23,ТИК города Рубежное,597456e5-8f82-4e4b-91d8-975070322dd6,6,0,6,0,0,0,6
98,Херсонская область,6,Горностаевская территориальная избирательная комиссия,ad5ddd29-06ce-451a-b225-665b8c0dd1b4,6,0,6,0,0,0,6
98,Херсонская область,10,Нижнесерогозская территориальная избирательная комиссия,bc2f95ed-f434-460e-b51b-e0252e60411c,6,0,6,0,0,0,6
3,Республика Башкортостан,60,Уфимская (5),14d9cb40-78a2-49f4-b572-90fce09ed2ee,5,0,5,0,0,0,5
14,Республика Саха (Якутия),3,Аллаиховская,b08b400b-7ef3-4370-a803-99df2b356324,5,0,5,0,0,0,5
14,Республика Саха (Якутия),20,Нижнеколымская,5662fd89-ec73-4ffc-9f6f-e9b95af67ea2,5,0,5,0,0,0,5
19,Республика Хакасия,13,Сорская городская,a869beef-f528-4ac4-8bf5-01d7026a883b,5,0,5,0,0,0,5
24,Красноярский край,56,Территориальная избирательная комиссия ЗАТО поселок Солнечный Красноярского края,f4df04e7-2188-40d2-a091-feaff013f5d4,5,0,5,0,0,0,5
44,Костромская область,4,Волгореченская городская,881cfa13-e19d-4fb0-9eab-cb6b532cabb4,5,0,5,0,0,0,5
44,Костромская область,21,Павинская,2c15285c-fd4e-46d6-a741-82866cb0cf1f,5,0,5,0,0,0,5
44,Костромская область,23,Поназыревская,1aa21155-b975-4308-9282-6cd015ce06a1,5,0,5,0,0,0,5
49,Магаданская область,9,Ягоднинская,f7a8b97e-9b1c-4117-bb55-eb45511cf3aa,5,0,5,0,0,0,5
51,Мурманская область,19,Терская,b921e24d-c4b1-4987-b225-a5d4ad98bce5,5,0,5,0,0,0,5
67,Смоленская область,24,Темкинская,c0157abc-9da4-497e-bb2f-28bb27bb67e9,5,0,5,0,0,0,5
69,Тверская область,23,Озерная поселковая,42b73833-2ef4-4768-978f-c13eedc793d4,5,0,5,0,0,0,5
70,Томская область,7,Территориальная избирательная комиссия города Кедрового,7c10fa67-2875-4af4-b228-f30c753f9b09,5,0,5,0,0,0,5
87,Чукотский автономный округ,2,Анадырская городская,5633a050-f380-499c-824c-902bc338e4ef,5,0,5,0,0,0,5
5,Республика Дагестан,54,Южно-Сухокумская городская,74c2f67c-4ffd-4f32-b541-fc3c26f21727,4,0,4,0,0,0,4
6,Республика Ингушетия,3,Магасская городская,2804c8a6-c949-4497-84a1-b6010042059f,4,0,4,0,0,0,4
14,Республика Саха (Якутия),24,Оленекская,823e93ba-884c-47c7-a572-04df5940e2e8,4,0,4,0,0,0,4
17,Республика Тыва,16,Чаа-Хольская,98a30515-15d6-4d08-b176-d7fe0cc6bb91,4,0,4,0,0,0,4
21,Чувашская Республика - Чувашия,30,Чебоксарская-42,8211f71b-a76c-48ea-8399-4e945602b06c,4,0,4,0,0,0,4
22,Алтайский край,53,Сибирская городская,a5c33421-c22f-4202-b64d-def14384dd03,4,0,4,0,0,0,4
24,Красноярский край,33,Территориальная избирательная комиссия Октябрьского района города Красноярска,8b873e4d-ceda-4247-9080-b27a902c5adf,4,0,4,0,0,0,4
43,Кировская область,33,ЗАТО Первомайский,45c1e11d-57b8-4916-a621-a681e3b376b3,4,0,4,0,0,0,4
49,Магаданская область,6,Сусуманская,05c1ab91-a3bc-4510-94e2-69d0fea38735,4,0,4,0,0,0,4
49,Магаданская область,7,Тенькинская,8c41d4d5-1c66-431d-8c07-7e6e8a0e7dfa,4,0,4,0,0,0,4
50,Московская область,2,Звездный городок (129 округ ГД),1cf1db4e-715a-4aad-a4c7-5c7f9e1bea1f,4,0,4,0,0,0,4
52,Нижегородская область,62,Богородская 132,d8a80421-de78-4278-9921-0c7b266646ba,4,0,4,0,0,0,4
90,Пермский край,45,Звездная городская,2a85c3c9-f6f6-4f2b-8d7f-33ddffadd9fd,5,1,4,0,0,0,4
98,Херсонская область,3,Верхнерогачикская территориальная избирательная комиссия,28a9497e-8fae-4ae8-a9c6-4dd98bfb0b06,4,0,4,0,0,0,4
98,Херсонская область,7,Ивановская территориальная избирательная комиссия,ebf3d007-e9fd-4624-ac5a-70c0bf090619,4,0,4,0,0,0,4
14,Республика Саха (Якутия),34,Эвено-Бытантайская,a218ecf6-7a58-4c4c-b04c-685817e25d34,3,0,3,0,0,0,3
17,Республика Тыва,8,Монгун-Тайгинская,ae90fccd-070c-40aa-b907-2113ba95ad3e,3,0,3,0,0,0,3
29,Архангельская область,10,Новоземельская,92b80605-33c4-417d-b0bb-a5b4728666b3,3,0,3,0,0,0,3
39,Калининградская область,25,Мамоновская,366c0b84-7592-450c-a105-1a4633bc82a4,3,0,3,0,0,0,3
44,Костромская область,16,Межевская,aae5ab17-b973-4462-b915-3df82ab52df2,3,0,3,0,0,0,3
49,Магаданская область,3,Омсукчанская,70be2d53-5f80-42ff-aa9a-4cda56ae25f5,3,0,3,0,0,0,3
49,Магаданская область,4,Северо-Эвенская,a9cec758-cbe8-47a2-8249-b84726586e79,3,0,3,0,0,0,3
49,Магаданская область,5,Среднеканская,b9885da8-d292-4263-a55d-d4ff8d149d63,3,0,3,0,0,0,3
49,Магаданская область,10,Арманская,7d5df0c5-e788-433a-8dd4-31dd487c6d6c,3,0,3,0,0,0,3
51,Мурманская область,2,Видяевская,ef548c4b-6d48-40e4-b057-1a233d04eeb7,3,0,3,0,0,0,3
64,Саратовская область,35,"Саратов, Кировская",ceb31904-e0e4-4cc9-b854-4e4b5da33f11,52,49,3,0,0,0,3
64,Саратовская область,42,Светловская,73e93147-6f58-448d-82ef-75496acc55bc,3,0,3,0,0,0,3
78,город Санкт-Петербург,214,ТИК №36 (214),ef2567c2-471d-4d10-a039-e00c344018f9,26,23,3,0,0,0,3
92,Забайкальский край,6,ЗАТО п. Горный,599cfb37-43ca-42f2-8584-6c5d2df3987c,3,0,3,0,0,0,3
12,Республика Марий Эл,3,Йошкар-Олинская городская № 1,dedf7a2b-49d1-45ee-9548-12662147edc3,64,62,2,0,0,0,2
16,Республика Татарстан (Татарстан),43,Менделеевская,159f2f6e-5dba-4295-b299-1d7a0ad17910,2,0,2,0,0,0,2
17,Республика Тыва,19,Тере-Хольская,723f335c-a548-4d67-a541-34f88ed2d21b,2,0,2,0,0,0,2
24,Красноярский край,14,Территориальная избирательная комиссия Емельяновского округа Красноярского края,c83638fb-a9bf-4815-b146-4eb3550f8784,2,0,2,0,0,0,2
27,Хабаровский край,15,Советско-Гаванская,1a14a69d-e68e-4b35-a11b-cab10b90752a,21,19,2,0,0,0,2
27,Хабаровский край,21,"Хабаровск, Кировская",b70030cc-b8ba-4989-831b-7913ce3b44df,27,25,2,0,0,0,2
28,Амурская область,26,ЗАТО Циолковский,4c8404f6-831f-4b6b-b5e5-8706e2e4079c,2,0,2,0,0,0,2
38,Иркутская область,48,Иркутская районная 97,16f852bc-ad51-4953-83a8-74aeb6b9d4f6,2,0,2,0,0,0,2
39,Калининградская область,24,Ладушкинская,db35cdd6-c2eb-47f3-a9a8-1258a2a3be46,2,0,2,0,0,0,2
39,Калининградская область,26,Янтарнинская,39bc9a87-a6e5-42e2-896d-7d87176612aa,2,0,2,0,0,0,2
51,Мурманская область,12,Островнинская,f06d3b83-322d-4e40-84a2-9739a4f61fa1,2,0,2,0,0,0,2
56,Оренбургская область,51,ЗАТО Комаровская,2350c742-6e9e-4aea-9d1d-e7f70b90ebbc,2,0,2,0,0,0,2
64,Саратовская область,49,Шиханская,3538d060-4558-4c1f-bed2-2539b2e31e5e,2,0,2,0,0,0,2
64,Саратовская область,50,Михайловская,4f086bf7-256a-4467-b9b5-a9b759dee1ce,2,0,2,0,0,0,2
65,Сахалинская область,11,Северо-Курильская,52b93caf-b785-4b12-8c97-c98ee0d5ec7f,2,0,2,0,0,0,2
78,город Санкт-Петербург,213,ТИК №38(213),2a2e3ebb-3fb9-46e9-91f5-f537b5a33904,33,31,2,0,0,0,2
78,город Санкт-Петербург,213,ТИК №18(213),d708a5b1-b0ef-45cf-9e7e-e594a58fcc21,30,28,2,0,0,0,2
78,город Санкт-Петербург,216,ТИК №1 (216),1655af47-0be4-4511-a4e0-72d9b97970cd,24,22,2,0,0,0,2
78,город Санкт-Петербург,217,ТИК №63 (217),5dbb23ad-d9a6-4a3c-bb8b-b91bac2649f1,27,25,2,0,0,0,2
78,город Санкт-Петербург,217,ТИК №64 (217),d06e7837-6a99-4c06-95d8-21b81ce15055,30,28,2,0,0,0,2
78,город Санкт-Петербург,218,ТИК №31 (218),c84f7e2d-27ef-42e4-98ce-5b28f3df3ebb,24,22,2,0,0,0,2
12,Республика Марий Эл,18,Йошкар-Олинская городская № 2,4d11d824-df3e-4194-ad41-a3ea56d36265,57,56,1,0,0,0,1
27,Хабаровский край,19,"Хабаровск, Железнодорожная",35365c52-4b4a-4c14-9be6-fa4582b6dffe,53,52,1,0,0,0,1
27,Хабаровский край,22,"Хабаровск, Краснофлотская",eeb5c945-fbcf-4dfb-86dc-e72aaa6e3cb2,35,34,1,0,0,0,1
50,Московская область,2,Восход (121 округ ГД),bf75745a-f441-42ec-91e9-cd3b6b4bf887,1,0,1,0,0,0,1
50,Московская область,6,Молодёжный (124 округ ГД),cf4c7dd6-0c9b-46c0-a18d-2b8de22efa6c,1,0,1,0,0,0,1
64,Саратовская область,39,"Саратов, Гагаринская - 166",e9752cfd-e6f7-4b10-a89c-32ce32433533,17,16,1,0,0,0,1
69,Тверская область,31,Солнечная поселковая,1cb8f881-65fe-4ba4-b6a0-0060f5f6be2b,1,0,1,0,0,0,1
77,город Москва,93,район Люблино,8b1a2060-2d09-426c-b76b-0a2c3ce5e256,24,23,1,0,0,0,1
78,город Санкт-Петербург,213,ТИК №16 (213),21c4e550-ac91-40dc-83e1-2ccc81090423,19,18,1,0,0,0,1
78,город Санкт-Петербург,213,ТИК №30(213),8d89081b-ab3e-4040-84bf-a67b1b73cc71,29,28,1,0,0,0,1
78,город Санкт-Петербург,214,ТИК №17 (214),bec50caf-055a-47b3-b361-8588cdf87ec4,24,23,1,0,0,0,1
78,город Санкт-Петербург,216,ТИК №42 (216),66d3546f-a44b-46d4-8b90-68542abecbed,31,30,1,0,0,0,1
78,город Санкт-Петербург,217,ТИК №60 (217),4b366a90-0a2b-4992-932f-44d8356d336c,19,18,1,0,0,0,1
78,город Санкт-Петербург,217,ТИК №61 (217),a99ae43f-dbcb-4f89-bbbb-2fb40d49fea4,21,20,1,0,0,0,1
78,город Санкт-Петербург,217,ТИК №62 (217),bb69bf79-f558-460c-8461-fc8fd25b1ca2,16,15,1,0,0,0,1
78,город Санкт-Петербург,217,ТИК №43 (217),d14edfae-8395-4b10-909a-94860c13651c,17,16,1,0,0,0,1
78,город Санкт-Петербург,218,ТИК №20 (218),b8ba15c0-653a-4c55-813e-35517b01221a,47,46,1,0,0,0,1
90,Пермский край,27,Пермская - 63,7503685f-9d70-4815-a8e1-8b0e9237a8ab,1,0,1,0,0,0,1
91,Камчатский край,1,Алеутская,4996963c-3c4e-4168-8314-690b365b614e,1,0,1,0,0,0,1
95,Донецкая Народная Республика,4,ТИК №4,50ade5fa-9872-43e9-93e4-9353fa8b76bd,1,0,1,0,0,0,1
31,Белгородская область,2,Белгородская городская,cecf3c26-0555-49c5-abdd-136abd58049f,201,0,201,0,1,1,0
52,Нижегородская область,39,"Нижний Новгород, Нижегородская",ffd74402-6649-4fc2-9f16-7441111a047e,188,0,188,1,1,1,0
47,Ленинградская область,4,Всеволожская_112,c64d2c07-142c-4008-b0e7-824b773e610f,157,0,157,1,1,1,0
31,Белгородская область,19,Старооскольская,1e446039-af77-43e8-b015-f09e150deb09,141,0,141,0,1,1,0
35,Вологодская область,8,Вологодская городская,af17ddaa-2428-4593-92ad-f3aa85a6c197,141,0,141,1,1,1,0
47,Ленинградская область,5,Выборгская,9a44d230-a917-498e-ac48-cef671da34b9,120,0,120,1,1,1,0
47,Ленинградская область,7,Гатчинская,6ce4a337-7092-426f-a18c-246dd046443d,119,0,119,1,1,1,0
86,Ханты-Мансийский автономный округ - Югра,10,Нижневартовская городская,ad05ed05-027e-456b-9fdf-523076d535d0,110,0,110,1,1,1,0
31,Белгородская область,9,Губкинская,78d369ce-a6d5-45fe-9781-45f546b7e4dd,96,0,96,0,1,1,0
52,Нижегородская область,8,Борская,4bfd48d9-6de2-43f0-8b76-c9a217a9da44,90,0,90,1,1,1,0
66,Свердловская область,15,"Екатеринбург, Орджоникидзевская",bff0e486-92f1-462f-9607-71fb2f747fb9,86,0,86,1,1,1,0
74,Челябинская область,41,"Челябинск, Калининская",b06d7aa9-042c-4864-af67-9ecb6338eae8,85,0,85,1,1,1,0
74,Челябинская область,42,"Челябинск, Курчатовская",19c2d766-4bfd-42a3-8959-b88d414e2992,85,0,85,1,1,1,0
74,Челябинская область,27,"Магнитогорск, Орджоникидзевская",427c025f-54a1-42a1-8d17-c215e40410aa,84,0,84,1,1,1,0
74,Челябинская область,10,Златоустовская городская,f74ebd43-4790-4427-9fbe-cd3b143884d5,82,0,82,1,1,1,0
74,Челябинская область,29,Миасская городская,76a5f250-378b-46d6-86a0-e9c3bbaa7887,81,0,81,1,1,1,0
66,Свердловская область,7,"Екатеринбург, Чкаловская",13cbebbf-219c-40ce-bd56-1c879cbbfee8,80,0,80,1,1,1,0
31,Белгородская область,21,Шебекинская,adb6c7d2-6acd-4513-823a-2626fefaaaf9,77,0,77,0,1,1,0
58,Пензенская область,1,"Пенза, Октябрьская",3db3f476-fa26-4f55-898f-212820ea380f,75,0,75,1,1,1,0
66,Свердловская область,56,Первоуральская городская,227a5122-4611-43cc-a171-ebd4f5157cf6,72,0,72,1,1,1,0
66,Свердловская область,8,Каменск-Уральская городская,c491700e-550a-4445-94df-a58380ab7ced,70,0,70,1,1,1,0
52,Нижегородская область,29,Кстовская,a5508afb-e8b4-406a-a87f-8e35fb1c6dc2,69,0,69,1,1,1,0
66,Свердловская область,14,"Екатеринбург, Кировская",65f24a30-5b85-4272-93ea-e1eb68c8efba,68,0,68,1,1,1,0
52,Нижегородская область,36,"Нижний Новгород, Канавинская",a925c4d1-44b0-4899-a656-265f4a809040,67,0,67,1,1,1,0
74,Челябинская область,43,"Челябинск, Ленинская",9c08146c-60a5-4794-8a58-f72fe8c43bc7,67,0,67,1,1,1,0
74,Челябинская область,19,Копейская городская,47ebe084-4ef9-4100-a019-a58052cbc62f,66,0,66,1,1,1,0
31,Белгородская область,5,Валуйская,b9d9c2c1-a143-4b89-b60b-262bbf1edef5,65,0,65,0,1,1,0
47,Ленинградская область,21,Тосненская,97fefb4e-7d92-40b7-9a53-6c7bb1201c27,65,0,65,1,1,1,0
52,Нижегородская область,42,"Нижний Новгород, Сормовская",60915b3b-13ac-4bd2-b3ba-c36585e21fb6,65,0,65,1,1,1,0
58,Пензенская область,4,"Пенза, Первомайская",39d85c1a-db4f-47b5-951c-cdf3c7792551,64,0,64,1,1,1,0
74,Челябинская область,35,Сосновская,a8d2b25c-1f2e-4df6-88d3-25b44ce340f9,63,0,63,1,1,1,0
52,Нижегородская область,37,"Нижний Новгород, Ленинская",4209fdb1-493f-4f29-8313-ee603ae60a1f,62,0,62,1,1,1,0
74,Челябинская область,44,"Челябинск, Металлургическая",e788e652-8619-4c2d-b886-8e0d99d3b760,62,0,62,1,1,1,0
74,Челябинская область,46,"Челябинск, Тракторозаводская",c862f15d-645a-473b-9621-e73f17651a4a,62,0,62,1,1,1,0
74,Челябинская область,47,"Челябинск, Центральная",bdd5d30e-c6db-406c-a50a-80a5af1fc356,61,0,61,1,1,1,0
42,Кемеровская область - Кузбасс,1,Анжеро-Судженская городская,7b51e8e5-0916-40b3-8270-eb37f5f80305,60,0,60,1,1,1,0
42,Кемеровская область - Кузбасс,9,"Кемерово, Заводская",cf5f1c20-80c6-411a-a6c5-330a594c6170,60,0,60,1,1,1,0
52,Нижегородская область,60,"Нижний Новгород, Автозаводская Южная",17a4a042-f570-4de3-9046-e552c59bf12a,60,0,60,1,1,1,0
52,Нижегородская область,61,"Дзержинск, Калининская",e5d03538-4015-48f5-add7-2a1e17a57ca0,60,0,60,1,1,1,0
52,Нижегородская область,35,"Нижний Новгород, Автозаводская Северная",ccc52ba1-a71a-4532-a193-afcd127d05c1,59,0,59,1,1,1,0
52,Нижегородская область,38,"Нижний Новгород, Московская",fab7ccb2-ef4c-4807-8846-02a13a7fd73e,59,0,59,1,1,1,0
52,Нижегородская область,41,"Нижний Новгород, Советская",9bfd116f-9e8f-4cc1-b28f-3119350ce11a,59,0,59,1,1,1,0
42,Кемеровская область - Кузбасс,29,"Новокузнецк, Центральная",3b00a3ec-5843-402c-88c3-11d75993c3aa,58,0,58,1,1,1,0
47,Ленинградская область,14,Лужская,b68e54dd-feb4-4e84-a226-705d4aab84a7,58,0,58,1,1,1,0
66,Свердловская область,2,"Екатеринбург, Верх-Исетская",bdd44458-a758-402b-8d23-188a139eff37,58,0,58,1,1,1,0
66,Свердловская область,24,"Нижний Тагил, Тагилстроевская",ab21839c-8c3f-4ec9-82b0-b0fc2e677587,57,0,57,1,1,1,0
74,Челябинская область,28,"Магнитогорск, Правобережная",fe6dcf2f-25e2-414b-a7cc-6c2ec5d8be61,57,0,57,1,1,1,0
74,Челябинская область,34,Саткинская,61ebd782-696f-44ec-95f5-4fde6d4efda3,57,0,57,1,1,1,0
42,Кемеровская область - Кузбасс,3,Беловская городская,8451e1bf-d408-4e2a-90f7-543d7cc79cf7,55,0,55,1,1,1,0
42,Кемеровская область - Кузбасс,20,Ленинск-Кузнецкая городская,57784ef1-8b5a-4d10-80e2-bce16fbf1132,55,0,55,1,1,1,0
31,Белгородская область,22,Яковлевская,5c119216-16ad-4a55-abc2-2633492b233b,54,0,54,0,1,1,0
52,Нижегородская область,18,Выксунская,c5b97fdc-29dd-41ae-9dd1-0c72cf5c3190,54,0,54,1,1,1,0
52,Нижегородская область,22,"Дзержинск, Свердловская",99a1020d-5126-434d-aac7-8b670d7664ad,54,0,54,1,1,1,0
66,Свердловская область,78,Серовская городская,6e2c2860-2edf-48f2-a8e4-0795725fc3ac,54,0,54,1,1,1,0
47,Ленинградская область,3,Волховская,5770aff8-5948-480d-8f20-817f08334875,53,0,53,1,1,1,0
66,Свердловская область,23,"Нижний Тагил, Ленинская",8821713e-f65d-42c0-8d2b-f08714ac8e39,53,0,53,1,1,1,0
74,Челябинская область,2,Аргаяшская,266b51bf-4d22-4479-8857-beab2bc8b81e,53,0,53,1,1,1,0
74,Челябинская область,3,Ашинская,445a660c-b76c-4ccf-9844-76d10e93fe0c,53,0,53,1,1,1,0
42,Кемеровская область - Кузбасс,16,Киселевская городская,9ecec2a5-8fb8-4fee-b13d-ff1d2732da55,52,0,52,1,1,1,0
42,Кемеровская область - Кузбасс,37,Промышленновская,b9936c9d-a435-4837-970f-29994bb87ce9,52,0,52,1,1,1,0
66,Свердловская область,4,"Екатеринбург, Ленинская",7833f51b-80ec-4d79-bc0a-c1a899f0fb03,52,0,52,1,1,1,0
74,Челябинская область,45,"Челябинск, Советская",ab602858-d93a-4d36-8f42-42fbaaf9b76f,52,0,52,1,1,1,0
86,Ханты-Мансийский автономный округ - Югра,8,Нефтеюганская городская,71c4c675-c9b6-4e70-9ea6-b329ffb5a9bc,52,0,52,1,1,1,0
58,Пензенская область,2,"Пенза, Железнодорожная",43d5b261-8d66-41af-a146-349417b36c2b,51,0,51,1,1,1,0
66,Свердловская область,3,"Екатеринбург, Железнодорожная",2ac74a51-f426-4998-936d-5da31b8903e7,51,0,51,1,1,1,0
31,Белгородская область,15,Новооскольская,c14cca00-fdaf-47c5-b838-87d0aa283bae,49,0,49,0,1,1,0
42,Кемеровская область - Кузбасс,22,Междуреченская,43d8749d-f345-4ba5-974e-e0864c51216c,49,0,49,1,1,1,0
52,Нижегородская область,2,"Арзамасская, Первая",4ca7f86e-69dc-4e9b-9b2f-0ba6e38190ba,49,0,49,1,1,1,0
52,Нижегородская область,40,"Нижний Новгород, Приокская",17ff1286-0c78-40d2-b918-690ae9c1682f,49,0,49,1,1,1,0
66,Свердловская область,22,"Нижний Тагил, Дзержинская",31f30e55-9e06-4352-8df1-71499f9a45a9,49,0,49,1,1,1,0
35,Вологодская область,5,Великоустюгская,17fa9da3-2b5b-4de5-86ec-e6484544eab3,48,0,48,1,1,1,0
42,Кемеровская область - Кузбасс,12,"Кемерово, Ленинская",1917259f-8e64-4933-a111-0a726acdfaec,47,0,47,1,1,1,0
47,Ленинградская область,13,Ломоносовская,29b37e4c-bdc4-454f-b0f2-8f5ae769c2f2,47,0,47,1,1,1,0
52,Нижегородская область,20,Городецкая,e922f26b-2ec0-41a0-af52-7019ef3ab53b,47,0,47,1,1,1,0
58,Пензенская область,29,Пензенская,2299892a-7dee-42a5-a5dd-1ca6b290820d,47,0,47,1,1,1,0
74,Челябинская область,21,Красноармейская,43461714-c321-4b44-b08f-257edeb32de6,47,0,47,1,1,1,0
74,Челябинская область,26,"Магнитогорск, Ленинская",461c0700-faf5-4064-b31f-5ef30b089a79,47,0,47,1,1,1,0
74,Челябинская область,51,Чебаркульская,557f491c-c5e8-4ec1-8594-b1427632614e,47,0,47,1,1,1,0
42,Кемеровская область - Кузбасс,21,Мариинская,62c5fc94-4ef0-423e-867d-16729602a49c,46,0,46,1,1,1,0
47,Ленинградская область,11,Кировская,bf4f7d1c-b99d-4e16-b4d7-f452a632daa6,46,0,46,1,1,1,0
47,Ленинградская область,20,Тихвинская,c9b1bc7b-4f68-4a17-989e-d9fec009b7cd,46,0,46,1,1,1,0
66,Свердловская область,35,Ирбитская,a2216ae2-99a8-4380-9a6d-72b0c8aa3c69,46,0,46,1,1,1,0
74,Челябинская область,1,Агаповская,1d08e911-8a83-439c-b1c1-d4792828f034,46,0,46,1,1,1,0
47,Ленинградская область,9,Кингисеппская,fbea16d2-77de-4bc5-b02c-13da66d089a0,45,0,45,1,1,1,0
52,Нижегородская область,30,Кулебакская,be7370d3-7685-4a4a-aaba-e6f4de38ecc2,45,0,45,1,1,1,0
58,Пензенская область,6,Кузнецкая городская,b1e0378f-ab22-4ccd-a43f-665b801f0791,45,0,45,1,1,1,0
66,Свердловская область,43,Талицкая,7cca4f40-a266-41e8-8318-d7ba103c56c9,45,0,45,1,1,1,0
74,Челябинская область,9,Еткульская,0dd89d80-04e1-48a8-80e0-e2d8a58e90ac,45,0,45,1,1,1,0
74,Челябинская область,22,Кунашакская,8ec99f2a-578c-4eca-87b2-be2f38d0fc8a,45,0,45,1,1,1,0
42,Кемеровская область - Кузбасс,39,Таштагольская,0f74eacf-de0f-4dc4-811e-c0bfbbe0ba40,44,0,44,1,1,1,0
52,Нижегородская область,43,Павловская,89df1784-ae83-454f-8c3c-57d1fe40dcee,44,0,44,1,1,1,0
52,Нижегородская область,48,Семеновская,735dc890-9efd-4da6-a2e6-fa48574eee29,44,0,44,1,1,1,0
74,Челябинская область,13,Карталинская,f5f7bbdf-a6cf-46ea-a00e-1d316ea9005a,44,0,44,1,1,1,0
74,Челябинская область,50,Троицкая,bf72a39c-01f5-43a1-933b-9a6f52ca821b,44,0,44,1,1,1,0
31,Белгородская область,16,Прохоровская,81cca457-8cb8-4ed3-bdae-fb306d52eca9,43,0,43,0,1,1,0
58,Пензенская область,16,Каменская,e4291ae2-69cb-478d-98ea-b613993c36c5,43,0,43,1,1,1,0
66,Свердловская область,32,"Екатеринбург, Октябрьская",10bec4e7-1e2f-4f72-b1fd-4910573e13eb,43,0,43,1,1,1,0
66,Свердловская область,54,Нижнесергинская,e1485fd1-7b40-45c5-8bfd-f008bbc91e82,43,0,43,1,1,1,0
74,Челябинская область,6,Верхнеуральская,73a04663-9876-4ee6-81b4-a8cd38d2a3fb,43,0,43,1,1,1,0
66,Свердловская область,53,Красноуфимская,a10cd7e5-e178-4cd4-8e82-5e5f4baccdc9,42,0,42,1,1,1,0
66,Свердловская область,55,Новоуральская городская,fd323dfc-e0fc-417a-9a76-80ad76440c4b,42,0,42,1,1,1,0
86,Ханты-Мансийский автономный округ - Югра,17,Сургутская,8189a00e-3cf1-4943-a51a-dad01a0202f9,42,0,42,1,1,1,0
31,Белгородская область,11,Корочанская,57f3aaed-510f-42ee-bd82-0849dd4af69e,41,0,41,0,1,1,0
42,Кемеровская область - Кузбасс,14,"Кемерово, Центральная",0a4aa159-9c10-42f7-9cd7-fc0aefe78d28,41,0,41,1,1,1,0
42,Кемеровская область - Кузбасс,36,Прокопьевская,9113d192-83d1-43f1-834c-b0c533966366,40,0,40,1,1,1,0
52,Нижегородская область,3,"Арзамасская, Вторая",4d779d2f-15da-4c6d-afd9-51c33d0d59d5,40,0,40,1,1,1,0
58,Пензенская область,30,Сердобская,c0499c10-eaf9-47f7-9232-ae00c45789f6,40,0,40,1,1,1,0
66,Свердловская область,10,Сысертская,25adf4dd-7400-46f7-af11-d43b355fad17,40,0,40,1,1,1,0
66,Свердловская область,70,Краснотурьинская городская,6308d87d-76d8-4b8f-b0f0-9a3fe2c66aaf,40,0,40,1,1,1,0
31,Белгородская область,13,Красногвардейская,333a942f-fb43-447f-9ddc-4a31c7b54b21,39,0,39,0,1,1,0
42,Кемеровская область - Кузбасс,45,Юргинская городская,87b9f7f5-1ae9-4a75-87de-083ddc8bf05c,39,0,39,1,1,1,0
52,Нижегородская область,49,Сергачская,a445b2e2-a31b-44ad-83bc-8f8c1430310d,39,0,39,1,1,1,0
58,Пензенская область,3,"Пенза, Ленинская",03ad1b48-61f6-4f30-8916-092db89522fc,39,0,39,1,1,1,0
66,Свердловская область,12,Артемовская,78c27a3d-b728-4020-b140-5652cab40d3b,39,0,39,1,1,1,0
74,Челябинская область,38,Уйская,35f1d1da-67eb-40df-a936-19c547a77223,39,0,39,1,1,1,0
31,Белгородская область,7,Волоконовская,19682a5d-b45e-417e-ac19-7204d995813c,38,0,38,0,1,1,0
66,Свердловская область,13,Березовская городская,5ed7eed4-a580-455e-b660-5fcc901f0799,38,0,38,1,1,1,0
74,Челябинская область,36,Троицкая городская,ba1466c6-5a9e-4931-b9d8-b7cfd1627a0b,38,0,38,1,1,1,0
74,Челябинская область,37,Увельская,8befa132-4bd3-44ae-81c2-3f1f36dc8fb0,38,0,38,1,1,1,0
89,Ямало-Ненецкий автономный округ,7,Ноябрьская городская,a975b2ad-950a-4e70-87ab-e9fb471cd8b5,38,0,38,1,1,1,0
47,Ленинградская область,17,Приозерская,9b388876-978e-43aa-b862-b273185008ea,37,0,37,1,1,1,0
52,Нижегородская область,4,Балахнинская,9b556717-c780-4576-a8dd-f9b81d29b56b,37,0,37,1,1,1,0
52,Нижегородская область,31,Лукояновская,23b74c1a-07d8-4d2d-a3bc-bc138261d85d,37,0,37,1,1,1,0
58,Пензенская область,26,Нижнеломовская,4bbdcc0f-9b47-464f-96b6-beab776a0697,37,0,37,1,1,1,0
66,Свердловская область,17,Верхнепышминская городская,861a1071-20b6-4a90-a1f2-8ac7b0062fd9,37,0,37,1,1,1,0
66,Свердловская область,25,Пригородная,f372e6a4-1254-4d16-bef3-ac4332fc829f,37,0,37,1,1,1,0
74,Челябинская область,14,Каслинская,6a4e3985-611b-4cbf-a7e4-71674a8094ff,37,0,37,1,1,1,0
74,Челябинская область,20,Коркинская,30c631e3-6733-4c8f-aa59-f171111f20c1,37,0,37,1,1,1,0
42,Кемеровская область - Кузбасс,30,Новокузнецкая,9b4a4ca6-d2d0-410b-9f51-308d44ad674e,36,0,36,1,1,1,0
42,Кемеровская область - Кузбасс,47,Яшкинская,197dc3df-71dc-4ceb-aa94-3a776eabb68a,36,0,36,1,1,1,0
52,Нижегородская область,5,Богородская 133,5c186841-4f92-4446-914c-cd81dbaf9a64,36,0,36,1,1,1,0
66,Свердловская область,46,Артинская,37528cd1-b3f4-4513-9a4d-f9bc0ef1777b,36,0,36,1,1,1,0
74,Челябинская область,16,Катав-Ивановская,0d111ec8-3adc-4198-a311-91318a640990,36,0,36,1,1,1,0
74,Челябинская область,30,Нагайбакская,6ba53242-ff33-4c7b-a14f-b168237ce42a,36,0,36,1,1,1,0
35,Вологодская область,16,Никольская,ef44ea92-ee89-4ca2-a328-de9c57e25c03,35,0,35,1,1,1,0
52,Нижегородская область,24,Саровская,7de25d86-b910-4707-a373-1847603bdf50,35,0,35,1,1,1,0
66,Свердловская область,57,Полевская городская,4feb5ddd-a1a6-49d3-9393-4102667b41fe,35,0,35,1,1,1,0
35,Вологодская область,18,Сокольская,e3b571ad-3276-4672-9829-c79143fa4254,34,0,34,1,1,1,0
42,Кемеровская область - Кузбасс,24,"Новокузнецк, Заводская",705775ad-e659-49ad-96ca-58619e050c5f,34,0,34,1,1,1,0
42,Кемеровская область - Кузбасс,26,"Новокузнецк, Куйбышевская",5e9203a5-332d-4fb4-87fd-5a58c6708336,34,0,34,1,1,1,0
52,Нижегородская область,50,Сеченовская,1b9a88d8-38b7-4d0f-b4fa-7dee792384a6,34,0,34,1,1,1,0
52,Нижегородская область,55,Уренская,5f3e8b00-867b-4abc-a988-1b09bf0fb72d,33,0,33,1,1,1,0
58,Пензенская область,10,Бессоновская,a500ea9c-63b0-48ad-b304-ba8002762fd5,33,0,33,1,1,1,0
66,Свердловская область,1,"Екатеринбург, Академическая",3826c570-c01c-4ea8-a362-f093d1b1b257,33,0,33,1,1,1,0
66,Свердловская область,16,Режевская,ddf4d665-998b-457f-84a0-c25b244cbf17,33,0,33,1,1,1,0
66,Свердловская область,30,Белоярская,d594eb0d-6f19-4e0e-96dc-923a76ec10ef,33,0,33,1,1,1,0
42,Кемеровская область - Кузбасс,5,Гурьевская,72141b68-f214-47ec-973f-afec67dfcd15,32,0,32,1,1,1,0
47,Ленинградская область,10,Киришская,3508d778-4954-41cb-9187-bfaba1c3a6a0,32,0,32,1,1,1,0
47,Ленинградская область,18,Сланцевская,4ea6789f-7584-4f54-8259-00a05db2c715,32,0,32,1,1,1,0
52,Нижегородская область,15,Володарская,855f790e-7962-4b77-86ce-7be0052afd50,32,0,32,1,1,1,0
52,Нижегородская область,32,Лысковская,c0631479-8d89-4d79-868b-5eb4cb6f043f,32,0,32,1,1,1,0
58,Пензенская область,12,Городищенская,56aacad2-c211-4f2b-9973-5a809ab9a6c3,32,0,32,1,1,1,0
74,Челябинская область,5,Варненская,133ee40f-afa2-4332-bc6a-9f437c7e4a23,32,0,32,1,1,1,0
74,Челябинская область,40,Чебаркульская городская,5f1abe77-e5ee-422b-ba31-8fb9735be12c,32,0,32,1,1,1,0
31,Белгородская область,17,Ракитянская,11e4b0da-0bef-4b09-90fb-f4daf01bb807,31,0,31,0,1,1,0
52,Нижегородская область,17,Воскресенская,e391d6b8-9a4a-402b-9874-8ac96dc7e2ae,31,0,31,1,1,1,0
52,Нижегородская область,46,Пильнинская,587d10a3-4c2d-4cb2-9de7-fb429ccda623,31,0,31,1,1,1,0
52,Нижегородская область,47,Починковская,4c2ba39f-fd7d-4688-a854-a7c942774e26,31,0,31,1,1,1,0
66,Свердловская область,42,Сухоложская городская,b3d409f9-5ab6-404b-a75f-c76a3087912c,31,0,31,1,1,1,0
66,Свердловская область,81,Тавдинская,cf68f466-f0b6-4365-a80d-6f28f5e924dc,31,0,31,1,1,1,0
74,Челябинская область,8,Еманжелинская,040f4b91-85fd-4e8c-afc4-d50c44a618b7,31,0,31,1,1,1,0
86,Ханты-Мансийский автономный округ - Югра,21,Ханты-Мансийская городская,bbdf6cf3-da33-4df0-bb4f-84c234a76c70,31,0,31,0,1,1,0
31,Белгородская область,18,Ровеньская,0367bc69-9ee3-479e-8c70-7f71bf505ea8,30,0,30,0,1,1,0
35,Вологодская область,10,Вытегорская,eb768b6b-f955-4537-ace2-126415855e75,30,0,30,1,0,1,0
42,Кемеровская область - Кузбасс,28,"Новокузнецк, Орджоникидзевская",d77271bc-3506-4556-8c95-47f3191dbbdd,30,0,30,1,1,1,0
42,Кемеровская область - Кузбасс,40,Тисульская,00ee03ee-64d9-48c8-af3b-8b1db28cf715,30,0,30,1,1,1,0
42,Кемеровская область - Кузбасс,44,Юргинская,defc0cda-2408-4acc-bb58-1e5b9f95d727,30,0,30,1,1,1,0
42,Кемеровская область - Кузбасс,46,Яйская,b7f18cd4-2e22-43d5-aa2e-840f5d0310b3,30,0,30,1,1,1,0
52,Нижегородская область,19,Гагинская,fe517365-bf18-4a4f-8631-ec8d1a28bd73,30,0,30,1,1,1,0
66,Свердловская область,9,Каменская,537c6dc9-2ecb-4af7-b2d4-d086782cc039,30,0,30,1,1,1,0
74,Челябинская область,25,Озерская городская,2a687723-82bd-4b3e-88eb-f4c6007c4827,30,0,30,1,1,1,0
86,Ханты-Мансийский автономный округ - Югра,20,Ханты-Мансийская,097cf761-54cc-4059-82d7-5ec83cedae9c,30,0,30,1,1,1,0
89,Ямало-Ненецкий автономный округ,5,Надымская,4adc0ca1-4742-4143-98e5-522607004f41,30,0,30,1,1,1,0
31,Белгородская область,6,Вейделевская,61d55f9f-fc88-4f4a-abd8-7390e55ecffe,29,0,29,0,1,1,0
42,Кемеровская область - Кузбасс,13,"Кемерово, Рудничная",d2cf878c-e0ca-4063-9ea5-1405952ad0b5,29,0,29,1,1,1,0
42,Кемеровская область - Кузбасс,27,"Новокузнецк, Новоильинская",490fac93-b98f-4bec-88fc-ecdc03eb1ff1,29,0,29,1,1,1,0
42,Кемеровская область - Кузбасс,42,Тяжинская,7fd17752-a394-46d8-a8c9-6c53307371b5,29,0,29,1,1,1,0
47,Ленинградская область,16,Подпорожская,858b8a32-374c-47e7-a063-1d6d6bccd874,29,0,29,1,1,1,0
52,Нижегородская область,1,Ардатовская,beb454ae-597e-40e6-baab-c2914fd36e21,29,0,29,1,1,1,0
52,Нижегородская область,28,Краснооктябрьская,2c4718d2-551b-4be1-9d7e-43b79ec90637,29,0,29,1,1,1,0
58,Пензенская область,19,Кузнецкая,7a5b3030-fea0-4bac-b0c5-05af53558a10,29,0,29,1,1,1,0
66,Свердловская область,58,Ревдинская,33372fc7-2938-4f14-b920-12058f2259df,29,0,29,1,1,1,0
74,Челябинская область,7,Верхнеуфалейская городская,45195dfb-7660-4651-b67b-10584febca74,29,0,29,1,1,1,0
35,Вологодская область,1,Бабаевская,aad1a44b-ca01-42cf-81dd-f97d0de9ecda,28,0,28,0,1,1,0
35,Вологодская область,21,Тотемская,678400cd-c39e-441f-b6f5-f123cf164991,28,0,28,1,0,1,0
47,Ленинградская область,4,Всеволожская_114,fc6ecbde-a8ab-4ab4-bbe5-c6a8602f20df,28,0,28,1,1,1,0
52,Нижегородская область,51,Сосновская,40ffed93-9e04-4efb-9cd8-7a90cf1cb695,28,0,28,1,1,1,0
58,Пензенская область,27,Никольская,835b7f02-ec6e-42d4-9f23-3c8febd61755,28,0,28,1,1,1,0
66,Свердловская область,6,Богдановичская,591a40bd-2541-417a-b6bf-d67dcd29cff8,28,0,28,1,1,1,0
66,Свердловская область,21,Невьянская,0cb7911f-6a16-4545-8b54-b42679ec2138,28,0,28,1,1,1,0
66,Свердловская область,28,Асбестовская городская,d0c48b2c-464a-49ea-91a0-01ce05e7fedb,28,0,28,1,1,1,0
66,Свердловская область,61,Алапаевская городская,11cf64ed-f913-48af-bfb8-c5a5b3290f21,28,0,28,1,1,1,0
66,Свердловская область,62,Алапаевская,0d0c6256-8139-430f-9daf-98c1cbc25799,28,0,28,1,1,1,0
66,Свердловская область,63,Верхнесалдинская,19e42d21-3e07-42e1-b310-99b77977a562,28,0,28,1,1,1,0
74,Челябинская область,18,Кизильская,d81fe8d2-defd-4e0b-92b1-a958eaabe4a1,28,0,28,1,1,1,0
74,Челябинская область,32,Октябрьская,2857181b-5dc0-45e9-a2db-5d7aa72d4c0d,28,0,28,1,1,1,0
52,Нижегородская область,21,Дальнеконстантиновская,15456ea4-9f81-4534-a942-7d3525af3e73,27,0,27,1,1,1,0
52,Нижегородская область,34,Сокольская,a664dcc1-8e42-4c67-9878-50681fb21614,27,0,27,1,1,1,0
74,Челябинская область,15,Снежинская городская,727d03df-a06d-483a-a855-722f1831ae02,27,0,27,1,1,1,0
74,Челябинская область,24,Кыштымская городская,6c09c4cd-4216-4e99-a6d4-a72b7794805e,27,0,27,1,1,1,0
74,Челябинская область,33,Пластовская,8af6e515-a2cd-40c1-8467-06fa24ee69b2,27,0,27,1,1,1,0
42,Кемеровская область - Кузбасс,35,"Прокопьевск, Центральная",03ab4915-1155-4259-b88f-c37c76b12e8a,26,0,26,1,1,1,0
47,Ленинградская область,1,Бокситогорская,6a73531f-9dd2-4ac6-8c37-f19139a68614,26,0,26,1,1,1,0
47,Ленинградская область,2,Волосовская,f68c9d18-1749-45de-80e9-b7323f717ed2,26,0,26,1,1,1,0
52,Нижегородская область,16,Воротынская,eeb6a297-3b70-4939-bced-0ae5fd8a8456,26,0,26,1,1,1,0
58,Пензенская область,9,Белинская,bb00ff3f-8776-477c-80ec-60361edddc05,26,0,26,1,1,1,0
58,Пензенская область,23,Мокшанская,d728200d-a33e-43b8-b34f-c2638cc43cdc,26,0,26,1,1,1,0
74,Челябинская область,48,Чесменская,fc7ff5c4-811e-4962-b7ed-6ba7dcd120e0,26,0,26,1,1,1,0
35,Вологодская область,6,Верховажская,cb94de35-1757-49c1-98f7-2ba836c6b7f9,25,0,25,0,1,1,0
42,Кемеровская область - Кузбасс,2,Беловская,08a1675c-d89e-4d50-b041-cad88edb60ff,25,0,25,1,1,1,0
47,Ленинградская область,12,Лодейнопольская,cebd9b89-c296-4d6a-b2a2-fa1dbfd5cbee,25,0,25,1,1,1,0
52,Нижегородская область,59,Шахунская,08bc8067-22d4-4691-b43b-18da1b80a71f,25,0,25,1,1,1,0
58,Пензенская область,5,Зареченская городская,bb360f80-c2dc-4b7f-bf83-f1547a80a225,25,0,25,1,1,1,0
66,Свердловская область,44,Тугулымская,8c726027-3f73-4faf-b4c1-738fb741aba3,25,0,25,1,1,1,0
86,Ханты-Мансийский автономный округ - Югра,12,Октябрьская,43dcf947-c107-43cd-b1f1-53a330fc2216,25,0,25,1,1,1,0
31,Белгородская область,10,Ивнянская,ae58d972-3626-484e-8e44-2f9e466e04f7,24,0,24,0,1,1,0
42,Кемеровская область - Кузбасс,17,Крапивинская,48d4cab3-8f3c-4f63-848b-9c66c1f6770f,24,0,24,1,1,1,0
42,Кемеровская область - Кузбасс,34,"Прокопьевск, Рудничная",0b567f72-348b-43e2-82cb-370874701d28,24,0,24,1,1,1,0
42,Кемеровская область - Кузбасс,41,Топкинская,eefdf414-cf21-4afd-9570-aa9a88850949,24,0,24,1,1,1,0
47,Ленинградская область,19,Сосновоборская городская,20aceaad-1c61-41d0-b5ac-58940516d13a,24,0,24,1,1,1,0
52,Нижегородская область,9,Бутурлинская,3da114d1-b4b6-4ff0-bbb8-3277f247a9eb,24,0,24,1,1,1,0
58,Пензенская область,18,Колышлейская,5b2658e1-f9e1-47a8-b736-451569121739,24,0,24,1,1,1,0
66,Свердловская область,20,Кушвинская городская,a6553ae7-d514-4c6a-953b-8142064a8906,24,0,24,1,1,1,0
66,Свердловская область,37,Камышловская,5325e107-fde2-4f1b-8c0b-0f7ce2c1a852,24,0,24,1,1,1,0
86,Ханты-Мансийский автономный округ - Югра,11,Няганьская городская,cb01c8e2-20f0-4fd3-830b-0f43ede0229b,24,0,24,0,1,1,0
86,Ханты-Мансийский автономный округ - Югра,16,Советская,e1f0ded2-9ad4-410d-8789-bb4185ef857f,24,0,24,1,1,1,0
35,Вологодская область,23,Устюженская,21d0ccd9-579f-4f8e-97ba-113b22c4f480,23,0,23,0,1,1,0
42,Кемеровская область - Кузбасс,23,Мысковская городская,b9a943e5-b2bb-4b19-b01d-3cdf772e52e7,23,0,23,1,1,1,0
42,Кемеровская область - Кузбасс,33,"Прокопьевск, Зенковская",83c4a06d-0f8a-4a63-a233-6d731e4fb469,23,0,23,1,1,1,0
52,Нижегородская область,6,Большеболдинская,99ddb674-2f9f-4167-871c-a472a8282101,23,0,23,1,1,1,0
52,Нижегородская область,10,Вадская,d61b1e35-b82a-4ed0-a419-25ff9fb1e55a,23,0,23,1,1,1,0
52,Нижегородская область,12,Вачская,c6cc6a5b-1142-49f5-aba7-bcd6e3b8605f,23,0,23,1,1,1,0
52,Нижегородская область,13,Ветлужская,1446a8df-0acb-43b7-84ba-f7fe7092cf58,23,0,23,1,1,1,0
52,Нижегородская область,23,Дивеевская,d24473cf-5a43-4c8c-a696-ab650dabd77a,23,0,23,1,1,1,0
52,Нижегородская область,57,Шарангская,4562f8d7-b426-4338-b660-5f6a8127bc7d,23,0,23,1,1,1,0
66,Свердловская область,33,Заречная городская,becea088-63d4-42f6-8c7f-82d884680fff,23,0,23,1,1,1,0
66,Свердловская область,45,Туринская,3becb40d-1659-4081-a1b3-f543e0abf318,23,0,23,1,1,1,0
66,Свердловская область,52,Красноуфимская городская,6076463b-6a8c-474d-afde-52e00c526765,23,0,23,1,1,1,0
66,Свердловская область,72,Лесная городская,fc1a0e5c-f938-4347-ad65-068064ca71a9,23,0,23,1,1,1,0
74,Челябинская область,4,Брединская,61d3e517-fa4d-4a8d-97a0-15f532c9093d,23,0,23,1,1,1,0
74,Челябинская область,23,Кусинская,7d29d77e-d399-4f77-8e7a-9e70a228f819,23,0,23,1,1,1,0
86,Ханты-Мансийский автономный округ - Югра,7,Нефтеюганская,dbd60a88-0dc0-4b1d-a022-e0d28ee14808,23,0,23,1,1,1,0
35,Вологодская область,3,Белозерская,71984aae-09c0-4204-b431-1292efa9e43e,22,0,22,1,1,1,0
42,Кемеровская область - Кузбасс,4,Березовская городская,2cd2fd9b-cd50-4ce3-af71-3a9d1b0fa813,22,0,22,1,1,1,0
42,Кемеровская область - Кузбасс,7,Ижморская,fdde1b8a-237d-4896-b655-79d46307664e,22,0,22,1,1,1,0
42,Кемеровская область - Кузбасс,19,Ленинск-Кузнецкая,5701ed2e-0755-449e-ae69-04b56242c4d8,22,0,22,1,1,1,0
42,Кемеровская область - Кузбасс,30,Новокузнецкая,50196b5b-c16c-4969-a66d-44a21b34713f,22,0,22,1,1,1,0
52,Нижегородская область,14,Вознесенская,5bc99a76-a5e3-4a85-9fde-2bee8b4884cc,22,0,22,1,1,1,0
52,Нижегородская область,27,Краснобаковская,26355856-0f3a-4f74-96a4-9b5116578893,22,0,22,1,1,1,0
58,Пензенская область,7,Башмаковская,263ce41c-699b-445c-bcc4-fe10df676a9c,22,0,22,1,1,1,0
58,Пензенская область,21,Лунинская,45408393-c12e-449b-9178-93504b652b9f,22,0,22,1,1,1,0
66,Свердловская область,77,Североуральская городская,c5c6aa33-ea29-4410-9367-91c7f8f64c2f,22,0,22,1,1,1,0
86,Ханты-Мансийский автономный округ - Югра,6,Мегионская городская,31bf442c-3947-417c-a69b-1ba57e03b63b,22,0,22,1,1,1,0
86,Ханты-Мансийский автономный округ - Югра,22,Югорская городская,381aa3d3-1eea-4f15-83f0-625c6ae3c374,22,0,22,1,1,1,0
31,Белгородская область,12,Красненская,cfbcc142-a7b2-479e-b07d-b3f675dab839,21,0,21,0,1,1,0
35,Вологодская область,20,Тарногская,b92e5003-335d-4a0a-a244-37851a4ad1bd,21,0,21,1,0,1,0
42,Кемеровская область - Кузбасс,31,Осинниковская городская,895090d1-1808-4c8c-8af9-28ac626b66e1,21,0,21,1,1,1,0
42,Кемеровская область - Кузбасс,43,Чебулинская,ece4699f-b44c-4f48-8ba7-9ae6a5e1c615,21,0,21,1,1,1,0
58,Пензенская область,14,Земетчинская,1c1d0b49-8e2b-4bcf-95e2-ef44721a25f0,21,0,21,1,1,1,0
58,Пензенская область,25,Неверкинская,e77324e6-ef3d-4ee7-b5b8-8aad3b1381cd,21,0,21,1,1,1,0
66,Свердловская область,39,Пышминская,6c2ce6df-605a-4742-8963-012b3ef54ec1,21,0,21,1,1,1,0
74,Челябинская область,39,Усть-Катавская городская,38d46053-e98d-46a7-9087-5b21055abfd3,21,0,21,1,1,1,0
86,Ханты-Мансийский автономный округ - Югра,4,Кондинская,cced9e24-0d1d-4daa-b9e0-24d83fd9f338,21,0,21,1,1,1,0
35,Вологодская область,12,Кадуйская,7b1056f6-9276-4ff0-b765-ba538145147c,20,0,20,0,1,1,0
42,Кемеровская область - Кузбасс,32,Полысаевская городская,9bad5272-1e0e-48ac-bb19-4989cf3a56f9,20,0,20,1,1,1,0
52,Нижегородская область,25,Княгининская,07dc57bf-722c-4825-a227-3444035a22c8,20,0,20,1,1,1,0
52,Нижегородская область,26,Ковернинская,2c2fb194-d6d9-4912-b7b5-99df428e2cb8,20,0,20,1,1,1,0
52,Нижегородская область,33,Навашинская,3abc7e61-ca5d-4410-a9f9-ae05b7622580,20,0,20,1,1,1,0
52,Нижегородская область,52,Спасская,764b8a9b-4b36-48af-bd83-ce143027e65a,20,0,20,1,1,1,0
52,Нижегородская область,54,Тоншаевская,2c9fb022-e8a8-4f0f-96cc-2fc95468b667,20,0,20,1,1,1,0
58,Пензенская область,34,Шемышейская,f332bf8f-7226-4521-8ea0-21dc5d13959c,20,0,20,1,1,1,0
66,Свердловская область,34,Ирбитская городская,f22e059c-c31c-4d1b-8bfa-9cbc2dce6910,20,0,20,1,1,1,0
66,Свердловская область,41,Слободо-Туринская,20bf5dab-924c-43cc-8bee-746a172edbd0,20,0,20,1,1,1,0
66,Свердловская область,68,Качканарская городская,2f672a04-1856-4b09-b4b8-00f61e58b2cf,20,0,20,1,1,1,0
74,Челябинская область,31,Нязепетровская,56fd5961-d532-411b-be9b-2f862cca5512,20,0,20,1,1,1,0
74,Челябинская область,49,Южноуральская городская,c1485159-9c4a-4a32-a253-fe8609e93f36,20,0,20,1,1,1,0
86,Ханты-Мансийский автономный округ - Югра,2,Березовская,1a3cda02-9cdf-45e9-8094-b50162fc6c4c,20,0,20,1,1,1,0
86,Ханты-Мансийский автономный округ - Югра,5,Лангепасская городская,12b35178-c206-49fe-9939-0f5f55dcb751,20,0,20,1,1,1,0
86,Ханты-Мансийский автономный округ - Югра,15,Радужнинская городская,bd324607-263a-4b28-a6dc-6d0fba9f66f8,20,0,20,1,1,1,0
86,Ханты-Мансийский автономный округ - Югра,19,Урайская городская,ecd70202-9945-4ad4-85ac-62b59947008b,20,0,20,1,1,1,0
35,Вологодская область,7,Вожегодская,97e1ea2d-92f8-4609-aa18-740df7eb7ff9,19,0,19,0,1,1,0
35,Вологодская область,17,Нюксенская,3e5e916a-2ea0-449a-8110-cd756959073f,19,0,19,0,1,1,0
42,Кемеровская область - Кузбасс,8,Калтанская городская,6edc1cea-0d2d-419e-a825-5c790968a471,19,0,19,1,1,1,0
42,Кемеровская область - Кузбасс,11,"Кемерово, Кировская",e341b434-aba0-49b6-acaa-77c922835810,19,0,19,1,1,1,0
52,Нижегородская область,58,Шатковская,f3718161-6482-4015-b7fb-f1404ec38253,19,0,19,1,1,1,0
58,Пензенская область,31,Сосновоборская,d612a2b9-50ec-4454-8ac1-2de2aa502bbf,19,0,19,1,1,1,0
66,Свердловская область,29,Байкаловская,7b31ee19-cd3c-4c27-878e-d034faf6619c,19,0,19,1,1,1,0
66,Свердловская область,64,Верхотурская,1ad1ef58-1742-4fd3-b0f0-53a642d1f305,19,0,19,1,1,1,0
66,Свердловская область,75,Новолялинская,fe78da83-9716-48b5-903a-afc4994e9cef,19,0,19,1,1,1,0
35,Вологодская область,13,Кирилловская,dcc953af-e509-4b0f-bf14-6bc4e1f203b8,18,0,18,0,1,1,0
35,Вологодская область,24,Харовская,49a962b9-36a8-4bdd-9169-b67e7eaa31c5,18,0,18,1,1,1,0
52,Нижегородская область,11,Варнавинская,70b442bd-a386-437e-a41c-86a45f89997a,18,0,18,1,1,1,0
52,Нижегородская область,45,Перевозская,95836f68-b6bd-4cb8-9eb0-22951ed2b080,18,0,18,1,1,1,0
58,Пензенская область,20,Лопатинская,ddcd741b-57ec-465d-bb1b-739e0b904b7a,18,0,18,1,1,1,0
58,Пензенская область,28,Пачелмская,7d3f1cd4-f3b2-499d-bb1c-5d2fe2c72cf3,18,0,18,1,1,1,0
66,Свердловская область,36,Камышловская городская,0660ad36-82b1-4017-b5ed-7fb6f763fb1f,18,0,18,1,1,1,0
66,Свердловская область,71,Красноуральская городская,68c961d7-ab9b-48f8-8191-fccaf25a6958,18,0,18,1,1,1,0
35,Вологодская область,2,Бабушкинская,dcef0a8e-0b9b-4f9a-9e37-4d0fef4cb95d,17,0,17,1,1,1,0
42,Кемеровская область - Кузбасс,38,Тайгинская городская,17daa492-ec7e-4959-b67e-d91d9d65bae3,17,0,17,1,1,1,0
52,Нижегородская область,53,Тонкинская,e678eb23-a4c2-4ec3-a51d-1f35100466ec,17,0,17,1,1,1,0
52,Нижегородская область,56,Чкаловская,d78e4871-b870-42d8-9ab3-915127456cd3,17,0,17,1,1,1,0
58,Пензенская область,32,Спасская,de74af9f-c93b-4679-9927-57ae0405ade7,17,0,17,1,1,1,0
58,Пензенская область,33,Тамалинская,25813e81-1ba1-4034-bb86-18e874cc437e,17,0,17,1,1,1,0
66,Свердловская область,60,Шалинская,6f7f6425-b045-4ecb-84e0-3753ad931001,17,0,17,1,1,1,0
66,Свердловская область,74,Нижнетуринская,ee3a31e0-3d83-4415-ba6b-7d0b47714d57,17,0,17,1,1,1,0
66,Свердловская область,79,Серовская,175a7ecc-0fab-471a-adfa-d6dcaa2b49d7,17,0,17,1,1,1,0
74,Челябинская область,17,Трёхгорная городская,b94e9df9-3004-4e52-8eed-cecc52f6e061,17,0,17,1,1,1,0
86,Ханты-Мансийский автономный округ - Югра,1,Белоярская,8ada8db9-0762-498d-8cf2-31636e9719dc,17,0,17,1,1,1,0
31,Белгородская область,14,Краснояружская,2c8799d5-ffc7-4ba3-a29b-0c54f2756ad8,16,0,16,0,1,1,0
42,Кемеровская область - Кузбасс,25,"Новокузнецк, Кузнецкая",d9874634-4f3d-4a5e-95c8-3e1e6e2a4b57,16,0,16,1,1,1,0
52,Нижегородская область,7,Большемурашкинская,05bed3fb-1825-47a8-960a-e9be337309a3,16,0,16,1,1,1,0
58,Пензенская область,8,Бековская,d4c9258a-5de3-4288-a260-202929ed2e52,16,0,16,1,1,1,0
58,Пензенская область,11,Вадинская,8214c130-e182-4822-8519-866377b7fac7,16,0,16,1,1,1,0
58,Пензенская область,22,Малосердобинская,98acc5cc-7090-4b15-afd5-28ff7d882180,16,0,16,1,1,1,0
66,Свердловская область,47,Ачитская,73534bec-5bdd-42d1-aa39-873bb1b366a5,16,0,16,1,1,1,0
66,Свердловская область,69,Карпинская городская,95ab4266-626d-44fb-bed4-6969b0d4e970,16,0,16,1,1,1,0
86,Ханты-Мансийский автономный округ - Югра,14,Пыть-Яхская городская,332c009c-997b-440a-8d6a-ae1d3e1283a6,16,0,16,1,1,1,0
42,Кемеровская область - Кузбасс,15,Кемеровская,bf395305-95a1-4a46-8e5e-c61919480f6e,15,0,15,1,1,1,0
58,Пензенская область,24,Наровчатская,c1fb8d9b-3391-487e-9610-e2a0268bdd86,15,0,15,1,1,1,0
74,Челябинская область,11,Карабашская городская,ee54b15f-3361-437b-8bd9-78f7b26e7ce0,15,0,15,1,1,1,0
86,Ханты-Мансийский автономный округ - Югра,13,Покачевская городская,fcecd193-ad44-4090-b8af-006a9cf5b468,15,0,15,1,1,1,0
91,Камчатский край,8,Соболевская,9320706a-2937-46e3-9d76-3370a50948b6,15,0,15,1,1,1,0
89,Ямало-Ненецкий автономный округ,10,Салехардская городская,dab6b997-d3b4-45b1-b201-e0eff4d580bd,14,0,14,1,1,1,0
35,Вологодская область,22,Усть-Кубинская,654efea4-9174-4d39-afc6-c5edea2f3f1d,13,0,13,0,1,1,0
58,Пензенская область,15,Иссинская,32541082-eba1-4a02-b829-0dfaa27b157b,13,0,13,1,1,1,0
66,Свердловская область,19,Кировградская городская,f2ce7dd2-c4e8-43cb-b1aa-3970f3495b79,13,0,13,1,1,1,0
66,Свердловская область,67,Ивдельская городская,5247954a-81d6-4f63-944f-399b051961e8,13,0,13,1,1,1,0
66,Свердловская область,5,Арамильская городская,787d834a-d126-471d-8710-b1ffb45b9a5f,12,0,12,1,1,1,0
89,Ямало-Ненецкий автономный округ,11,Тазовская,f7ed6726-a57d-4ca3-967a-0b6c09a85c22,12,0,12,1,1,1,0
35,Вологодская область,4,Вашкинская,851c27f9-2fe5-4e21-8356-3799c1d89143,11,0,11,0,1,1,0
89,Ямало-Ненецкий автономный округ,4,Муравленковская городская,b27ea875-358d-4e3c-a951-e99a7f9a306d,11,0,11,1,1,1,0
58,Пензенская область,17,Камешкирская,65bcd703-4acf-427f-9389-b379ef6ff34c,10,0,10,1,1,1,0
66,Свердловская область,27,Среднеуральская городская,8deed1d6-148a-420a-95ab-8b8e06fdeee0,10,0,10,1,1,1,0
35,Вологодская область,15,Междуреченская,efd0cf5f-75a1-4526-a173-69c8235b5754,9,0,9,0,1,1,0
42,Кемеровская область - Кузбасс,15,Кемеровская,db6972a0-28f9-4347-8404-3019ed4b644e,9,0,9,1,1,1,0
52,Нижегородская область,44,Первомайская,351f2542-2e83-40e5-a11b-c25cd82aac8f,9,0,9,1,1,1,0
66,Свердловская область,73,Нижнесалдинская городская,da64a5a7-eec9-4de3-bd7e-6665460a4042,8,0,8,1,1,1,0
91,Камчатский край,5,Мильковская,d4f7d3dc-aace-414e-a8b5-dd105a6e1fb4,8,0,8,1,1,1,0
91,Камчатский край,12,Олюторская,39cfa333-927e-4e3b-ab88-88bcf45b9324,8,0,8,1,1,1,0
91,Камчатский край,14,Тигильская,8df92bb8-cc17-47fe-b435-7df9bf5d2efd,8,0,8,1,1,1,0
66,Свердловская область,51,Дегтярская городская,c40b3407-a103-4266-9687-aec36d5366e1,7,0,7,1,1,1,0
91,Камчатский край,9,Усть-Большерецкая,9fb00437-59dd-41cb-99e5-aa46b77a3589,7,0,7,1,1,1,0
66,Свердловская область,18,Верхнетуринская городская,fe7a0c43-a428-4b94-b864-8bdbe8e4a795,6,0,6,1,1,1,0
66,Свердловская область,40,Рефтинская поселковая,1e6b3ac5-4ac4-426b-b03a-190e8366039c,6,0,6,1,1,1,0
66,Свердловская область,48,Бисертская поселковая,9137204d-c23b-4ea8-9167-f63fb09ddae7,6,0,6,1,1,1,0
66,Свердловская область,49,Верхнетагильская городская,3be2255d-522d-422e-b425-deb9ec9cfb42,6,0,6,1,1,1,0
66,Свердловская область,80,Таборинская,375d95bc-b421-49c6-abcc-d1b57751e343,6,0,6,1,1,1,0
91,Камчатский край,11,Карагинская,bfda8244-cbe0-407d-828d-c3cbe1e59e48,6,0,6,1,1,1,0
42,Кемеровская область - Кузбасс,15,Кемеровская,0d23e416-e1d6-42cc-abc1-a050f7a76d20,5,0,5,1,1,1,0
66,Свердловская область,26,Свободненская поселковая,9f3ff982-89a2-4a67-b036-918f35a49973,5,0,5,1,1,1,0
66,Свердловская область,38,Малышевская поселковая,9885b3e8-adeb-4ed9-9383-6cabd558bc7e,5,0,5,1,1,1,0
66,Свердловская область,65,Волчанская городская,760843cc-a674-4fb6-a3ca-1fd2db99c85f,5,0,5,1,1,1,0
66,Свердловская область,66,Гаринская,12a5615c-a326-49e0-8d61-a8fac8d6228b,4,0,4,1,1,1,0
89,Ямало-Ненецкий автономный округ,2,Красноселькупская,3d401a6e-6b1d-4ae5-ae54-97e278008c6c,4,0,4,1,1,1,0
66,Свердловская область,76,Пелымская поселковая,80e55671-8dba-4e0c-8e0b-cb36a4a4d9bc,3,0,3,1,1,1,0
74,Челябинская область,12,Локомотивная поселковая,87f27813-6dd1-4f41-a920-f687bf48b3bf,3,0,3,1,1,1,0
91,Камчатский край,2,Быстринская,cee40a17-e434-42a5-a98e-251a61e11646,3,0,3,1,1,1,0
66,Свердловская область,31,Верхнедубровская поселковая,638504bc-871d-4620-a3e8-2b18984afec8,2,0,2,1,1,1,0
66,Свердловская область,50,Верх-Нейвинская поселковая,85282764-6235-4549-9621-2ce7e1a4c770,2,0,2,1,1,1,0
66,Свердловская область,11,Уральская поселковая,ef12e922-b29b-4e5c-b01d-687173bd73a4,1,0,1,1,1,1,0
66,Свердловская область,59,Староуткинская поселковая,7dc9635e-92dc-450d-8f5f-6b64b010d001,1,0,1,1,1,1,0
12,Республика Марий Эл,1,Волжская городская,772a739f-6275-418d-8940-3e9dcdcc62fd,24,24,0,0,0,0,0
12,Республика Марий Эл,2,Звениговская,a2b76255-53ae-4650-8741-9e052d3bddfa,41,41,0,0,0,0,0
12,Республика Марий Эл,4,Килемарская,8c8c39ec-3e70-4088-9980-ec14ae3733fc,14,14,0,0,0,0,0
12,Республика Марий Эл,5,Козьмодемьянская,5093d228-72cf-481e-bcb6-eaa4305f393f,16,16,0,0,0,0,0
12,Республика Марий Эл,6,Куженерская,f2b6331e-7f46-4a1f-9c78-4c07f8b765a5,18,18,0,0,0,0,0
12,Республика Марий Эл,7,Мари-Турекская,dec1c19c-ad02-4c07-b221-7bbd598cb08b,19,19,0,0,0,0,0
12,Республика Марий Эл,8,Медведевская,06be4c6d-0a35-4e61-b412-706dae9ff015,50,50,0,0,0,0,0
12,Республика Марий Эл,9,Моркинская,ee41716a-438c-4b3b-a602-9eb3b025178d,28,28,0,0,0,0,0
12,Республика Марий Эл,10,Новоторъяльская,dd0c8a49-a22d-4b43-8525-be926477c94a,19,19,0,0,0,0,0
12,Республика Марий Эл,11,Оршанская,22362533-d4d0-48b7-90da-b8463fd0b628,17,17,0,0,0,0,0
12,Республика Марий Эл,12,Параньгинская,a810122a-d2cd-4103-9115-6e411db8b38d,16,16,0,0,0,0,0
12,Республика Марий Эл,13,Сернурская,1327eb5a-cb15-4cea-a7ec-8ec7557868a8,20,20,0,0,0,0,0
12,Республика Марий Эл,14,Советская,1041a060-7016-4a91-b811-614caaf3a904,21,21,0,0,0,0,0
12,Республика Марий Эл,15,Юринская,9fbd2530-312f-4956-9ec4-16d8e7d2f7fc,13,13,0,0,0,0,0
12,Республика Марий Эл,16,Волжская,1f22f146-96b2-4a78-9d07-d3115abd79de,20,20,0,0,0,0,0
12,Республика Марий Эл,17,Горномарийская,e6654c1f-a947-4bba-bad2-c4d02d953dee,37,37,0,0,0,0,0
27,Хабаровский край,1,Амурская,fff39e41-8361-485e-96df-9e4a3b17871b,42,42,0,0,0,0,0
27,Хабаровский край,2,Аяно-Майская,cfaad3f8-69c2-4f8d-9419-ae0addc332c1,4,4,0,0,0,0,0
27,Хабаровский край,3,Бикинская,5b3f7368-ab3b-4b6d-afc4-4ee302c7d9db,19,19,0,0,0,0,0
27,Хабаровский край,5,Верхнебуреинская,0cc46358-3e73-4700-b1e8-aea8102dbaa9,22,22,0,0,0,0,0
27,Хабаровский край,6,Вяземская,d907c98f-3ef5-43f0-b1fe-9a6b75269698,30,30,0,0,0,0,0
27,Хабаровский край,7,Лазовская,f53331a8-7ff5-4898-a2f5-e9ca7ececd37,41,41,0,0,0,0,0
27,Хабаровский край,8,Осипенковская,a784804d-d05a-48d1-928a-b743b577714f,7,7,0,0,0,0,0
27,Хабаровский край,10,Комсомольская городская,2abf3857-1820-4e03-a4a2-a4945a9ce628,100,100,0,0,0,0,0
27,Хабаровский край,11,Комсомольская,46535a91-f4d4-4c38-807b-f26bc71ac378,29,29,0,0,0,0,0
27,Хабаровский край,12,Нанайская,49e53397-20e5-4fea-ab49-6ca429459848,19,19,0,0,0,0,0
27,Хабаровский край,13,Николаевская,2734db9f-9311-4128-a118-2d5f85e1f2d1,36,36,0,0,0,0,0
27,Хабаровский край,14,Охотская,fe1bb13c-dd5b-46dd-a934-058544188af6,15,15,0,0,0,0,0
27,Хабаровский край,16,Солнечная,462474f1-4738-43b0-b327-52ba1c2263cd,21,21,0,0,0,0,0
27,Хабаровский край,17,Тугуро-Чумиканская,8e05c980-863b-4f40-bbbb-825ba09c42be,5,5,0,0,0,0,0
27,Хабаровский край,18,Ульчская,4b12a1c4-a67b-4399-9718-1ece950e7cb1,25,25,0,0,0,0,0
27,Хабаровский край,20,"Хабаровск, Индустриальная",d25a632a-d03f-48f3-9f18-07daa2b9252e,81,81,0,0,0,0,0
27,Хабаровский край,23,"Хабаровск, Центральная",e842f548-6c70-4083-93a1-3868c893ca01,30,30,0,0,0,0,0
27,Хабаровский край,24,Хабаровская (ОИК 73),1e7086c4-16a7-4a53-8efc-2fc0d259e5f7,22,22,0,0,0,0,0
27,Хабаровский край,24,Хабаровская (ОИК 74),e8cedc14-3bab-47da-ab3d-82e36dc2f5bb,33,33,0,0,0,0,0
28,Амурская область,16,города Райчихинск,af0f3f6b-2032-4cd6-90b7-68c8ba12e2d3,11,11,0,0,0,0,0
38,Иркутская область,37,Усть-Илимская городская,ac08ed8a-34b9-41f7-af45-296b4de888c5,40,40,0,0,0,0,0
64,Саратовская область,39,"Саратов, Гагаринская - 164",1a864e1f-45fe-4992-887b-243f77cd0c4f,12,12,0,0,0,0,0
64,Саратовская область,39,"Саратов, Гагаринская - 165",f136561f-1725-4d57-8f47-e7a7b128aa85,5,5,0,0,0,0,0
77,город Москва,1,район Богородское,442d0e23-509c-473d-849f-1029f2a898b2,14,14,0,0,0,0,0
77,город Москва,2,район Вешняки,6ca12c2f-7e1a-4bb6-bdeb-d7af12b6ab5b,15,15,0,0,0,0,0
77,город Москва,3,район Восточное Измайлово,2b4d0a86-cd57-48ba-a225-b4edd977eed8,8,8,0,0,0,0,0
77,город Москва,4,район Гольяново,979c4ba3-8e8e-4260-90c1-3a879546857f,19,19,0,0,0,0,0
77,город Москва,5,район Ивановское,ff781a8c-0c86-4cd0-9611-c21bb85ccaef,14,14,0,0,0,0,0
77,город Москва,6,район Измайлово,47ebe484-b4fe-4175-80cb-70856d8ade97,16,16,0,0,0,0,0
77,город Москва,7,район Косино-Ухтомский,a096b91a-f118-4998-b6fc-5d4ca77ede7c,7,7,0,0,0,0,0
77,город Москва,8,район Метрогородок,5449a64c-b94a-4238-a1bf-828e7d79a496,6,6,0,0,0,0,0
77,город Москва,9,район Новокосино,3dfe055b-1f9f-489a-a872-deee143c8582,11,11,0,0,0,0,0
77,город Москва,10,район Новогиреево,bf8edff7-8525-4a3f-9698-372a027bf100,10,10,0,0,0,0,0
77,город Москва,11,район Перово,38e51c4a-0148-4ae0-af07-22e413f563dd,17,17,0,0,0,0,0
77,город Москва,12,район Восточный,716921e3-f74d-4b3a-9cb3-3b7cb9b16eed,3,3,0,0,0,0,0
77,город Москва,13,район Преображенское,15c3fa45-6646-4b5d-98c5-356c76863575,9,9,0,0,0,0,0
77,город Москва,14,район Северное Измайлово,3ec25dfe-373b-491f-a03d-f2951791463d,14,14,0,0,0,0,0
77,город Москва,15,район Соколиная гора,c3055882-7ce3-4d9b-9c94-d647a1248ba0,16,16,0,0,0,0,0
77,город Москва,16,район Сокольники,4cd5ba94-34e1-4e29-bef2-572a1330ef1e,8,8,0,0,0,0,0
77,город Москва,17,район Внуково,f628a429-60fb-48b9-b390-477c8d38b675,12,12,0,0,0,0,0
77,город Москва,18,район Дорогомилово,3e9d119d-ad0d-40ff-bb41-8870c949cb01,9,9,0,0,0,0,0
77,город Москва,19,район Крылатское,a8810e08-e0ce-4b36-b44b-750386ac1106,8,8,0,0,0,0,0
77,город Москва,20,район Кунцево,be46f5ea-72dd-43af-8311-09fc3742855e,15,15,0,0,0,0,0
77,город Москва,22,Можайский район,1a3708b2-39b7-41a4-b9ee-efea2ee11cc0,16,16,0,0,0,0,0
77,город Москва,24,район Ново-Переделкино,1a78fded-2183-447f-bf10-951bf288bf0b,13,13,0,0,0,0,0
77,город Москва,25,район Очаково-Матвеевское,75832b9f-573d-462d-9183-7948cc6ef905,12,12,0,0,0,0,0
77,город Москва,26,район Проспект Вернадского,723e5246-3133-4c3e-8007-1dfb98decd54,8,8,0,0,0,0,0
77,город Москва,27,район Раменки,a476a73a-26a0-4feb-999e-fd45aabe219c,16,16,0,0,0,0,0
77,город Москва,28,район Солнцево,ce3fa72a-a6bb-4d0a-9806-4ae67f362ce2,16,16,0,0,0,0,0
77,город Москва,29,район Тропарево-Никулино,d3d0371e-2295-4fd9-bd11-69fd7b0f12de,11,11,0,0,0,0,0
77,город Москва,30,район Филевский парк,7d6a7a7c-2ec6-4e7e-bda7-5fd1659986fc,13,13,0,0,0,0,0
77,город Москва,31,район Фили-Давыдково,dcbe6c25-56dd-4dc1-8af5-621cb9d8ea36,14,14,0,0,0,0,0
77,город Москва,32,район Силино,74ef6124-99fd-4059-a4bc-aff96ca27ee2,4,4,0,0,0,0,0
77,город Москва,33,район Крюково,f207220c-5de5-420d-971a-cb31440688c1,13,13,0,0,0,0,0
77,город Москва,34,район Старое Крюково,7b8fbe5d-0727-4394-9586-8b4f3fdd0d9c,6,6,0,0,0,0,0
77,город Москва,35,район Матушкино,529f489e-bddd-43e9-865d-b4d32ef41fb9,5,5,0,0,0,0,0
77,город Москва,37,район Аэропорт,91f1d944-fb9d-43ac-9f24-39dccb996f17,9,9,0,0,0,0,0
77,город Москва,38,район Беговой,ec4b64ef-04ea-43d2-906b-213b4e20881b,6,6,0,0,0,0,0
77,город Москва,39,Бескудниковский район,afd742b3-8dd4-46b0-b615-2c1ec0d2025f,10,10,0,0,0,0,0
77,город Москва,40,район Савелки,96e7a05b-79cf-4fa2-9ec5-b228e1e721fb,5,5,0,0,0,0,0
77,город Москва,41,Войковский район,db949df7-7bf6-4184-abdb-4e58294daff7,10,10,0,0,0,0,0
77,город Москва,42,район Восточное Дегунино,0dafaec8-d834-4360-8118-b0eb592ee07a,8,8,0,0,0,0,0
77,город Москва,43,Головинский район,8ecdaca4-acb9-4598-9d07-35cb684471a9,13,13,0,0,0,0,0
77,город Москва,44,Дмитровский район,445c53fc-f428-45a2-a478-40ee3539a2d4,9,9,0,0,0,0,0
77,город Москва,45,район Западное Дегунино,e1e634a3-1264-4c30-b774-e6dc303b155d,11,11,0,0,0,0,0
77,город Москва,46,район Коптево,c8df3896-487d-4a7e-bf17-79546d27cf44,11,11,0,0,0,0,0
77,город Москва,47,район Левобережный,f2e24162-e342-41c3-a8c0-8d5c45a5d510,7,7,0,0,0,0,0
77,город Москва,48,Молжаниновский район,642ae2ed-83b3-44e0-a151-3bc4e6953b5f,2,2,0,0,0,0,0
77,город Москва,49,Савеловский район,45361c41-aafe-4709-9acc-573c1de64ce6,7,7,0,0,0,0,0
77,город Москва,50,район Сокол,52775b00-12b1-445e-840c-3858d4df8431,7,7,0,0,0,0,0
77,город Москва,51,Тимирязевский район,f10c90d1-322d-4c66-85ec-5f26fcfe29fb,9,9,0,0,0,0,0
77,город Москва,52,район Ховрино,4acc60b2-b50d-4dee-8775-42c3ed2d1d7c,9,9,0,0,0,0,0
77,город Москва,53,Хорошевский район,1bc42053-1da5-403b-b519-240513dffda0,10,10,0,0,0,0,0
77,город Москва,54,Алексеевский район,d3946a78-061f-4dac-a17f-efe95223d626,6,6,0,0,0,0,0
77,город Москва,55,Алтуфьевский район,71a2384a-ff94-45e6-8f53-e57356f7d129,6,6,0,0,0,0,0
77,город Москва,56,Бабушкинский район,02b22505-4020-43f1-87ae-33c5fd8697c8,6,6,0,0,0,0,0
77,город Москва,57,район Бибирево,feed83bd-6c54-4796-bed0-59266d98785d,13,13,0,0,0,0,0
77,город Москва,58,Бутырский район,2b48936e-ad4d-425a-aea5-745b6fe240ae,5,5,0,0,0,0,0
77,город Москва,59,район Лианозово,ef6738f0-689f-442b-a316-45c03c229abb,8,8,0,0,0,0,0
77,город Москва,60,Лосиноостровский район,8d66ed1a-97c7-4a34-9abd-007f3f8ac489,9,9,0,0,0,0,0
77,город Москва,61,район Марфино,ce3db860-90d5-45b5-8df1-d75f571b44b7,4,4,0,0,0,0,0
77,город Москва,62,район Марьина роща,3cc5b7cd-fe35-4011-af5d-38005faa0777,7,7,0,0,0,0,0
77,город Москва,63,Останкинский район,2830cf2a-f6ff-4daa-96ae-7d8bda9936ce,7,7,0,0,0,0,0
77,город Москва,64,район Отрадное,98b009c2-adad-41b5-9ea1-4f085079910d,16,16,0,0,0,0,0
77,город Москва,65,район Ростокино,04886f23-e640-46e7-8007-783fbf1cb89c,4,4,0,0,0,0,0
77,город Москва,66,район Свиблово,aa4ebe80-4986-44b7-bdd0-b43875ab2cfd,7,7,0,0,0,0,0
77,город Москва,67,район Северное Медведково,7ef18d94-ce9f-4583-b877-a48e577e46f7,9,9,0,0,0,0,0
77,город Москва,68,район Северный,af3d2ed2-6ccf-4cdb-98be-b8a1a01acd9e,6,6,0,0,0,0,0
77,город Москва,69,район Южное Медведково,988fd17e-5d44-466b-a573-61b38ae8c5eb,10,10,0,0,0,0,0
77,город Москва,70,Ярославский район,2a73ea2a-3f49-4f18-af12-c0ef5e0c82e4,9,9,0,0,0,0,0
77,город Москва,71,район Куркино,3838d3eb-da03-420d-ab43-24788f0ac051,6,6,0,0,0,0,0
77,город Москва,72,район Митино,48c1e266-b850-4157-84ed-5988b9e0c7a8,20,20,0,0,0,0,0
77,город Москва,73,район Покровское-Стрешнево,d1ee68a4-33c1-423a-a4cd-6a4dbc9049fe,11,11,0,0,0,0,0
77,город Москва,74,район Северное Тушино,247cd701-95d0-448f-b980-54ed8a219595,15,15,0,0,0,0,0
77,город Москва,75,район Строгино,0bf6cd91-6107-4eb0-b201-64089759c21a,12,12,0,0,0,0,0
77,город Москва,76,район Хорошево-Мневники,dbce6c93-e7e5-48a0-a889-ca2b3134a476,21,21,0,0,0,0,0
77,город Москва,77,район Щукино,dfee89cd-9165-4aa8-9503-5250fb91e9a8,10,10,0,0,0,0,0
77,город Москва,78,район Южное Тушино,5628292a-44bc-432c-bc01-edea93183d54,13,13,0,0,0,0,0
77,город Москва,79,район Арбат,cd4aac12-c22b-4a7d-b4b7-a23cf41fb3a8,4,4,0,0,0,0,0
77,город Москва,80,Басманный район,387c664c-f1a2-4332-8112-8e21a57c23e1,17,17,0,0,0,0,0
77,город Москва,81,район Замоскворечье,ed2518fa-bb3c-4134-88f5-9ee765c2bfe7,7,7,0,0,0,0,0
77,город Москва,82,Красносельский район,158966bd-89d8-4b48-b0ec-e26e6e34c6e9,6,6,0,0,0,0,0
77,город Москва,83,Мещанский район,54b5991f-0d9d-4a16-9ad0-a36e386aa465,6,6,0,0,0,0,0
77,город Москва,84,Пресненский район,915c31d3-82c9-4ee9-80d8-a97d6db2d945,18,18,0,0,0,0,0
77,город Москва,85,Таганский район,ff22976a-c49f-4323-8a82-fb627c8329bf,17,17,0,0,0,0,0
77,город Москва,86,Тверской район,278a067b-7648-459b-98d9-3d432670d295,12,12,0,0,0,0,0
77,город Москва,87,район Хамовники,59e249a2-fd87-4113-b32b-372de5cfbce6,11,11,0,0,0,0,0
77,город Москва,88,район Якиманка,c59330ec-e529-463f-b575-d82330858447,4,4,0,0,0,0,0
77,город Москва,89,район Выхино-Жулебино,41354416-9f16-4ff8-ac81-fb13c2d7ae23,21,21,0,0,0,0,0
77,город Москва,90,район Капотня,36821bb4-461e-4faf-b1d8-675cb5750f42,2,2,0,0,0,0,0
77,город Москва,91,район Кузьминки,91dd04ba-a952-4a4d-af31-43fdcc04551c,15,15,0,0,0,0,0
77,город Москва,92,район Лефортово,e9889245-4bb6-4d0f-8f8b-a36fb92e9052,11,11,0,0,0,0,0
77,город Москва,94,район Марьино,941fac19-67ec-4dcb-96c1-bc8195991a5d,29,29,0,0,0,0,0
77,город Москва,95,район Некрасовка,a37bad81-1a8d-4dd9-80d7-43e3bfc8319c,8,8,0,0,0,0,0
77,город Москва,96,Нижегородский район,6f276d79-922b-471d-92d1-fb9edfd5d66b,6,6,0,0,0,0,0
77,город Москва,97,район Печатники,5384fbfa-d488-4516-a20d-b3891d3a63ee,10,10,0,0,0,0,0
77,город Москва,98,Рязанский район,194e07d8-39e6-4ef1-98a2-6a6cb9b6519c,14,14,0,0,0,0,0
77,город Москва,99,район Текстильщики,4f21bfaa-1e24-4f5e-b6e8-db2dd705711e,15,15,0,0,0,0,0
77,город Москва,100,Южнопортовый район,00b18dec-f996-41fa-99f2-fd64886a0d43,11,11,0,0,0,0,0
77,город Москва,101,Академический район,7e40ae33-c2e2-4e10-bb48-a439e8c83749,14,14,0,0,0,0,0
77,город Москва,102,Гагаринский район,fcca807e-5d11-41c9-ab20-8ab44d92e0cf,12,12,0,0,0,0,0
77,город Москва,103,район Зюзино,3cb9b2f4-9375-48d9-878d-5f7b1633b9ef,13,13,0,0,0,0,0
77,город Москва,104,район Коньково,bb89ca3f-7dbc-4354-9f92-ab3761e0bfdd,17,17,0,0,0,0,0
77,город Москва,105,район Котловка,ff70df79-cf0a-4a4d-9617-80a5b12ff25e,9,9,0,0,0,0,0
77,город Москва,106,Ломоносовский район,4cbd6e1a-0da0-448f-8583-e356c6932673,12,12,0,0,0,0,0
77,город Москва,107,Обручевский район,f53de942-a829-44ef-82c5-2f6f6e50f597,10,10,0,0,0,0,0
77,город Москва,108,район Северное Бутово,639ad737-098d-4a42-a44c-a9c189ce4909,14,14,0,0,0,0,0
77,город Москва,109,район Теплый Стан,70f4bb5f-46e6-4983-9ff2-5dcd79566e64,13,13,0,0,0,0,0
77,город Москва,110,район Черемушки,262d141b-d745-4bb0-8a25-65952c613854,16,16,0,0,0,0,0
77,город Москва,111,район Южное Бутово,aa3f7067-f0c9-4b64-b13f-393cc096bb50,25,25,0,0,0,0,0
77,город Москва,112,район Ясенево,2000b07e-9855-4f6b-bee2-f2d4b546eb17,20,20,0,0,0,0,0
77,город Москва,113,район Бирюлево Восточное,14fec38a-9151-4858-a129-f0c50ff115ad,14,14,0,0,0,0,0
77,город Москва,114,район Бирюлево Западное,8b6beb33-4ff7-4e1e-9e69-6f83c3641e06,7,7,0,0,0,0,0
77,город Москва,115,район Братеево,6441950a-89e9-4774-b37b-d50e5006f2d3,8,8,0,0,0,0,0
77,город Москва,116,Даниловский район,c1d9c4b1-f05b-4e01-a10d-a16d43f16624,12,12,0,0,0,0,0
77,город Москва,117,Донской район,2505359b-b75c-490d-946e-d4e8b80faf48,7,7,0,0,0,0,0
77,город Москва,119,район Зябликово,85d3b467-45a2-4ce9-b50d-ca942e2d3907,8,8,0,0,0,0,0
77,город Москва,120,район Москворечье-Сабурово,1ce20dec-33fd-4c31-bc71-9c130ee627d1,7,7,0,0,0,0,0
77,город Москва,121,район Нагатино-Садовники,aa399b35-f9fd-4142-add2-9528ebf9d51a,9,9,0,0,0,0,0
77,город Москва,122,район Нагатинский затон,d5081dd5-84ec-4b87-a147-cf71d50d03a7,8,8,0,0,0,0,0
77,город Москва,123,Нагорный район,f63d2172-ad4d-48fc-92ca-a74b2c677ac2,9,9,0,0,0,0,0
77,город Москва,124,район Орехово-Борисово Северное,ea52b6f3-413d-416b-947e-376635cb266b,12,12,0,0,0,0,0
77,город Москва,125,район Орехово-Борисово Южное,39432a98-2cb0-4751-bd22-7881297af723,11,11,0,0,0,0,0
77,город Москва,128,район Царицыно,9d283bbc-6762-4800-ba4b-0caf2a6af538,8,8,0,0,0,0,0
77,город Москва,129,район Чертаново Северное,68b27535-6907-4836-bc09-caed6dcd66a6,9,9,0,0,0,0,0
77,город Москва,130,район Чертаново Центральное,419ee77a-af44-4fca-8bee-dcacdb9f4a80,13,13,0,0,0,0,0
77,город Москва,131,район Чертаново Южное,6f762007-d9bb-476f-816a-c52e44ebc820,14,14,0,0,0,0,0
77,город Москва,132,район Филимонковский,41971d58-82e6-4930-b1b9-e8c9ccb72ef7,15,15,0,0,0,0,0
77,город Москва,133,район Троицк,47513c3e-4e56-4105-b372-7b1d1eafb415,16,16,0,0,0,0,0
77,город Москва,134,район Коммунарка,1b741163-22d2-4628-a6d1-fed95f45a586,18,18,0,0,0,0,0
77,город Москва,135,район Щербинка,960bb8d0-4656-4424-a722-ead33a04fede,18,18,0,0,0,0,0
77,город Москва,136,район Краснопахорский,ce954f9b-5b38-4cca-bea2-ce477887a356,5,5,0,0,0,0,0
77,город Москва,137,район Бекасово,94a4e2b8-303c-44c9-b5ef-9dff7fe9c024,4,4,0,0,0,0,0
77,город Москва,138,район Вороново,260c5ba6-fc76-4555-9070-7b1d7b6877ac,6,6,0,0,0,0,0
78,город Санкт-Петербург,213,ТИК №35 (213),0f00361f-342a-4534-b300-d912bf03e17b,37,37,0,0,0,0,0
78,город Санкт-Петербург,213,ТИК №54 (213),12615ab2-ba46-4c59-93d7-a7ece058eaf5,26,26,0,0,0,0,0
78,город Санкт-Петербург,213,ТИК №37(213),79763f48-343b-432f-bd5b-224d02806849,23,23,0,0,0,0,0
78,город Санкт-Петербург,213,ТИК №14 (213),ff5e08f4-e41b-4bcb-a9d1-f5a5b1b6b6f9,33,33,0,0,0,0,0
78,город Санкт-Петербург,214,ТИК №39 (214),1cd1b31b-2513-437f-b643-36aca9d307ca,22,22,0,0,0,0,0
78,город Санкт-Петербург,214,ТИК №34 (214),386175f8-9fc9-41ba-a914-21d7c814cacd,23,23,0,0,0,0,0
78,город Санкт-Петербург,214,ТИК №40 (214),65992dbb-e849-4254-9f94-cacd9100357c,25,25,0,0,0,0,0
78,город Санкт-Петербург,214,ТИК №11 (214),72038322-46fe-4f20-80f7-359179e5a3c0,38,38,0,0,0,0,0
78,город Санкт-Петербург,214,ТИК №10 (214),8f14be9d-42df-4121-9710-4e09eba8efdb,24,24,0,0,0,0,0
78,город Санкт-Петербург,216,ТИК №7 (216),50df46f5-e9b3-4c27-9648-4d9d25bccf62,40,40,0,0,0,0,0
78,город Санкт-Петербург,216,ТИК №31 (216),9754cc6c-3f53-49eb-9056-e7cd89e63008,8,8,0,0,0,0,0
78,город Санкт-Петербург,216,ТИК №3 (216),9c0f59a7-af0f-492a-9d94-cc24039af4a4,22,22,0,0,0,0,0
78,город Санкт-Петербург,217,ТИК №29 (217),34f8a4eb-96ca-4a3b-ac38-b3184805c34f,24,24,0,0,0,0,0
78,город Санкт-Петербург,217,ТИК №16 (217),44f6e16e-890a-468c-99f3-13b4073b5711,8,8,0,0,0,0,0
78,город Санкт-Петербург,217,ТИК №23 (217),507a172b-903f-4bb3-a165-940a8ebd8dce,26,26,0,0,0,0,0
78,город Санкт-Петербург,217,ТИК №21 (217),b6693fbd-8f11-4671-a73d-589d93db8ad9,55,55,0,0,0,0,0
78,город Санкт-Петербург,218,ТИК №1 (218),27998b03-5d8b-4f28-bde3-927e01574d85,8,8,0,0,0,0,0
78,город Санкт-Петербург,218,ТИК №59 (218),da708266-7b69-4c99-87f6-5e1c3bbfd293,30,30,0,0,0,0,0
79,Еврейская автономная область,2,Биробиджанская городская,7982f0b6-d760-4db3-a57e-f8b8ad38304d,38,38,0,0,0,0,0
79,Еврейская автономная область,3,Ленинская,479a6bb9-542b-4c94-b7bb-1b08f2ce72f9,28,28,0,0,0,0,0
79,Еврейская автономная область,4,Облученская,87c6845d-9ffc-42b6-9c35-c86ead344363,27,27,0,0,0,0,0
79,Еврейская автономная область,5,Октябрьская,c9736dad-7b7a-498d-8b35-ea7a4eebba6a,20,20,0,0,0,0,0
79,Еврейская автономная область,6,Смидовичская,2e54ba20-032c-427b-b4c6-963fd523af9c,22,22,0,0,0,0,0
79,Еврейская автономная область,12,Биробиджанская,2c5d870a-52a3-4bf0-bf71-28ef1a813cbb,25,25,0,0,0,0,0
